Date,"Type of Order",Location,"ARE YOU ENTERING PRODUCTION FROM CENTRAL PROCESSING OR ARE YOU LEE HARVARD STORE?  (THIS IS ONLY FOR CENTRAL PROCESSING OR LEE HARVARD)",Donors,"Rotated Apparel","Rotated Wares","Rotated Books","Rotated Shoes","Apparel Gaylords Used","Wares Gaylords Used","Book Gaylords Used","Shoe Gaylords Used","Wares Production","Apparel Production","Full Totes","Empty Totes","Full Duros","Empty Duros","Full Blue Bins","Empty Blue Bins","Full Gaylords","Empty Gaylords","Full Containers","Empty Containers","Empty Pallets","Totes Returned","Duros Returned","Blue Bins Returned","Gaylords Returned","Pallets Returned","Containers Returned","Totes Requested","Duros Requested","Blue Bins Requested","Gaylords Requested","Pallets Requested","Containers Requested","Wares Gaylords Requested","Apparel Gaylords Requested","Electrical Gaylords Requested","Accessories Gaylords Requested","Books Gaylords Requested","Shoes Gaylords Requested","Saved Winter Requested","Saved Summer Requested","Saved Halloween Requested","Saved Christmas Requested","Wares Gaylords Returned","Apparel Gaylords Returned","Electrical Gaylords Returned","Accessories Gaylords Returned","Books Gaylords Returned","Shoes Gaylords Returned","Saved Winter Returned","Saved Summer Returned","Saved Halloween Returned","Saved Christmas Returned","Outlet Apparel","Outlet Shoes","Outlet Metal","Outlet Wares","Outlet Accessories","Outlet Electrical","eCom Containers Sent",Notes
05/19/2026,"End of Day/Equipment Count",University,,,,,,,,,,,,,145,225,10,0,23,0,37,33,5,8,38,,,,,,,,,,,,,,,,,,,,,,,17,8,,,1,,,,,,1,,,1,,,,
05/19/2026,"End of Day/Equipment Count",Middleburg,,,,,,,,,,,,,239,104,14,9,13,12,8,34,9,4,21,,,,,,,,,,,,,,,,,,,,,,,,,,,,,,,,,9,1,,7,,1,2,
05/19/2026,"End of Day/Equipment Count","Route 62",,,,,,,,,,,,,366,123,9,10,29,4,15,22,5,6,32,,,,,,,,,,,,,,,,,,,,,,,,,,,,,,,,,6,,,,,,,"1 outlet of books"
05/19/2026,"End of Day/Equipment Count",Alliance,,,,,,,,,,,,,380,143,20,,23,5,32,8,8,4,24,,,,,,,,,,,,,,,,,,,,,,,,,,,,,,,,,2,1,,4,1,,1,"1 gaylord of cardboard sending back 60 totes and 6 blue bins"
05/19/2026,"End of Day/Equipment Count","Washington Square",,,,,,,,,,,,,,,,,,,6,5,1,4,4,,,,,,,,,,,,,,,,,,,,,,,,,,,,,,,,,,,,,,,,"Requesting 2 gaylords of scanned books; Sending out 1 outlet gaylord of books; Please take the 4 empty containers!"
05/19/2026,"End of Day/Equipment Count",Massillon,,,,,,,,,,,,,365,135,17,3,6,14,36,19,5,1,24,,,,,,,,,,,,,,,,,,,,,,,,,,,,,,,,,1,,,3,,,,"One gaylord of cardboard"
05/19/2026,"End of Day/Equipment Count","North Canton",,,,,,,,,,,,,284,226,19,1,14,6,13,13,10,0,14,,,,,,,,,,,,,,,,,,,,,,,,2,,,,,,,,,7,,,6,,,2,
05/19/2026,"End of Day/Equipment Count",Willowick,,,,,,,,,,,,,1595,171,42,0,6,3,0,12,9,4,27,,,,,,,,,,,,,,,,,,,,,,,,,,,,1,,,,,21,,,17,2,,,"As many gaylords need taken as possible. They are not stacked due to them not being taken and a large portion of gaylords being taller."
05/19/2026,"End of Day/Equipment Count",Perry,,,,,,,,,,,,,366,134,12,7,16,2,25,23,3,3,26,,,,,,,,,,,,,,,,,,,,,,,,,,,,,,,,,6,,,4,,,'-1,"1 Books, 1 Cardboard"
05/19/2026,"End of Day/Equipment Count",Weirton,,,,,,,,,,,,,190,293,,,,,,,,,,,,,,,,,,,,,,,,,,,,,,,,,,,,,,,,,,4,,,1,,,0,
05/19/2026,Donors,"Washington Square ADC",,23,,,,,,,,,,,,,,,,,,,,,,,,,,,,,,,,,,,,,,,,,,,,,,,,,,,,,,,,,,,,,
05/19/2026,Donors,"Washington Square ADC",,23,,,,,,,,,,,,,,,,,,,,,,,,,,,,,,,,,,,,,,,,,,,,,,,,,,,,,,,,,,,,,
05/19/2026,"End of Day/Equipment Count","Washington Square ADC",,,,,,,,,,,,,3,3.5,1.5,4,1,7,1,,,,,,,,,,,,,,,,,,,,,,,,,,,,,,,,,,,,,,,,,,,,
05/19/2026,Donors,"Westlake ADC",,41,,,,,,,,,,,,,,,,,,,,,,,,,,,,,,,,,,,,,,,,,,,,,,,,,,,,,,,,,,,,,
05/19/2026,Donors,Wintersville,,18,,,,,,,,,,,,,,,,,,,,,,,,,,,,,,,,,,,,,,,,,,,,,,,,,,,,,,,,,,,,,
05/19/2026,"End of Day/Equipment Count",Painesville,,,,,,,,,,,,,185,315,10,0,17,6,6,18,2,11,0,,,,,,,,,,,,,,,,,,,,,,,0,4,,,2,1,,,,,8,,,6,1,1,,2
05/19/2026,"End of Day/Equipment Count",Transportation,,,,,,,,,,,,,432,45,5,18,16,6,40,15,9,6,12,,,,,,,,,,,,,,,,,,,,,,,,,,,,,,,,,6,,,0,,,1,
05/19/2026,"Transfer and Receive","Washington Square ADC",,,,,,,,,,,,,,,,,,,,,,,,3,1,1,1,,,1,1,2,,,,,,,,,,,,,,,,,,,,,,,,,,,,,,,
05/19/2026,"End of Day/Equipment Count",Wintersville,,,,,,,,,,,,,,,,,,,,,,,,,,,,,,,,,,,,,,,,,,,,,,,,,,,,,,,,3,,,1,1,,2,
05/19/2026,"End of Day/Equipment Count","Snow Road",,,,,,,,,,,,,255,345,8,1,12,5,23,4,8,2,10,,,,,,,,,,,,,,,,,,,,,,,,,,,,,,,,,5,,,1,,,,"1 cardboard"
05/19/2026,"End of Day/Equipment Count",Strongsville,,,,,,,,,,,,,,,,,,,,,,,,,,,,,,,,,,,,,,,,,,,,,,5,,,,,,,,,,2,,,1,,,,
05/19/2026,"End of Day/Equipment Count","Outlet Canton",,,156,100,8,16,,,,,,,,,,,,,,,,,,,,,,,,,,,,,,,,,,,,,,,,,,,,,,,,,,,,,,,,,
05/19/2026,"End of Day/Equipment Count","Gordon Square",,,,,,,,,,,,,168,194,20,7,15,8,11,21,3,17,12,,,,,,,,,,,,,,,,,,,,,,,2,10,,,1,,,,,,,,,,,,2,
05/19/2026,Donors,Carrollton,,26,,,,,,,,,,,,,,,,,,,,,,,,,,,,,,,,,,,,,,,,,,,,,,,,,,,,,,,,,,,,,
05/19/2026,"End of Day/Equipment Count",Carrollton,,,,,,,,,,,,,255,380,10,4,17,2,31,17,3,0,29,,,,,,,,,,,,,,,,,,,,,,,,,,,,,,,,,5,,,3,,,,"60 totes returned"
05/19/2026,"End of Day/Equipment Count",Mayfield,,,,,,,,,,,,,,,,,,,,,,,,,,,,,,,,,,,,,,,,,,,,,,,3,,,,,,,,,4,1,,9,,,2,
05/19/2026,"End of Day/Equipment Count",Foxboro,,,,,,,,,,,,,61,439,19,1,15,10,24,27,4,6,35,,,,,,,,,,,,,,,,,,,,,,,,,,,,,,,,,,,,,,,,
05/19/2026,Donors,"North Royalton ADC",,90,,,,,,,,,,,,,,,,,,,,,,,,,,,,,,,,,,,,,,,,,,,,,,,,,,,,,,,,,,,,,
05/19/2026,Donors,"Tanglewood ADC",,58,,,,,,,,,,,,,,,,,,,,,,,,,,,,,,,,,,,,,,,,,,,,,,,,,,,,,,,,,,,,,
05/19/2026,Donors,"Chesterland ADC",,51,,,,,,,,,,,,,,,,,,,,,,,,,,,,,,,,,,,,,,,,,,,,,,,,,,,,,,,,,,,,,
05/19/2026,"End of Day/Equipment Count","North Royalton ADC",,,,,,,,,,,,,46,,3,,6,,1,,0,,,,,,,,,,,,,,,,,,,,,,,,,,,,,,,,,,,,,,,,,,"2 furniture pallets"
05/19/2026,Donors,"Jackson ADC",,19,,,,,,,,,,,,,,,,,,,,,,,,,,,,,,,,,,,,,,,,,,,,,,,,,,,,,,,,,,,,,
05/19/2026,Donors,"Uniontown ADC",,23,,,,,,,,,,,,,,,,,,,,,,,,,,,,,,,,,,,,,,,,,,,,,,,,,,,,,,,,,,,,,"Need Toilet Paper"
05/19/2026,"End of Day/Equipment Count",Chardon,,,,,,,,,,,,,537,58,14,2,28,10,0,5,2,1,28,,,,,,,,,,,,,,,,,,,,,,,,1,,,,,,,,,4,,3,,,,,"6 duro 1 stack 1 book"
05/19/2026,"End of Day/Equipment Count","Uniontown ADC",,,,,,,,,,,,,17,64,1,4,2,8,,,,,,,,,,,,,,,,,,,,,,,,,,,,,,,,,,,,,,,,,,,,,"Need Toilet Paper"
05/19/2026,Donors,"Hillsdale ADC",,12,,,,,,,,,,,,,,,,,,,,,,,,,,,,,,,,,,,,,,,,,,,,,,,,,,,,,,,,,,,,,
05/19/2026,"End of Day/Equipment Count","Hillsdale ADC",,,,,,,,,,,,,4,67,1,4,1,4,,,,,,,,,,,,,,,,,,,,,,,,,,,,,,,,,,,,,,,,,,,,,
05/19/2026,"End of Day/Equipment Count","Jackson ADC",,,,,,,,,,,,,5,60,0,4,'-1,8,1,4,0,1,4,,,,,,,,,,,,,,,,,,,,,,,,,,,,,,,,,,,,,,,,
05/19/2026,Donors,"Lincoln Way ADC",,22,,,,,,,,,,,,,,,,,,,,,,,,,,,,,,,,,,,,,,,,,,,,,,,,,,,,,,,,,,,,,
05/19/2026,"End of Day/Equipment Count","Lincoln Way ADC",,,,,,,,,,,,,30,,1,,2,,,,,,,,,,,,,,,,,,,,,,,,,,,,,,,,,,,,,,,,,,,,,,
05/19/2026,Donors,"Outlet Cleveland",,3,,,,,,,,,,,,,,,,,,,,,,,,,,,,,,,,,,,,,,,,,,,,,,,,,,,,,,,,,,,,,
05/19/2026,"End of Day/Equipment Count","New Philly",,,,,,,,,,,,,65,435,7,13,8,12,64,4,3,,18,,,,,,,,,,,,,,,,,,,,,,,,,,,,,,,,,2,2,,1,1,,,
05/19/2026,"End of Day/Equipment Count","Outlet Cleveland",,,.104,71,5,10,40,46,2,5,,,,,,,,,,93,,,93,,,,,,,,,,,,,,,,,,,,,,,,,,,,,,,,,,,,,,,,
05/19/2026,"End of Day/Equipment Count","North Olmsted",,,,,,,,,,,,,3,231,2,10,10,8,15,16,1,9,50,,,,,,,,,,,,,,,,,,,,,,,,,,,,,,,,,7,1,1,6,1,,2,"3 books, 2 media"
05/19/2026,"Transfer and Receive","Jackson ADC",,,,,,,,,,,,,,,,,,,,,,,,,,,,,,15,1,1,0,0,'-3,,,,,,,,,,,,,,,,,,,,,,,,,,,,
05/19/2026,"Transfer and Receive","Westlake ADC",,,,,,,,,,,,,,,,,,,,,,,,20,1,1,0,1,,30,1,1,0,0,,,,,,,,,,,,,,,,,,,,,,,,,,,,,
05/19/2026,"Transfer and Receive",Middleburg,,,,,,,,,,,,,,,,,,,,,,,,,,,,,,,,,25,10,,,,,,,,,,,,,,,,,,,,,,,,,,,,,
05/19/2026,"Transfer and Receive","Lincoln Way ADC",,,,,,,,,,,,,,,,,,,,,,,,,,,,,,0,0,0,,,,,,,,,,,,,,,,,,,,,,,,,,,,,,,
05/19/2026,"Transfer and Receive","North Royalton ADC",,,,,,,,,,,,,,,,,,,,,,,,,,,,,,60,4,8,0,0,0,,,,,1,,,,,,,,,,,,,,,,,,,,,,,
05/19/2026,"Transfer and Receive","Tanglewood ADC",,,,,,,,,,,,,,,,,,,,,,,,,,,,,,60,4,6,,10,,,,,,,,,,,,,,,,,,,,,,,,,,,,,Rubberbands
05/19/2026,"Transfer and Receive",Weirton,,,,,,,,,,,,,,,,,,,,,,,,20,,2,,,,,,,,10,,,,,,,,,,,,,,,,,,,,,,,,,,,,,
05/19/2026,"Transfer and Receive","New Philly",,,,,,,,,,,,,,,,,,,,,,,,,,,,,,,,,20,20,,7,8,,,,,,,,,,,,,,,,,,,,,,,,,,"Please do not send raw electrical"
05/19/2026,"Transfer and Receive",Willowick,,,,,,,,,,,,,,,,,,,,,,,,,,,,,,,,,20,19,,,,,,,,,,,,,,,,,,,,,,,,,,,,,
05/19/2026,"Transfer and Receive",Massillon,,,,,,,,,,,,,,,,,,,,,,,,,,,,,,,,,,,5,,6,,,,,,,,,,,,,,,,,,,,,,,,,,
05/19/2026,"Transfer and Receive","North Olmsted",,,,,,,,,,,,,,,,,,,,,,,,,,,,,,,,,25,,,4,6,,,,,,,,,,,,,,,,,,,,,,,,,,
05/19/2026,"Transfer and Receive","Route 62",,,,,,,,,,,,,,,,,,,,,,,,,,,,,,,,,20,20,5,,2,,,,,,,,,,,,,,,,,,,,,,,,,,
05/19/2026,"Transfer and Receive","Washington Square",,,,,,,,,,,,,,,,,,,,,,,,,,,,,,,,,,,,,,,,,,,,,,,,,,,,,,,,,,,,,,,"Requesting 2 gaylords of scanned books"
05/19/2026,"Transfer and Receive",Painesville,,,,,,,,,,,,,,,,,,,,,,,,,,,,,,,,,20,20,,,,,,,,,,,,,,,,,,,,,,,,,,,,,
05/19/2026,"Transfer and Receive",Chardon,,,,,,,,,,,,,,,,,,,,,,,,,,,,,,,,,20,,,,,,,,,,,,,,,,,,,,,,,,,,,,,,
05/18/2026,Donors,"Pepper Pike ADC",,63,,,,,,,,,,,,,,,,,,,,,,,,,,,,,,,,,,,,,,,,,,,,,,,,,,,,,,,,,,,,,
05/19/2026,"Transfer and Receive","Chesterland ADC",,,,,,,,,,,,,,,,,,,,,,,,,,,,,,100,7,7,20,20,0,,,,,,,,,,,,,,,,,,,,,,,,,,,,"Plastic wrap and glass cleaner. Our supplies are running out or already had. Thank you"
05/16/2026,Donors,"Pepper Pike ADC",,45,,,,,,,,,,,,,,,,,,,,,,,,,,,,,,,,,,,,,,,,,,,,,,,,,,,,,,,,,,,,,
05/15/2026,Donors,"Pepper Pike ADC",,33,,,,,,,,,,,,,,,,,,,,,,,,,,,,,,,,,,,,,,,,,,,,,,,,,,,,,,,,,,,,,
05/14/2026,Donors,"Pepper Pike ADC",,,,,,,,,,,,,,,,,,,,,,,,,,,,,,,,,,,,,,,,,,,,,,,,,,,,,,,,,,,,,,,34
05/19/2026,"Transfer and Receive",Carrollton,,,,,,,,,,,,,,,,,,,,,,,,,,,,,,,,,,,4,6,8,,,,,,,,,,,,,,,,,,,,,,,,,,
05/13/2026,Donors,"Pepper Pike ADC",,58,,,,,,,,,,,,,,,,,,,,,,,,,,,,,,,,,,,,,,,,,,,,,,,,,,,,,,,,,,,,,
05/12/2026,Donors,"Pepper Pike ADC",,46,,,,,,,,,,,,,,,,,,,,,,,,,,,,,,,,,,,,,,,,,,,,,,,,,,,,,,,,,,,,,
05/11/2026,Donors,"Pepper Pike ADC",,39,,,,,,,,,,,,,,,,,,,,,,,,,,,,,,,,,,,,,,,,,,,,,,,,,,,,,,,,,,,,,
05/10/2026,Donors,"Pepper Pike ADC",,34,,,,,,,,,,,,,,,,,,,,,,,,,,,,,,,,,,,,,,,,,,,,,,,,,,,,,,,,,,,,,
05/14/2026,Donors,"Washington Square ADC",,17,,,,,,,,,,,,,,,,,,,,,,,,,,,,,,,,,,,,,,,,,,,,,,,,,,,,,,,,,,,,,
05/10/2026,Donors,"Tanglewood ADC",,19,,,,,,,,,,,,,,,,,,,,,,,,,,,,,,,,,,,,,,,,,,,,,,,,,,,,,,,,,,,,,
05/11/2026,Donors,"Lincoln Way ADC",,27,,,,,,,,,,,,,,,,,,,,,,,,,,,,,,,,,,,,,,,,,,,,,,,,,,,,,,,,,,,,,
05/16/2026,Donors,"Shuffel ADC",,15,,,,,,,,,,,,,,,,,,,,,,,,,,,,,,,,,,,,,,,,,,,,,,,,,,,,,,,,,,,,,
05/15/2026,Donors,"Shuffel ADC",,15,,,,,,,,,,,,,,,,,,,,,,,,,,,,,,,,,,,,,,,,,,,,,,,,,,,,,,,,,,,,,
05/14/2026,Donors,"Shuffel ADC",,1,,,,,,,,,,,,,,,,,,,,,,,,,,,,,,,,,,,,,,,,,,,,,,,,,,,,,,,,,,,,,
05/13/2026,Donors,"Shuffel ADC",,13,,,,,,,,,,,,,,,,,,,,,,,,,,,,,,,,,,,,,,,,,,,,,,,,,,,,,,,,,,,,,
05/12/2026,Donors,"Shuffel ADC",,11,,,,,,,,,,,,,,,,,,,,,,,,,,,,,,,,,,,,,,,,,,,,,,,,,,,,,,,,,,,,,
05/11/2026,Donors,"Shuffel ADC",,15,,,,,,,,,,,,,,,,,,,,,,,,,,,,,,,,,,,,,,,,,,,,,,,,,,,,,,,,,,,,,
05/10/2026,Donors,"Shuffel ADC",,5,,,,,,,,,,,,,,,,,,,,,,,,,,,,,,,,,,,,,,,,,,,,,,,,,,,,,,,,,,,,,
05/19/2026,"Transfer and Receive",Wintersville,,,,,,,,,,,,,,,,,,,,,,,,,,,,,,,,,,,,6,,,,,,,,,,,,,,,,,,,,,,,,,,,
05/19/2026,"Transfer and Receive","North Canton",,,,,,,,,,,,,,,,,,,,,,,,,,,,,,,,,20,20,5,,,,,,,,,,,,,,,,,,,,,,,,,,,,
05/19/2026,"Transfer and Receive","Snow Road",,,,,,,,,,,,,,,,,,,,,,,,,,,,,,,,,20,,,2,,,,,,,,,,,,,,,,,,,,,,,,,,,
05/19/2026,"Transfer and Receive",University,,,,,,,,,,,,,,,,,,,,,,,,,,,,,,,,,50,47,,,,,,,,,,,,,,,,,,,,,,,,,,,,,
05/18/2026,"End of Day/Equipment Count",Perry,,,,,,,,,,,,,358,142,26,30,19,0,18,2,3,3,34,,,,,,,,,,,,,,,,,,,,,,,,,,,,,,,,,8,1,,2,,,,
05/18/2026,"End of Day/Equipment Count",Painesville,,,,,,,,,,,,,220,280,10,0,15,8,10,8,1,17,15,,,,,,,,,,,,,,,,,,,,,,,1,12,,,0,,,,,,5,1,,4,1,0,,"one cardboard"
05/18/2026,"End of Day/Equipment Count",Alliance,,,,,,,,,,,,,420,95,20,,22,6,32,3,4,4,9,,,,,,,,,,,,,,,,,,,,,,,,,,,,,,,,,1,,,1,,,2,
05/18/2026,"End of Day/Equipment Count","New Philly",,,,,,,,,,,,,90,410,9,11,10,10,71,6,3,1,19,,,,,,,,,,,,,,,,,,,,,,,,,,,,,,,,,10,0,0,3,0,0,2,"Shipping 1 Grid to Massillon Store"
05/18/2026,"End of Day/Equipment Count","Snow Road",,,,,,,,,,,,,124,376,9,0,8,13,36,10,7,4,14,,,,,,,,,,,,,,,,,,,,,,,,,,,,,,,,,1,1,,3,1,,2,
05/18/2026,"End of Day/Equipment Count",Strongsville,,,,,,,,,,,,,,,,,,,,,,,,,,,,,,,,,,,,,,,,,,,,,,,,,,,,,,,,6,,,2,,,2,Books-1
05/18/2026,"End of Day/Equipment Count",Weirton,,,,,,,,,,,,,322,267,,,11,,,21,,,17,,,,,,,,,,,,,,,,,,,,,,,,,,,,,,,,,5,0,,,,,,
05/18/2026,Donors,"Washington Square ADC",,35,,,,,,,,,,,,,,,,,,,,,,,,,,,,,,,,,,,,,,,,,,,,,,,,,,,,,,,,,,,,,
05/18/2026,Donors,"Westlake ADC",,45,,,,,,,,,,,,,,,,,,,,,,,,,,,,,,,,,,,,,,,,,,,,,,,,,,,,,,,,,,,,,
05/18/2026,"End of Day/Equipment Count",University,,,,,,,,,,,,,115,225,10,,21,,35,6,6,7,1,,,,,,,,,,,,,,,,,,,,,,,,,,,,,,,,,,,,,,,,
05/18/2026,"End of Day/Equipment Count","Route 62",,,,,,,,,,,,,358,51,10,8,31,1,17,25,3,6,34,,,,,,,,,,,,,,,,,,,,,,,,,,,,,,,,,4,,,4,,,2,"Books & Apparel"
05/18/2026,"End of Day/Equipment Count",Chardon,,,,,,,,,,,,,516,118,13,12,33,11,37,2,7,4,35,,,,,,,,,,,,,,,,,,,,,,,,,,,,,,,,,,,,,,,,
05/18/2026,"End of Day/Equipment Count",Massillon,,,,,,,,,,,,,409,91,12,7,11,9,23,1,3,3,1,,,,,,,,,,,,,,,,,,,,,,,,,,,,,,,,,7,1,,5,,,3,"1 ecom books. 3 ecom going out"
05/18/2026,"End of Day/Equipment Count","Washington Square",,,,,,,,,,,,,,,,,,,7,5,1,3,5,,,,,,,,,,,,,,,,,,,,,,,,,,,,,,,,,,,,,,,,"Requesting 3 empty gaylords and 3 pallets"
05/18/2026,"End of Day/Equipment Count",Wintersville,,,,,,,,,,,,,,,,,,,,,,,,,,,,,,,,,,,,,,,,,,,,,,,,,,,,,,,,5,1,,3,,,1,
05/18/2026,"End of Day/Equipment Count","North Canton",,,,,,,,,,,,,260,250,20,0,20,8,14,22,14,0,24,,,,,,,,,,,,,,,,,,,,,,,,,,,,,,,,,,,,,,,,
05/18/2026,"End of Day/Equipment Count",Transportation,,,,,,,,,,,,,398,72,8,13,14,8,56,14,3,6,11,,,,,,,,,,,,,,,,,,,,,,,,,,,,,,,,,4,2,,4,,,,
05/18/2026,"End of Day/Equipment Count","Gordon Square",,,,,,,,,,,,,184,187,20,6,19,5,12,23,3,21,12,,,,,,,,,,,,,,,,,,,,,,,,13,,1,,,2,,1,,,,,,,,,
05/18/2026,"End of Day/Equipment Count","North Olmsted",,,,,,,,,,,,,52,175,6,8,23,3,28,29,2,11,42,,,,,,,,,,,,,,,,,,,,,,,0,0,0,0,2,0,0,0,0,0,2,0,1,4,0,0,0,"2 salvage books"
05/18/2026,Donors,Carrollton,,33,,,,,,,,,,,,,,,,,,,,,,,,,,,,,,,,,,,,,,,,,,,,,,,,,,,,,,,,,,,,,
05/18/2026,"End of Day/Equipment Count",Carrollton,,,,,,,,,,,,,254,303,9,5,15,3,23,19,3,2,26,,,,,,,,,,,,,,,,,,,,,,,,,,,1,,,,,,3,,,2,1,,2,
05/18/2026,"End of Day/Equipment Count",Foxboro,,,,,,,,,,,,,200,300,20,0,9,21,52,17,4,8,29,,,,,,,,,,,,,,,,,,,,,,,,,,,,,,,,,10,1,,17,1,,5,"2 ecom collectables, 1 ecom apparel, 2 ecom books"
05/18/2026,Donors,"Lyndhurst ADC",,40,,,,,,,,,,,,,,,,,,,,,,,,,,,,,,,,,,,,,,,,,,,,,,,,,,,,,,,,,,,,,
05/18/2026,"End of Day/Equipment Count","Tanglewood ADC",,,,,,,,,,,,,59,,4,,5,,0,,3,,,,,,,,,,,,,,,,,,,,,,,,,,,,,,,,,,,,,,,,,,
05/18/2026,Donors,"North Royalton ADC",,94,,,,,,,,,,,,,,,,,,,,,,,,,,,,,,,,,,,,,,,,,,,,,,,,,,,,,,,,,,,,,
05/18/2026,Donors,"Chesterland ADC",,44,,,,,,,,,,,,,,,,,,,,,,,,,,,,,,,,,,,,,,,,,,,,,,,,,,,,,,,,,,,,,
05/18/2026,Donors,"Tanglewood ADC",,81,,,,,,,,,,,,,,,,,,,,,,,,,,,,,,,,,,,,,,,,,,,,,,,,,,,,,,,,,,,,,
05/18/2026,"End of Day/Equipment Count",Middleburg,,,,,,,,,,,,,192,230,146,12,20,16,29,40,7,0,18,,,,,,,,,,,,,,,,,,,,,,,,,,,,,,,,,,,,,,,,
05/18/2026,"End of Day/Equipment Count","North Royalton ADC",,,,,,,,,,,,,61,,5,,4,,2,,0,,,,,,,,,,,,,,,,,,,,,,,,,,,,,,,,,,,,,,,,,,
05/18/2026,Donors,"Jackson ADC",,21,,,,,,,,,,,,,,,,,,,,,,,,,,,,,,,,,,,,,,,,,,,,,,,,,,,,,,,,,,,,,"1 bag of trash"
05/18/2026,Donors,"Uniontown ADC",,21,,,,,,,,,,,,,,,,,,,,,,,,,,,,,,,,,,,,,,,,,,,,,,,,,,,,,,,,,,,,,
05/18/2026,"End of Day/Equipment Count","Uniontown ADC",,,,,,,,,,,,,15,63,2,3,3,7,,,,,,,,,,,,,,,,,,,,,,,,,,,,,,,,,,,,,,,,,,,,,
05/18/2026,"End of Day/Equipment Count","Jackson ADC",,,,,,,,,,,,,10,60,1,3,1,6,0,4,0,1,4,,,,,,,,,,,,,,,,,,,,,,,,,,,,,,,,,,,,,,,,"1 bag of trash"
05/18/2026,Donors,"Lincoln Way ADC",,30,,,,,,,,,,,,,,,,,,,,,,,,,,,,,,,,,,,,,,,,,,,,,,,,,,,,,,,,,,,,,
05/18/2026,"End of Day/Equipment Count","Lincoln Way ADC",,,,,,,,,,,,,24,,2,,4,,,,,,,,,,,,,,,,,,,,,,,,,,,,,,,,,,,,,,,,,,,,,,
05/18/2026,Donors,"Hillsdale ADC",,15,,,,,,,,,,,,,,,,,,,,,,,,,,,,,,,,,,,,,,,,,,,,,,,,,,,,,,,,,,,,,
05/18/2026,"End of Day/Equipment Count","Hillsdale ADC",,,,,,,,,,,,,12,,1,,1,,,,,,,,,,,,,,,,,,,,,,,,,,,,,,,,,,,,,,,,,,,,,,
05/18/2026,"End of Day/Equipment Count","Outlet Canton",,,136,100,8,16,,,,,,,,,,,,,,,,,,,,,,,,,,,,,,,,,,,,,,,,,,,,,,,,,,,,,,,,,
05/18/2026,Donors,"Outlet Cleveland",,3,,,,,,,,,,,,,,,,,,,,,,,,,,,,,,,,,,,,,,,,,,,,,,,,,,,,,,,,,,,,,
05/18/2026,"End of Day/Equipment Count","Outlet Cleveland",,,90,68,0,9,45,49,0,5,,,,,,,,,,99,,,99,,,,,,,,,,,,,,,,,,,,,,,,,,,,,,,,,,,,,,,,
05/18/2026,"Transfer and Receive",Massillon,,,,,,,,,,,,,,,,,,,,,,,,,,,,,,,,,20,20,,6,,,,,,,,,,,,,,,,,,,,,,,,,,,
05/18/2026,"End of Day/Equipment Count","Lyndhurst ADC",,,,,,,,,,,,,39,143,1,4,1,6,0,2,0,3,6,,,,,,,,,,,,,,,,,,,,,,,,,,,,,,,,,,,,,,,,"Lyndhurst ADC needs Donation Receipts. Thank you."
05/18/2026,"End of Day/Equipment Count","Washington Square ADC",,,,,,,,,,,,,28,,1,,2,,0,,0,3,,,,,,,,,,,,,,,,,,,,,,,,,,,,,,,,,,,,,,,,,"Need rubber bands"
05/18/2026,"Transfer and Receive","Jackson ADC",,,,,,,,,,,,,,,,,,,,,,,,,,,,,,15,1,1,0,0,0,,,,,,,,,,,,,,,,,,,,,,,,,,,,
05/18/2026,"Transfer and Receive","Lyndhurst ADC",,,,,,,,,,,,,,,,,,,,,,,,,,,,,,60,2,2,3,10,0,,,,,,,,,,,,,,,,,,,,,,,,,,,,"Thank you"
05/18/2026,"Transfer and Receive","Westlake ADC",,,,,,,,,,,,,,,,,,,,,,,,20,1,2,0,1,,30,1,2,0,0,,,,,,,,,,,,,,,,,,,,,,,,,,,,,
05/18/2026,"Transfer and Receive",Strongsville,,,,,,,,,,,,,,,,,,,,,,,,,,,,,,,,,,,,,4,,,,,,,,,,,,,,,,,,,,,,,,,,
05/18/2026,"Transfer and Receive",Foxboro,,,,,,,,,,,,,,,,,,,,,,,,,,,,,,,,,20,20,,14,,,,,,,,,,,,,,,,,,,,,,,,,,,
05/18/2026,"Transfer and Receive",Middleburg,,,,,,,,,,,,,,,,,,,,,,,,,,,,,,,,,25,10,4,,,,,,,,,,,,,,,,,,,,,,,,,,,,
05/18/2026,"Transfer and Receive","Washington Square ADC",,,,,,,,,,,,,,,,,,,,,,,,,,,,,,15,1,2,0,0,0,,,,,,,,,,,,,,,,,,,,,,,,,,,,"Need rubber bands"
05/18/2026,"Transfer and Receive","Lincoln Way ADC",,,,,,,,,,,,,,,,,,,,,,,,,,,,,,0,0,0,,,,,,,,,,,,,,,,,,,,,,,,,,,,,,,
05/18/2026,"Transfer and Receive",Transportation,,,,,,,,,,,,,,,,,,,,,,,,,,,,,,,,,20,40,,,,,,,,,,,,,,,,,,,,,,,,,,,,,
05/18/2026,"Transfer and Receive","Hillsdale ADC",,,,,,,,,,,,,,,,,,,,,,,,,,,,,,0,0,0,,,,,,,,,,,,,,,,,,,,,,,,,,,,,,,
05/18/2026,"Transfer and Receive",Carrollton,,,,,,,,,,,,,,,,,,,,,,,,,,,,,,,,,,,,12,12,,,,,,,,,,,,,,,,,,,,,,,,,,
05/18/2026,"Transfer and Receive","Tanglewood ADC",,,,,,,,,,,,,,,,,,,,,,,,,,,,,,60,6,6,,,,,,,,,,,,,,,,,,,,,,,,,,,,,,,"Plastic wrap"
05/18/2026,"Transfer and Receive","North Royalton ADC",,,,,,,,,,,,,,,,,,,,,,,,,,,,,,180,6,8,0,0,0,,,,,1,,,,,,,,,,,,,,,,,,,,,,,
05/18/2026,"Transfer and Receive","New Philly",,,,,,,,,,,,,,,,,,,,,,,,,,,,,,,,,,,,6,6,,,,,,,,,,,,,,,,,,,,,,,,,,
05/18/2026,"Transfer and Receive","North Olmsted",,,,,,,,,,,,,,,,,,,,,,,,,,,,,,,,,,25,,,,,,,,,,,,,,,,,,,,,,,,,,,,,"THANK YOU !"
05/18/2026,"Transfer and Receive",Alliance,,,,,,,,,,,,,,,,,,,,,,,,,,,,,,,,,20,20,,,,,,,2,,,,,,,,,,,,,,,,,,,,,,
05/18/2026,"Transfer and Receive",Willowick,,,,,,,,,,,,,,,,,,,,,,,,,,,,,,,,,20,18,,,,,,,,,,,,,,,,,,,,,,,,,,,,,
05/18/2026,"Transfer and Receive",Chardon,,,,,,,,,,,,,,,,,,,,,,,,,,,,,,,,,20,,,,,,,,,,,,,,,,,,,,,,,,,,,,,,"1 Propane. Please"
05/18/2026,"Transfer and Receive","Washington Square",,,,,,,,,,,,,,,,,,,,,,,,,,,,,,,,,3,3,,,,,,,,,,,,,,,,,,,,,,,,,,,,,"Requesting 3 empty gaylords and 3 pallets"
05/18/2026,"Transfer and Receive",Weirton,,,,,,,,,,,,,,,,,,,,,,,,,,,,,,,,,,,,,5,,,,,,,,,,,,,,,,,,,,,,,,,,
05/18/2026,"Transfer and Receive",Painesville,,,,,,,,,,,,,,,,,,,,,,,,,,,,,,,,,20,20,,,,,,,,,,,,,,,,,,,,,,,,,,,,,
05/18/2026,"Transfer and Receive",University,,,,,,,,,,,,,,,,,,,,,,,,,,,,,,,,,50,50,,,,,,,,,,,,,,,,,,,,,,,,,,,,,
05/18/2026,"Transfer and Receive","Snow Road",,,,,,,,,,,,,,,,,,,,,,,,,,,,,,,,,,,,4,4,,,,,,,,,,,,,,,,,,,,,,,,,,
05/17/2026,"End of Day/Equipment Count","North Olmsted",,,,,,,,,,,,,73,169,3,13,24,3,37,36,0,12,49,,,,,,,,,,,,,,,,,,,,,,,0,0,0,0,1,0,0,0,0,0,6,0,1,5,0,0,0,
05/17/2026,"End of Day/Equipment Count",University,,,,,,,,,,,,,220,150,10,0,19,4,37,12,4,9,5,,,,,,,,,,,,,,,,,,,,,,,12,4,,,1,,,,,,3,1,,,,,2,"Outlet Books = 1, eCom North = 2"
05/17/2026,"End of Day/Equipment Count",Painesville,,,,,,,,,,,,,170,330,10,0,19,4,8,26,4,15,24,,,,,,,,,,,,,,,,,,,,,,,1,,,,,,,,,,5,,,3,1,0,,"one cardboard"
05/17/2026,"End of Day/Equipment Count",Strongsville,,,,,,,,,,,,,,,,,,,,,,,,,,,,,,,,,,,,,,,,,,,,,,,,,,,2,,,,,,,,2,2,,2,
05/17/2026,"End of Day/Equipment Count",Mayfield,,,,,,,,,,,,,,,,,,,,,,,,,,,,,,,,,,,,,,,,,,,,,,,3,,,,1,,,,,3,,,5,,,3,
05/17/2026,Donors,Carrollton,,22,,,,,,,,,,,,,,,,,,,,,,,,,,,,,,,,,,,,,,,,,,,,,,,,,,,,,,,,,,,,,
05/17/2026,"End of Day/Equipment Count",Carrollton,,,,,,,,,,,,,244,390,11,3,14,4,34,20,3,2,26,,,,,,,,,,,,,,,,,,,,,,,,,,,,,,,,,5,,,6,,,,"6 blue bins"
05/17/2026,"End of Day/Equipment Count","New Philly",,,,,,,,,,,,,75,425,9,11,10,10,70,15,3,2,20,,,,,,,,,,,,,,,,,,,,,,,,,,,,,,,,,8,,1,3,,,,"Sending 2 Cardboard Salvage"
05/17/2026,Donors,"Tanglewood ADC",,68,,,,,,,,,,,,,,,,,,,,,,,,,,,,,,,,,,,,,,,,,,,,,,,,,,,,,,,,,,,,,
05/17/2026,"End of Day/Equipment Count","North Canton",,,,,,,,,,,,,240,270,20,0,14,6,11,9,8,3,13,,,,,,,,,,,,,,,,,,,,,,,,,,,1,,,,,,12,,,16,,,2,"1 cardboard"
05/17/2026,Donors,"Chesterland ADC",,26,,,,,,,,,,,,,,,,,,,,,,,,,,,,,,,,,,,,,,,,,,,,,,,,,,,,,,,,,,,,,
05/17/2026,"End of Day/Equipment Count","Chesterland ADC",,,,,,,,,,,,,40,,4,,10,,2,,3,,,,,,,,,,,,,,,,,,,,,,,,,,,,,,,,,,,,,,,,,,
05/17/2026,Donors,"Lyndhurst ADC",,33,,,,,,,,,,,,,,,,,,,,,,,,,,,,,,,,,,,,,,,,,,,,,,,,,,,,,,,,,,,,,
05/17/2026,Donors,"North Royalton ADC",,76,,,,,,,,,,,,,,,,,,,,,,,,,,,,,,,,,,,,,,,,,,,,,,,,,,,,,,,,,,,,,
05/17/2026,Donors,"Chesterland ADC",,28,,,,,,,,,,,,,,,,,,,,,,,,,,,,,,,,,,,,,,,,,,,,,,,,,,,,,,,,,,,,,
05/17/2026,"End of Day/Equipment Count",Foxboro,,,,,,,,,,,,,75,425,20,0,6,25,20,0,4,9,41,,,,,,,,,,,,,,,,,,,,,,,,,,,,,,,,,,,,,,,,
05/17/2026,"End of Day/Equipment Count","Route 62",,,,,,,,,,,,,283,110,7,13,30,'-1,25,28,7,1,38,,,,,,,,,,,,,,,,,,,,,,,,,,,,,,,,,4,0,0,0,0,0,2,"Collectable & Apparel"
05/17/2026,Donors,"Washington Square ADC",,19,,,,,,,,,,,,,,,,,,,,,,,,,,,,,,,,,,,,,,,,,,,,,,,,,,,,,,,,,,,,,
05/17/2026,"End of Day/Equipment Count",Massillon,,,,,,,,,,,,,395,105,16,4,14,6,35,11,6,4,14,,,,,,,,,,,,,,,,,,,,,,,,,,,,,,,,,4,,,2,,,1,"One gaylord of cardboard one container of glass"
05/17/2026,"End of Day/Equipment Count","Tanglewood ADC",,,,,,,,,,,,,60,45,3,3,7,6,0,19,0,2,2,,,,,,,,,,,,,,,,,,,,,,,,,,,,,,,,,,,,,,,,
05/17/2026,Donors,"Lincoln Way ADC",,,,,,,,,,,,,,,,,,,,,,,,,,,,,,,,,,,,,,,,,,,,,,,,,,,,,,,,,,,,,,,32
05/17/2026,Donors,"Uniontown ADC",,13,,,,,,,,,,,,,,,,,,,,,,,,,,,,,,,,,,,,,,,,,,,,,,,,,,,,,,,,,,,,,
05/17/2026,Donors,"Jackson ADC",,12,,,,,,,,,,,,,,,,,,,,,,,,,,,,,,,,,,,,,,,,,,,,,,,,,,,,,,,,,,,,,
05/17/2026,"End of Day/Equipment Count","Jackson ADC",,,,,,,,,,,,,20,,1,,1,,,,,,,,,,,,,,,,,,,,,,,,,,,,,,,,,,,,,,,,,,,,,,
05/17/2026,"End of Day/Equipment Count","Uniontown ADC",,,,,,,,,,,,,8,63,1,4,1,9,,,,,,,,,,,,,,,,,,,,,,,,,,,,,,,,,,,,,,,,,,,,,
05/17/2026,Donors,"Westlake ADC",,47,,,,,,,,,,,,,,,,,,,,,,,,,,,,,,,,,,,,,,,,,,,,,,,,,,,,,,,,,,,,,
05/17/2026,"End of Day/Equipment Count","Lyndhurst ADC",,,,,,,,,,,,,30,52,1,4,2,5,1,3,0,0,2,,,,,,,,,,,,,,,,,,,,,,,,,,,,,,,,,,,,,,,,"Lyndhurst ADC needs Pallets, please. Thank you."
05/17/2026,"End of Day/Equipment Count","Outlet Canton",,,136,100,8,16,,,,,,,,,,,,,,,,,,,,,,,,,,,,,,,,,,,,,,,,,,,,,,,,,,,,,,,,,
05/17/2026,"End of Day/Equipment Count","North Royalton ADC",,,,,,,,,,,,,100,,4,,5,,3,,0,,,,,,,,,,,,,,,,,,,,,,,,,,,,,,,,,,,,,,,,,,"One wrapped pallet of furniture"
05/17/2026,Donors,Wintersville,,9,,,,,,,,,,,,,,,,,,,,,,,,,,,,,,,,,,,,,,,,,,,,,,,,,,,,,,,,,,,,,
05/17/2026,Donors,"Hillsdale ADC",,,,,,,,,,,,,,,,,,,,,,,,,,,,,,,,,,,,,,,,,,,,,,,,,,,,,,,,,,,,,,,21
05/17/2026,"End of Day/Equipment Count","Snow Road",,,,,,,,,,,,,128,372,9,0,25,2,29,12,11,1,11,,,,,,,,,,,,,,,,,,,,,,,,,,,,,,,,,2,,,,,,1,
05/17/2026,"End of Day/Equipment Count","Hillsdale ADC",,,,,,,,,,,,,32,,1,,3,,,,,,,,,,,,,,,,,,,,,,,,,,,,,,,,,,,,,,,,,,,,,,
05/17/2026,"End of Day/Equipment Count",Perry,,,,,,,,,,,,,262,238,16,4,19,1,13,24,0,3,28,,,,,,,,,,,,,,,,,,,,,,,,,,,,,,,,,5,,,4,,1,2,
05/17/2026,"End of Day/Equipment Count",Wintersville,,,,,,,,,,,,,,,,,,,,,,,,,,,,,,,,,,,,,,,,,,,,,,,,,,,,,,,,3,,1,2,,,3,"1 carboard being sent out"
05/17/2026,"End of Day/Equipment Count","Washington Square ADC",,,,,,,,,,,,,4,3,1.5,4,3,5,,,,,,,,,,,,,,,,,,,,,,,,,,,,,,,,,,,,,,,,,,,,,
05/17/2026,"End of Day/Equipment Count",Transportation,,,,,,,,,,,,,417,60,6,15,17,5,39,21,9,6,16,,,,,,,,,,,,,,,,,,,,,,,,,,,,,,,,,2,,,2,,,3,
05/17/2026,"End of Day/Equipment Count",Middleburg,,,,,,,,,,,,,155,246,23,3,8,15,19,39,8,4,15,,,,,,,,,,,,,,,,,,,,,,,,,,,,,,,,,8,1,,7,,1,2,
05/17/2026,"Transfer and Receive","Washington Square ADC",,,,,,,,,,,,,,,,,,,,,,,,4,,3,,,,2,0,4,4,,,,,,,,,,,,,,,,,,,,,,,,,,,,,,
05/17/2026,"End of Day/Equipment Count",Weirton,,,,,,,,,,,,,200,300,,,,,,,,,,,,,,,,,,,,,,,,,,,,,,,,,,,,,,,,,,3,,,3,,,1,
05/17/2026,"End of Day/Equipment Count",Alliance,,,,,,,,,,,,,347,153,20,0,28,1,31,10,9,7,19,,,,,,,,,,,,,,,,,,,,,,,,,,,,,,,,,5,1,,8,,,,"Sending out 1 Gaylord of E Books and 1 Gaylord of cardboard,,Thank You"
05/17/2026,"End of Day/Equipment Count",Chardon,,,,,,,,,,,,,484,92,20,9,32,3,41,14,7,5,5,,,,,,,,,,,,,,,,,,,,,,,,,,,,,,,,,4,,,,,,9.5,
05/17/2026,"End of Day/Equipment Count","Outlet Cleveland",,,87,60,0,6,35,30,0,3,,,,,,,,,,68,,,68,,,,,,,,,,,,,,,,,,,,,,,,,,,,,,,,,,,,,,,,
05/17/2026,"End of Day/Equipment Count","Washington Square",,,,,,,,,,,,,,,,,,,7,5,1,3,5,,,,,,,,,,,,,,,,,,,,,,,,,,,,,,,,,,,,,,,,"Sending out 1 outlet gaylord & 3 empty containers."
05/17/2026,"End of Day/Equipment Count",Willowick,,,,,,,,,,,,,1510,273,38,0,10,5,4,17,14,6,29,,,,,,,,,,,,,,,,,,,,,,,,,,,,,,,,,6,1,1,4,1,1,,
05/17/2026,"Transfer and Receive",Painesville,,,,,,,,,,,,,,,,,,,,,,,,,,,,,,,,,,20,,,,,,,,,,,,,,,,,,,,,,,,,,,,,
05/17/2026,"Transfer and Receive","Westlake ADC",,,,,,,,,,,,,,,,,,,,,,,,20,2,3,1,1,,30,2,3,0,0,,,,,,,,,,,,,,,,,,,,,,,,,,,,,
05/17/2026,"Transfer and Receive","Route 62",,,,,,,,,,,,,,,,,,,,,,,,,,,,,,,,,,,5,2,,,,,,,,,,,,,,,,,,,,,,,,,,,
05/17/2026,"Transfer and Receive",Middleburg,,,,,,,,,,,,,,,,,,,,,,,,,,,,,,,,,,10,,,,,,,,,,,,,,,,,,,,,,,,,,,,,
05/17/2026,"Transfer and Receive","New Philly",,,,,,,,,,,,,,,,,,,,,,,,,,,,,,,,,,,'-2,4,5,,,,,,,,,,,,,,,,,,,,,,,,,,
05/17/2026,"Transfer and Receive","Hillsdale ADC",,,,,,,,,,,,,,,,,,,,,,,,,,,,,,0,0,0,,,,,,,,,,,,,,,,,,,,,,,,,,,,,,,
05/17/2026,"Transfer and Receive",Massillon,,,,,,,,,,,,,,,,,,,,,,,,,,,,,,,,,,,,8,,,,,,,,,,,,,,,,,,,,,,,,,,,
05/17/2026,"Transfer and Receive",Strongsville,,,,,,,,,,,,,,,,,,,,,,,,,,,,,,,,,20,30,2,,,,,,,,,,,,,,,,,,,,,,,,,,,,
05/17/2026,"Transfer and Receive","Chesterland ADC",,,,,,,,,,,,,,,,,,,,,,,,,,,,,,60,8,8,,,,,,,,,,,,,,,,,,,,,,,,,,,,,,,"Plastic wrap"
05/17/2026,"Transfer and Receive","Jackson ADC",,,,,,,,,,,,,,,,,,,,,,,,,,,,,,0,0,0,,,,,,,,,,,,,,,,,,,,,,,,,,,,,,,
05/17/2026,"Transfer and Receive","Lincoln Way ADC",,,,,,,,,,,,,,,,,,,,,,,,0,0,0,0,0,0,,,,,,,,,,,,,,,,,,,,,,,,,,,,,,,,,,
05/17/2026,"Transfer and Receive","Lyndhurst ADC",,,,,,,,,,,,,,,,,,,,,,,,,,,,,,60,2,2,0,10,0,,,,,,,,,,,,,,,,,,,,,,,,,,,,"Thank you."
05/17/2026,"Transfer and Receive","North Royalton ADC",,,,,,,,,,,,,,,,,,,,,,,,,,,,,,120,6,10,0,20,0,,,,,,,,,,,,,,,,,,,,,,,,,,,,
05/17/2026,"Transfer and Receive","Gordon Square",,,,,,,,,,,,,,,,,,,,,,,,,,,,,,,,,,,,6,14,,,,,,,,,,,,,,,,,,,,,,,,,,
05/17/2026,"Transfer and Receive",Perry,,,,,,,,,,,,,,,,,,,,,,,,,,,,,,,,,20,20,,,,,,,,,,,,,,,,,,,,,,,,,,,,,
05/17/2026,"Transfer and Receive",Westlake,,,,,,,,,,,,,,,,,,,,,,,,,,,,,,,,,,,,,,,,,,,,,,,,,,,,,,,,,,,,,,,"Please send 1 container of books. Thank you"
05/17/2026,"Transfer and Receive",Wintersville,,,,,,,,,,,,,,,,,,,,,,,,,,,,,,,,,20,10,,,,,,,,,,,,,,,,,,,,,,,,,,,,,
05/17/2026,"Transfer and Receive",Weirton,,,,,,,,,,,,,,,,,,,,,,,,20,,,,,,,,,20,10,,4,,,,,,,,,,,,,,,,,,,,,,,,,,,
05/17/2026,"Transfer and Receive","Washington Square",,,,,,,,,,,,,,,,,,,,,,,,,,,,,,,,,,,,,,,,,,,,,,,,,,,,,,,,,,,,,,,
05/17/2026,"Transfer and Receive","Snow Road",,,,,,,,,,,,,,,,,,,,,,,,,,,,,,,,,,,,2,2,,,,,,,,,,,,,,,,,,,,,,,,,,
05/17/2026,"Transfer and Receive","Tanglewood ADC",,,,,,,,,,,,,,,,,,,,,,,,,,,,,,60,3,6,0,12,0,,,,,,,,,,,,,,,,,,,,,,,,,,,,"Tanglewood needs: Rubber bands and TP please. Thank you!"
05/17/2026,"Transfer and Receive",Mayfield,,,,,,,,,,,,,,,,,,,,,,,,,,,,,,,,,30,30,,,,,,,,,,,,,,,,,,,,,,,,,,,,,
05/17/2026,"Transfer and Receive","North Canton",,,,,,,,,,,,,,,,,,,,,,,,,,,,,,,,,20,20,,,,,,,,,,,,,,,,,,,,,,,,,,,,,
05/16/2026,"End of Day/Equipment Count",University,,,,,,,,,,,,,205,135,10,0,21,3,32,13,6,9,1,,,,,,,,,,,,,,,,,,,,,,,4,4,,,,,,,,,,,,,,,,
05/16/2026,"End of Day/Equipment Count",Mayfield,,,,,,,,,,,,,,,,,,,,,,,,,,,,,,,,,,,,,,,,,,,,,,2,6,,,,,,,,,1,,,2,,,1,"1 media"
05/16/2026,"End of Day/Equipment Count","Route 62",,,,,,,,,,,,,242,240,6,12,27,0,21,15,6,0,16,,,,,,,,,,,,,,,,,,,,,,,,,,,,,,,,,6,0,,3,,,0,
05/16/2026,"End of Day/Equipment Count",Middleburg,,,,,,,,,,,,,203,103,22,6,8,26,23,36,8,6,21,,,,,,,,,,,,,,,,,,,,,,,,,,,,,,,,,8,1,,6,1,,3,
05/16/2026,Donors,Wintersville,,13,,,,,,,,,,,,,,,,,,,,,,,,,,,,,,,,,,,,,,,,,,,,,,,,,,,,,,,,,,,,,
05/16/2026,Donors,"Westlake ADC",,58,,,,,,,,,,,,,,,,,,,,,,,,,,,,,,,,,,,,,,,,,,,,,,,,,,,,,,,,,,,,,
05/16/2026,"End of Day/Equipment Count",Weirton,,,,,,,,,,,,,160,330,,,12,,,6,,,9,,,,,,,,,,,,,,,,,,,,,,,,,,,,,,,,,3,,1,2,,,,"1 E-Books"
05/16/2026,Donors,"Washington Square ADC",,19,,,,,,,,,,,,,,,,,,,,,,,,,,,,,,,,,,,,,,,,,,,,,,,,,,,,,,,,,,,,,
05/16/2026,"End of Day/Equipment Count",Painesville,,,,,,,,,,,,,230,270,10,0,17,6,11,31,4,16,15,,,,,,,,,,,,,,,,,,,,,,,,,,,,,,,,,,,,,,,,"one cardvoard"
05/16/2026,"End of Day/Equipment Count",Alliance,,,,,,,,,,,,,445,55,20,0,17,11,30,5,9,7,7,,,,,,,,,,,,,,,,,,,,,,,,,,,,,,,,,4,2,,2,1,,,"Sending out 1 Gaylord of E Books"
05/16/2026,"End of Day/Equipment Count","Washington Square",,,,,,,,,,,,,,,,,,,5,3,2,3,2,,,,,,,,,,,,,,,,,,,,,,,,,,,,,,,,,,,,,,,,"Please bring 2 gaylords of scanned books. Requesting 3 empty gaylords and 5 pallets."
05/16/2026,"End of Day/Equipment Count",Foxboro,,,,,,,,,,,,,174,326,20,0,5,15,19,28,4,2,32,,,,,,,,,,,,,,,,,,,,,,,,,,,,,,,,,6,1,1,5,,,3,"one gaylord of cardboard"
05/16/2026,Donors,Carrollton,,29,,,,,,,,,,,,,,,,,,,,,,,,,,,,,,,,,,,,,,,,,,,,,,,,,,,,,,,,,,,,,
05/16/2026,"End of Day/Equipment Count",Carrollton,,,,,,,,,,,,,232,390,10,4,19,6,30,3,3,1,7,,,,,,,,,,,,,,,,,,,,,,,,,,,,,,,,,6,1,,,,,,"6 blue bins"
05/16/2026,"End of Day/Equipment Count","Snow Road",,,,,,,,,,,,,103,497,5,4,11,9,22,14,10,4,12,,,,,,,,,,,,,,,,,,,,,,,,,,,,,,,,,3,1,,3,,,,
05/16/2026,"End of Day/Equipment Count","Gordon Square",,,,,,,,,,,,,168,172,15,7,14,4,36,4,3,8,13,,,,,,,,,,,,,,,,,,,,,,,,,,,,,,,,,16,2,,3,,,4,
05/16/2026,"End of Day/Equipment Count",Willowick,,,,,,,,,,,,,1403,258,38,4,6,4,0,20,15,5,37,,,,,,,,,,,,,,,,,,,,,,,,,,,,1,,,,,10,,1,6,1,1,1,
05/16/2026,"End of Day/Equipment Count",Perry,,,,,,,,,,,,,'-1275,225,19,1,15,3,20,12,3,5,11,,,,,,,,,,,,,,,,,,,,,,,,,,,,,,,,,5,1,,3,1,1,1,"1 books"
05/16/2026,"End of Day/Equipment Count","Outlet Canton",,,136,100,8,16,,,,,,,,,,,,,,,,,,,,,,,,,,,,,,,,,,,,,,,,,,,,,,,,,,,,,,,,,
05/16/2026,"End of Day/Equipment Count",Wintersville,,,,,,,,,,,,,,,,,,,,,,,,,,,,,,,,,,,,,,,,,,,,,,,,,,,,,,,,3,,,2,,,,"1 carboard being sent out"
05/16/2026,"End of Day/Equipment Count",Transportation,,,,,,,,,,,,,341,132,2,19,13,9,39,25,10,,25,,,,,,,,,,,,,,,,,,,,,,,,,,,,,,,,,3,1,,4,,,,
05/16/2026,Donors,"Tanglewood ADC",,74,,,,,,,,,,,,,,,,,,,,,,,,,,,,,,,,,,,,,,,,,,,,,,,,,,,,,,,,,,,,,
05/16/2026,Donors,"North Royalton ADC",,78,,,,,,,,,,,,,,,,,,,,,,,,,,,,,,,,,,,,,,,,,,,,,,,,,,,,,,,,,,,,,
05/16/2026,Donors,"Chesterland ADC",,45,,,,,,,,,,,,,,,,,,,,,,,,,,,,,,,,,,,,,,,,,,,,,,,,,,,,,,,,,,,,,
05/16/2026,"End of Day/Equipment Count",Massillon,,,,,,,,,,,,,350,150,12,8,13,7,38,21,5,5,15,,,,,,,,,,,,,,,,,,,,,,,,,,,,,,,,,3,1,,,1,,1,
05/16/2026,"End of Day/Equipment Count","North Royalton ADC",,,,,,,,,,,,,80,,4,,7,,1,,,,,,,,,,,,,,,,,,,,,,,,,,,,,,,,,,,,,,,,,,,,"1 furniture"
05/16/2026,Donors,"Jackson ADC",,20,,,,,,,,,,,,,,,,,,,,,,,,,,,,,,,,,,,,,,,,,,,,,,,,,,,,,,,,,,,,,"1 bag of trash"
05/16/2026,Donors,"Lincoln Way ADC",,19,,,,,,,,,,,,,,,,,,,,,,,,,,,,,,,,,,,,,,,,,,,,,,,,,,,,,,,,,,,,,
05/16/2026,"End of Day/Equipment Count",Strongsville,,,,,,,,,,,,,,,,,,,,,,,,,,,,,,,,,,,,,,,,,,,,,,3,,,,1,,,,,,6,,,1,,,4,
05/16/2026,Donors,"Hillsdale ADC",,11,,,,,,,,,,,,,,,,,,,,,,,,,,,,,,,,,,,,,,,,,,,,,,,,,,,,,,,,,,,,,
05/16/2026,"End of Day/Equipment Count","Hillsdale ADC",,,,,,,,,,,,,9,60,1,4,0,5,,,,,,,,,,,,,,,,,,,,,,,,,,,,,,,,,,,,,,,,,,,,,
05/16/2026,"End of Day/Equipment Count","Jackson ADC",,,,,,,,,,,,,9,55,1,3,2,7,0,4,0,1,4,,,,,,,,,,,,,,,,,,,,,,,,,,,,,,,,,,,,,,,,"1 bag of trash"
05/16/2026,Donors,"Uniontown ADC",,12,,,,,,,,,,,,,,,,,,,,,,,,,,,,,,,,,,,,,,,,,,,,,,,,,,,,,,,,,,,,,
05/16/2026,"End of Day/Equipment Count","Uniontown ADC",,,,,,,,,,,,,16,57,1,4,2,8,,,,,,,,,,,,,,,,,,,,,,,,,,,,,,,,,,,,,,,,,,,,,
05/16/2026,"End of Day/Equipment Count","North Olmsted",,,,,,,,,,,,,70,191,2,12,13,13,32,27,0,12,39,,,,,,,,,,,,,,,,,,,,,,,0,0,0,0,1,0,0,0,0,0,12,0,1,8,0,0,2,
05/16/2026,"End of Day/Equipment Count","North Canton",,,,,,,,,,,,,232,281,18,1,22,6,29,24,11,3,26,,,,,,,,,,,,,,,,,,,,,,,,,,,,,,,,,,,,,,,,
05/16/2026,Donors,"Outlet Cleveland",,4,,,,,,,,,,,,,,,,,,,,,,,,,,,,,,,,,,,,,,,,,,,,,,,,,,,,,,,,,,,,,
05/16/2026,"End of Day/Equipment Count","Outlet Cleveland",,,112,79,0,7,31,43,0,5,,,,,,,,,,79,,,79,,,,,,,,,,,,,,,,,,,,,,,,,,,,,,,,,,,,,,,,
05/16/2026,"End of Day/Equipment Count","New Philly",,,,,,,,,,,,,89,411,8,12,8,12,59,8,3,2,11,,,,,,,,,,,,,,,,,,,,,,,,,,'-1,,,,,,,7,2,,5,2,,,
05/16/2026,"End of Day/Equipment Count",Chardon,,,,,,,,,,,,,33,7,12,3,,5,,20,,,37,,,,,,,,,,,,,,,,,,,,,,,,,,,0,,,,,,9,,0,0,,,1,"2 stacks totes ,4 duros,8 stacks=16 pcs 2 cardboard"
05/16/2026,"End of Day/Equipment Count","Washington Square ADC",,,,,,,,,,,,,40,,0,,2,,0,,0,3,,,,,,,,,,,,,,,,,,,,,,,,,,,,,,,,,,,,,,,,,"Need rubber bands"
05/16/2026,"Transfer and Receive","Jackson ADC",,,,,,,,,,,,,,,,,,,,,,,,,,,,,,30,1,3,0,0,0,,,,,,,,,,,,,,,,,,,,,,,,,,,,"1 bag of trash"
05/16/2026,"Transfer and Receive",Foxboro,,,,,,,,,,,,,,,,,,,,,,,,,,,,,,,,,20,20,5,14,,,2,,2,,,,,,,,,,,,,,,,,,,,,,
05/16/2026,"Transfer and Receive",Carrollton,,,,,,,,,,,,,,,,,,,,,,,,,,,,,,,,,20,20,,4,8,,,,,,,,,,,,,,,,,,,,,,,,,,
05/16/2026,"Transfer and Receive","Route 62",,,,,,,,,,,,,,,,,,,,,,,,60,,,,,,,,,20,20,4,,4,,,,,,,,,,,,,,,,,,,,,,,,,,
05/16/2026,"Transfer and Receive",Middleburg,,,,,,,,,,,,,,,,,,,,,,,,,,,,,,,,,25,10,,,,,,,,,,,,,,,,,,,,,,,,,,,,,
05/16/2026,"Transfer and Receive","Washington Square ADC",,,,,,,,,,,,,,,,,,,,,,,,,,,,,,15,0,2,0,0,0,,,,,,,,,,,,,,,,,,,,,,,,,,,,
05/16/2026,"Transfer and Receive","Westlake ADC",,,,,,,,,,,,,,,,,,,,,,,,,1,,,,,40,1,,,,,,,,,,,,,,,,,,,,,,,,,,,,,,,,
05/16/2026,"Transfer and Receive",Alliance,,,,,,,,,,,,,,,,,,,,,,,,,,,,,,,,,20,20,,,,,,,1,,,,,,,,,,,,,,,,,,,,,,
05/16/2026,"Transfer and Receive","Lincoln Way ADC",,,,,,,,,,,,,,,,,,,,,,,,0,0,0,0,0,0,,,,,,,,,,,,,,,,,,,,,,,,,,,,,,,,,,
05/16/2026,"Transfer and Receive",Massillon,,,,,,,,,,,,,,,,,,,,,,,,,,,,,,,,,,10,,4,,,,,,,,,,,,,,,,,,,,,,,,,,,
05/16/2026,"Transfer and Receive","Tanglewood ADC",,,,,,,,,,,,,,,,,,,,,,,,,,,,,,60,6,2,,,,,,,,,,,,,,,,,,,,,,,,,,,,,,,"Plastic wrap please"
05/16/2026,"Transfer and Receive",Westlake,,,,,,,,,,,,,,,,,,,,,,,,,,,,,,,,,,,,,,,,,,,,,,,,,,,,,,,,,,,,,,,"Please send 2 containers of books, thank you"
05/16/2026,"Transfer and Receive","North Olmsted",,,,,,,,,,,,,,,,,,,,,,,,,,,,,,,,,25,24,,4,,,,,,,,,,,,,,,,,,,,,,,,,,,
05/16/2026,"Transfer and Receive","North Royalton ADC",,,,,,,,,,,,,,,,,,,,,,,,,,,,,,120,4,8,0,0,0,,,,,1,,,,,,,,,,,,,,,,,,,,,,,
05/16/2026,"Transfer and Receive","New Philly",,,,,,,,,,,,,,,,,,,,,,,,,,,,,,,,,20,20,,8,6,,,,,,,,,,,,,,,,,,,,,,,,,,"please do not send Raw electrical"
05/16/2026,"Transfer and Receive",Perry,,,,,,,,,,,,,,,,,,,,,,,,,,,,,,,,,20,20,,,6,,,,,,,,,,,,,,,,,,,,,,,,,,
05/16/2026,"Transfer and Receive","Washington Square",,,,,,,,,,,,,,,,,,,,,,,,,,,,,,,,,3,5,,,,,,,,,,,,,,,,,,,,,,,,,,,,,"Please bring 2 gaylords of scanned books. Requesting 3 empty gaylords and 5 pallets."
05/16/2026,"Transfer and Receive","Snow Road",,,,,,,,,,,,,,,,,,,,,,,,,,,,,,,,,,,,4,2,,,,,,,,,,,,,,,,,,,,,,,,,,
05/16/2026,"Transfer and Receive",Painesville,,,,,,,,,,,,,,,,,,,,,,,,,,,,,,,,,25,25,,,,,,,,,,,,,,,,,,,,,,,,,,,,,
05/16/2026,"Transfer and Receive",University,,,,,,,,,,,,,,,,,,,,,,,,,,,,,,,,,25,25,,,,,,,,,,,,,,,,,,,,,,,,,,,,,
05/15/2026,"Transfer and Receive",University,,,,,,,,,,,,,,,,,,,,,,,,,,,,,3,,,,,,,,,,,,,,,,,,,,,,,,,,,,,,,,,,
05/15/2026,"End of Day/Equipment Count",University,,,,,,,,,,,,,280,90,10,0,23,0,28,36,8,7,23,,,,,,,,,,,,,,,,,,,,,,,8,7,,,1,,,,,,1,,,,,,,"sALVAGE cARDBOARD = 1"
05/15/2026,"End of Day/Equipment Count",Mayfield,,,,,,,,,,,,,,,,,,,,,,,,,,,,,,,,,,,,,,,,,,,,,,5,,,,,,,,,,1,,,4,,,,"2 gaylords with sip and shop fixture returns."
05/15/2026,"End of Day/Equipment Count","Route 62",,,,,,,,,,,,,217,248,5,12,27,0,19,27,10,1,30,,,,,,,,,,,,,,,,,,,,,,,,,,,,,,,,,,,,,,,'-1,"Apparel & Collectables"
05/15/2026,"End of Day/Equipment Count",Willowick,,,,,,,,,,,,,1446,252,28,5,7,13,14,13,14,5,28,,,,,,,,,,,,,,,,,,,,,,,,2,2,,1,,,,,,2,0,0,10,0,0,2,"raw 1 books 2 cardboard"
05/15/2026,"End of Day/Equipment Count",Alliance,,,,,,,,,,,,,307,134,20,,26,4,24,12,6,6,18,,,,,,,,,,,,,,,,,,,,,,,,2,,,,,,,,,3,,,1,,,,"sending back 10 blue bins"
05/15/2026,"End of Day/Equipment Count","New Philly",,,,,,,,,,,,,116,384,9,11,9,11,62,15,3,2,21,,,,,,,,,,,,,,,,,,,,,,,,,,,,,,,,,7,,,3,,,,"Sending 1 Cardboard Salvage, 1 Books"
05/15/2026,Donors,"Westlake ADC",,44,,,,,,,,,,,,,,,,,,,,,,,,,,,,,,,,,,,,,,,,,,,,,,,,,,,,,,,,,,,,,
05/15/2026,"End of Day/Equipment Count",Perry,,,,,,,,,,,,,298,202,15,5,15,5,8,21,0,5,21,,,,,,,,,,,,,,,,,,,,,,,,,,,,,1,,,,3,,,3,,,,"sending 1 gaylord of cardboard"
05/15/2026,Donors,"Washington Square ADC",,26,,,,,,,,,,,,,,,,,,,,,,,,,,,,,,,,,,,,,,,,,,,,,,,,,,,,,,,,,,,,,
05/15/2026,"End of Day/Equipment Count",Weirton,,,,,,,,,,,,,200,300,,,,,,,,,,,,,,,,,,,,,,,,,,,,,,,,,,,,,,,,,,4,1,,,1,,,
05/15/2026,Donors,Carrollton,,37,,,,,,,,,,,,,,,,,,,,,,,,,,,,,,,,,,,,,,,,,,,,,,,,,,,,,,,,,,,,,
05/15/2026,"End of Day/Equipment Count",Carrollton,,,,,,,,,,,,,228,383,12,2,20,7,34,10,1,3,7,,,,,,,,,,,,,,,,,,,,,,,,,,,,,,,,,4,,,5,,,2,
05/15/2026,"End of Day/Equipment Count","North Canton",,,,,,,,,,,,,224,286,15,5,18,6,13,30,10,2,33,,,,,,,,,,,,,,,,,,,,,,,,,,,,,,,,,,,,,,,,
05/15/2026,"End of Day/Equipment Count",Wintersville,,,,,,,,,,,,,,,,,,,,,,,,,,,,,,,,,,,,,,,,,,,,,,,,,,,,,,,,5,1,,2,1,,,"1 carboard being sent out"
05/15/2026,"End of Day/Equipment Count",Massillon,,,,,,,,,,,,,320,180,14,6,6,14,40,26,5,6,12,,,,,,,,,,,,,,,,,,,,,,,,,,,,,,,,,4,,,2,,,,"1 e-com books going out"
05/15/2026,"End of Day/Equipment Count",Foxboro,,,,,,,,,,,,,34,466,17,3,15,10,17,34,4,0,43,,,,,,,,,,,,,,,,,,,,,,,,,,,,,,,,,14,2,,12,1,,5,"1 salvage cardboard, 2 collectables, 2 apparel, 1 books"
05/15/2026,"End of Day/Equipment Count","Gordon Square",,,,,,,,,,,,,84,165,21,3,16,2,43,2,3,10,0,,,,,,,,,,,,,,,,,,,,,,,,,,,,,,,,,26,,,2,,,2,
05/15/2026,"End of Day/Equipment Count","Washington Square",,,,,,,,,,,,,,,,,,,5,3,2,0,2,,,,,,,,,,,,,,,,,,,,,,,,,,,,,,,,,,,,,,,,"sending 1 outlet book. requesting 3 empty gaylords, and 5 pallets"
05/15/2026,Donors,"Lyndhurst ADC",,27,,,,,,,,,,,,,,,,,,,,,,,,,,,,,,,,,,,,,,,,,,,,,,,,,,,,,,,,,,,,,
05/15/2026,"End of Day/Equipment Count","Snow Road",,,,,,,,,,,,,185,415,5,4,4,15,18,16,10,4,18,,,,,,,,,,,,,,,,,,,,,,,,,,,,,,,,,4,,,3,,,,"1 raw books"
05/15/2026,"End of Day/Equipment Count",Chardon,,,,,,,,,,,,,478,192,20,10,19,5,53,34,8,4,57,,,,,,,,,,,,,,,,,,,,,,,,,,,0,,,,,,2,1,1,3,,,,"glass 2"
05/15/2026,Donors,"Tanglewood ADC",,74,,,,,,,,,,,,,,,,,,,,,,,,,,,,,,,,,,,,,,,,,,,,,,,,,,,,,,,,,,,,,
05/15/2026,Donors,"North Royalton ADC",,118,,,,,,,,,,,,,,,,,,,,,,,,,,,,,,,,,,,,,,,,,,,,,,,,,,,,,,,,,,,,,
05/15/2026,Donors,"Jackson ADC",,14,,,,,,,,,,,,,,,,,,,,,,,,,,,,,,,,,,,,,,,,,,,,,,,,,,,,,,,,,,,,,"1 bag of trash"
05/15/2026,"End of Day/Equipment Count","Tanglewood ADC",,,,,,,,,,,,,65,19,4,2,5,9,1,19,0,2,8,,,,,,,,,,,,,,,,,,,,,,,,,,,,,,,,,,,,,,,,
05/15/2026,Donors,"Lincoln Way ADC",,21,,,,,,,,,,,,,,,,,,,,,,,,,,,,,,,,,,,,,,,,,,,,,,,,,,,,,,,,,,,,,
05/15/2026,"End of Day/Equipment Count",Painesville,,,,,,,,,,,,,155,345,10,0,12,11,2,16,0,16,15,,,,,,,,,,,,,,,,,,,,,,,'-1,,,,,,,,,,3,,,2,1,,1,"1 card board"
05/15/2026,"End of Day/Equipment Count","Jackson ADC",,,,,,,,,,,,,3,59,0,4,1,8,0,4,0,1,4,,,,,,,,,,,,,,,,,,,,,,,,,,,,,,,,,,,,,,,,"1 bag of trash"
05/15/2026,Donors,"Uniontown ADC",,27,,,,,,,,,,,,,,,,,,,,,,,,,,,,,,,,,,,,,,,,,,,,,,,,,,,,,,,,,,,,,
05/15/2026,"End of Day/Equipment Count",Transportation,,,,,,,,,,,,,316,135,4,18,11,12,51,33,10,7,28,,,,,,,,,,,,,,,,,,,,,,,,,,,,,,,,,4,4,,,,,,
05/15/2026,Donors,"Chesterland ADC",,42,,,,,,,,,,,,,,,,,,,,,,,,,,,,,,,,,,,,,,,,,,,,,,,,,,,,,,,,,,,,,
05/15/2026,"End of Day/Equipment Count","Uniontown ADC",,,,,,,,,,,,,19,54,1,4,3,7,,,,,,,,,,,,,,,,,,,,,,,,,,,,,,,,,,,,,,,,,,,,,
05/15/2026,"End of Day/Equipment Count","North Royalton ADC",,,,,,,,,,,,,,,4,,7,,1,,,,,,,,,,,,,,,,,,,,,,,,,,,,,,,,,,,,,,,,,,,,
05/15/2026,Donors,"Hillsdale ADC",,11,,,,,,,,,,,,,,,,,,,,,,,,,,,,,,,,,,,,,,,,,,,,,,,,,,,,,,,,,,,,,
05/15/2026,"End of Day/Equipment Count","Hillsdale ADC",,,,,,,,,,,,,10,52,1,4,1,4,,,,,,,,,,,,,,,,,,,,,,,,,,,,,,,,,,,,,,,,,,,,,
05/15/2026,"Transfer and Receive",Middleburg,,,,,,,,,,,,,,,,,,,,,,,,'-1,,,,,,,,,,,,,,,,,,,,,,,,,,,,,,,,,,,,,,,
05/15/2026,"End of Day/Equipment Count",Strongsville,,,,,,,,,,,,,,,,,,,,,,,,,,,,,,,,,,,,,,,,,,,,,,2,,,,,,,,,,3,,,2,1,,,
05/15/2026,Donors,"Outlet Cleveland",,3,,,,,,,,,,,,,,,,,,,,,,,,,,,,,,,,,,,,,,,,,,,,,,,,,,,,,,,,,,,,,
05/15/2026,"End of Day/Equipment Count","Outlet Cleveland",,,104,70,0,9,47,51,0,6,,,,,,,,,,104,,,104,,,,,,,,,,,,,,,,,,,,,,,,,,,,,,,,,,,,,,,,
05/15/2026,"End of Day/Equipment Count","North Olmsted",,,,,,,,,,,,,53,232,1,13,5,11,27,28,1,11,39,,,,,,,,,,,,,,,,,,,,,,,,,,,,,,,,,5,1,,7,,,0,"1 salvage books"
05/15/2026,"End of Day/Equipment Count","Washington Square ADC",,,,,,,,,,,,,16,,1,,1,,0,,0,0,,,,,,,,,,,,,,,,,,,,,,,,,,,,,,,,,,,,,,,,,
05/15/2026,"Transfer and Receive","Lyndhurst ADC",,,,,,,,,,,,,,,,,,,,,,,,60,3,5,,,,,,,,,,,,,,,,,,,,,,,,,,,,,,,,,,,,,
05/15/2026,"Transfer and Receive","Jackson ADC",,,,,,,,,,,,,,,,,,,,,,,,,,,,,,15,1,1,0,0,0,,,,,,,,,,,,,,,,,,,,,,,,,,,,"1 bag of trash"
05/15/2026,"Transfer and Receive","Gordon Square",,,,,,,,,,,,,,,,,,,,,,,,,,,,,,,,,25,25,,,,,,,,,,,,,,,,,,,,,,,,,,,,,
05/15/2026,"Transfer and Receive",Painesville,,,,,,,,,,,,,,,,,,,,,,,,,,,,,,,,,20,20,,,,,,,,,,,,,,,,,,,,,,,,,,,,,"PLEASE RETURN 1 GAYLORD ADULT TOP HANGERS"
05/15/2026,"Transfer and Receive",Strongsville,,,,,,,,,,,,,,,,,,,,,,,,,,,,,,,,,20,20,3,,,,,,,,,,,,,,,,,,,,,,,,,,,,
05/15/2026,"Transfer and Receive","Westlake ADC",,,,,,,,,,,,,,,,,,,,,,,,20,,,,,,40,,,,7,,,,,,,,,,,,,,,,,,,,,,,,,,,,,
05/15/2026,"Transfer and Receive",Mayfield,,,,,,,,,,,,,,,,,,,,,,,,,,,,,,,,,30,30,,,,,,,,,,,,,,,,,,,,,,,,,,,,,
05/15/2026,"Transfer and Receive","Washington Square ADC",,,,,,,,,,,,,,,,,,,,,,,,,,,,,,15,1,1,0,0,0,,,,,,,,,,,,,,,,,,,,,,,,,,,,
05/15/2026,"Transfer and Receive","North Royalton ADC",,,,,,,,,,,,,,,,,,,,,,,,30,2,3,1,0,0,60,3,3,0,0,0,,,,,,,,,,,,,,,,,,,,,,,,,,,,"NR needs Rubberbands and shrink wrap"
05/15/2026,"Transfer and Receive","Lincoln Way ADC",,,,,,,,,,,,,,,,,,,,,,,,0,0,0,0,0,0,,,,,,,,,,,,,,,,,,,,,,,,,,,,,,,,,,
05/15/2026,"Transfer and Receive",Middleburg,,,,,,,,,,,,,,,,,,,,,,,,,,,,,,,,,25,10,,,,,,,,,,,,,,,,,,,,,,,,,,,,,
05/15/2026,"Transfer and Receive",Westlake,,,,,,,,,,,,,,,,,,,,,,,,,,,,,,,,,,,,,,,,,,,,,,,,,,,,,,,,,,,,,,,"Please send 2 containers of books, thank you"
05/15/2026,"Transfer and Receive",Massillon,,,,,,,,,,,,,,,,,,,,,,,,,,,,,,,,,,,,5,6,,,,,,,,,,,,,,,,,,,,,,,,,,
05/15/2026,"Transfer and Receive","New Philly",,,,,,,,,,,,,,,,,,,,,,,,,,,,,,,,,,,,10,4,,,,,,,,,,,,,,,,,,,,,,,,,,"please do not send raw electrical"
05/15/2026,"Transfer and Receive",Foxboro,,,,,,,,,,,,,,,,,,,,,,,,,,,,,,,,,,,5,10,4,,,,,,,,,,,,,,,,,,,,,,,,,,
05/15/2026,"Transfer and Receive","Tanglewood ADC",,,,,,,,,,,,,,,,,,,,,,,,,,,,,,120,5,4,0,0,,,,,,,,,,,,,,,,,,,,,,,,,,,,,"Plastic wrap"
05/15/2026,"Transfer and Receive","North Olmsted",,,,,,,,,,,,,,,,,,,,,,,,,,,,,,,,'-1,25,25,,4,6,,,,,,,,,,,,,,,,,,,,,,,,,,
05/15/2026,"Transfer and Receive","Washington Square",,,,,,,,,,,,,,,,,,,,,,,,,,,,,,,,,3,5,,,,,,,,,,,,,,,,,,,,,,,,,,,,,"Please bring 5 pallets and 3 gaylords."
05/15/2026,"Transfer and Receive",Willowick,,,,,,,,,,,,,,,,,,,,,,,,,,,,,,,,,20,20,,,,,,,,,,,,,,,,,,,,,,,,,,,,,
05/14/2026,Donors,Carrollton,,20,,,,,,,,,,,,,,,,,,,,,,,,,,,,,,,,,,,,,,,,,,,,,,,,,,,,,,,,,,,,,
05/14/2026,"End of Day/Equipment Count",Carrollton,,,,,,,,,,,,,256,360,7,7,19,6,38,9,1,'-1,1,,,,,,,,,,,,,,,,,,,,,,,,,,,,,,,,,5,,,1,,,1,
05/15/2026,"Transfer and Receive","Snow Road",,,,,,,,,,,,,,,,,,,,,,,,,,,,,,,,,,,,6,2,,,,,,,,,,,,,,,,,,,,,,,,,,
05/14/2026,"End of Day/Equipment Count",University,,,,,,,,,,,,,250,120,10,0,17,3,22,39,4,12,25,,,,,,,,,,,,,,,,,,,,,,,5,6,,,,2,,,,,2,,,1,,,1,"Salvage Cardboard = 1, eCom South = 1"
05/14/2026,"End of Day/Equipment Count",Painesville,,,,,,,,,,,,,245,255,10,10,16,7,0,36,1,15,27,,,,,,,,,,,,,,,,,,,,,,,,1,,,,,,,,,3,,,3,,,,"1 cardboard"
05/14/2026,"End of Day/Equipment Count",Perry,,,,,,,,,,,,,355,195,13,7,11,10,25,26,4,2,23,,,,,,,,,,,,,,,,,,,,,,,,,,,,,,,,,4,,,2,1,3,2,
05/14/2026,"End of Day/Equipment Count",Alliance,,,,,,,,,,,,,355,149,20,,29,7,28,18,5,4,26,,,,,,,,,,,,,,,,,,,,,,,,,,,,,,,,,4,,,1,,,2,"1 gaylord of cardboard and sending back 60 totes and 10 blue bins"
05/14/2026,"End of Day/Equipment Count","Route 62",,,,,,,,,,,,,268,187,8,10,25,2,21,27,6,2,32,,,,,,,,,,,,,,,,,,,,,,,,,,,,,,,,,1,,,3,1,,1,"1 ecom of apparel, 1 book outlet"
05/14/2026,"End of Day/Equipment Count",Massillon,,,,,,,,,,,,,320,180,16,4,7,13,38,28,5,6,20,,,,,,,,,,,,,,,,,,,,,,,,,,,,,,,,,4,,,1,,,2,"2 gaylords of books and one gaylord of cardboard"
05/14/2026,"End of Day/Equipment Count",Mayfield,,,,,,,,,,,,,,,,,,,,,,,,,,,,,,,,,,,,,,,,,,,,,,,,,,,,1,,,,,,,,,,,
05/14/2026,"End of Day/Equipment Count","New Philly",,,,,,,,,,,,,118,382,8,12,8,12,75,1,3,2,4,,,,,,,,,,,,,,,,,,,,,,,,,,,,,,,,,4,1,,2,,,,
05/14/2026,"End of Day/Equipment Count",Transportation,,,,,,,,,,,,,300,270,2,18,12,8,49,40,8,0,31,,,,,,,,,,,,,,,,,,,,,,,,,,,,,,,,,4,,,0,,,,
05/14/2026,"End of Day/Equipment Count",Middleburg,,,,,,,,,,,,,315,115,11,4,17,11,18,38,11,6,22,,,,,,,,,,,,,,,,,,,,,,,,,,,,,,,,,10,,,9,,1,2,
05/14/2026,"End of Day/Equipment Count",Mayfield,,,,,,,,,,,,,,,,,,,,,,,,,,,,,,,,,,,,,,,,,,,,,,,5,,,,2,,,,,4,,,3,,,,"1 salvage cardboard"
05/14/2026,"End of Day/Equipment Count","Snow Road",,,,,,,,,,,,,115,385,7,2,9,13,26,21,7,2,24,,,,,,,,,,,,,,,,,,,,,,,,,,,,,,,,,5,1,,1,,,1,"one broken ecomm container returned."
05/14/2026,"End of Day/Equipment Count","Gordon Square",,,,,,,,,,,,,164,150,20,5,18,2,15,12,5,9,4,,,,,,,,,,,,,,,,,,,,,,,,,,,,,,,,,8,,,2,,,,
05/14/2026,"End of Day/Equipment Count","Washington Square",,,,,,,,,,,,,,,,,,,6,4,1,2,2,,,,,,,,,,,,,,,,,,,,,,,,,,,,,,,,,,,,,,,,"Requesting 5 pallets; Requesting 3 empty gaylords; Sending out 1 outlet gaylord of books"
05/14/2026,Donors,"Westlake ADC",,41,,,,,,,,,,,,,,,,,,,,,,,,,,,,,,,,,,,,,,,,,,,,,,,,,,,,,,,,,,,,,
05/14/2026,"End of Day/Equipment Count",Wintersville,,,,,,,,,,,,,,,,,,,,,,,,,,,,,,,,,,,,,,,,,,,,,,,,,,,,,,,,3,,,2,,,,
05/14/2026,Donors,"Lyndhurst ADC",,19,,,,,,,,,,,,,,,,,,,,,,,,,,,,,,,,,,,,,,,,,,,,,,,,,,,,,,,,,,,,,
05/14/2026,"End of Day/Equipment Count","North Canton",,,,,,,,,,,,,245,265,16,4,22,6,20,16,12,4,23,,,,,,,,,,,,,,,,,,,,,,,,,,,,,,,,,5,,,11,,,1,"1 cardboard salvage"
05/14/2026,"End of Day/Equipment Count",Foxboro,,,,,,,,,,,,,100,400,16,4,18,21,21,46,4,2,54,,,,,,,,,,,,,,,,,,,,,,,,,,,,,,,,,,,,,,,,
05/14/2026,"End of Day/Equipment Count",Willowick,,,,,,,,,,,,,1295,303,39,4,19,8,0,25,13,5,39,,,,,,,,,,,,,,,,,,,,,,,1,3,,1,2,1,,,,,8,,1,6,,1,,"3 cardboard gaylords"
05/14/2026,"End of Day/Equipment Count",Weirton,,,,,,,,,,,,,138,450,,,7,,,,,,14,,,,,,,,,,,,,,,,,,,,,,,,,,,,,,,,,1,,,'-1,,,2,"1 E-com Collectible's, 1 E-com apparel"
05/14/2026,"End of Day/Equipment Count","Outlet Canton",,,136,100,8,16,,,,,,,,,,,,,,,,,,,,,,,,,,,,,,,,,,,,,,,,,,,,,,,,,,,,,,,,,
05/14/2026,"End of Day/Equipment Count","Lyndhurst ADC",,,,,,,,,,,,,49,88,2,3,3,5,0,3,0,1,7,,,,,,,,,,,,,,,,,,,,,,,,,,,,,,,,,,,,,,,,"Thank you"
05/14/2026,Donors,"Tanglewood ADC",,69,,,,,,,,,,,,,,,,,,,,,,,,,,,,,,,,,,,,,,,,,,,,,,,,,,,,,,,,,,,,,
05/14/2026,Donors,"North Royalton ADC",,71,,,,,,,,,,,,,,,,,,,,,,,,,,,,,,,,,,,,,,,,,,,,,,,,,,,,,,,,,,,,,
05/14/2026,"End of Day/Equipment Count","Chesterland ADC",,,,,,,,,,,,,27,,1,,1,,,,,,,,,,,,,,,,,,,,,,,,,,,,,,,,,,,,,,,,,,,,,,
05/14/2026,"End of Day/Equipment Count",Strongsville,,,,,,,,,,,,,,,,,,,,,,,,,,,,,,,,,,,,,,,,,,,,,,,,,,,,,,,,5,,1,3,,1,2,
05/14/2026,Donors,"Chesterland ADC",,46,,,,,,,,,,,,,,,,,,,,,,,,,,,,,,,,,,,,,,,,,,,,,,,,,,,,,,,,,,,,,
05/14/2026,Donors,"Lincoln Way ADC",,25,,,,,,,,,,,,,,,,,,,,,,,,,,,,,,,,,,,,,,,,,,,,,,,,,,,,,,,,,,,,,
05/14/2026,"End of Day/Equipment Count","Tanglewood ADC",,,,,,,,,,,,,65,78,3,3,4,8,1,21,0,2,15,,,,,,,,,,,,,,,,,,,,,,,,,,,,,,,,,,,,,,,,
05/14/2026,Donors,"Jackson ADC",,11,,,,,,,,,,,,,,,,,,,,,,,,,,,,,,,,,,,,,,,,,,,,,,,,,,,,,,,,,,,,,
05/14/2026,"End of Day/Equipment Count","North Royalton ADC",,,,,,,,,,,,,53,,4,,4,,2,,1,,,,,,,,,,,,,,,,,,,,,,,,,,,,,,,,,,,,,,,,,,
05/14/2026,Donors,"Uniontown ADC",,21,,,,,,,,,,,,,,,,,,,,,,,,,,,,,,,,,,,,,,,,,,,,,,,,,,,,,,,,,,,,,
05/14/2026,"End of Day/Equipment Count","Uniontown ADC",,,,,,,,,,,,,16,58,0,5,5,5,,,,,,,,,,,,,,,,,,,,,,,,,,,,,,,,,,,,,,,,,,,,,
05/14/2026,Donors,"Hillsdale ADC",,7,,,,,,,,,,,,,,,,,,,,,,,,,,,,,,,,,,,,,,,,,,,,,,,,,,,,,,,,,,,,,
05/14/2026,"End of Day/Equipment Count","Jackson ADC",,,,,,,,,,,,,2,75,1,4,0,6,0,4,'-1,2,4,,,,,,,,,,,,,,,,,,,,,,,,,,,,,,,,,,,,,,,,
05/14/2026,"End of Day/Equipment Count","Hillsdale ADC",,,,,,,,,,,,,12,63,1,4,3,2,,,,,,,,,,,,,,,,,,,,,,,,,,,,,,,,,,,,,,,,,,,,,"Rubber bands"
05/14/2026,"End of Day/Equipment Count",Chardon,,,,,,,,,,,,,379,65,20,13,15,26,47,43,4,7,66,,,,,,,,,,,,,,,,,,,,,,,,4,1,2,1,0,,,,,12,,1,6,,0,'-1,
05/14/2026,Donors,"Outlet Cleveland",,3,,,,,,,,,,,,,,,,,,,,,,,,,,,,,,,,,,,,,,,,,,,,,,,,,,,,,,,,,,,,,
05/14/2026,"End of Day/Equipment Count","Outlet Cleveland",,,97,62,0,9,44,48,0,6,,,,,,,,,,98,,,98,,,,,,,,,,,,,,,,,,,,,,,,,,,,,,,,,,,,,,,,
05/14/2026,"End of Day/Equipment Count","North Olmsted",,,,,,,,,,,,,9,212,10,5,9,16,22,39,0,11,31,,,,,,,,,,,,,,,,,,,,,,,0,0,0,0,1,0,0,0,0,0,11,2,2,2,0,0,1,"1 blue bin full of fixtures that needs to go to the warehouse"
05/14/2026,"Transfer and Receive","Lyndhurst ADC",,,,,,,,,,,,,,,,,,,,,,,,,,,,,,60,2,3,0,10,0,,,,,,,,,,,,,,,,,,,,,,,,,,,,"Sorry this order is late. ADC attendant scheduled did not show up to work and I was called in at 3:45pm to an uncharged iPad. Put the order in as soon as I could. Thank you."
05/14/2026,"Transfer and Receive",Strongsville,,,,,,,,,,,,,,,,,,,,,,,,,,,,,,,,,25,20,2,,,,,,,,,,,,,,,,,,,,,,,,,,,,"Can this order please be on our truck for tomorrow 5/15/26? Apologizes for not getting this sent over by 1:30."
05/14/2026,"Transfer and Receive","Jackson ADC",,,,,,,,,,,,,,,,,,,,,,,,,,,,,,15,1,2,0,0,0,,,,,,,,,,,,,,,,,,,,,,,,,,,,
05/14/2026,"Transfer and Receive",Willowick,,,,,,,,,,,,,,,,,,,,,,,,,,,,,,,,,20,19,,,,,,,,,,,,,,,,,,,,,,,,,,,,,
05/14/2026,"Transfer and Receive","Westlake ADC",,,,,,,,,,,,,,,,,,,,,,,,,1,1,,,,,1,1,,,,,,,,,,,,,,,,,,,,,,,,,,,,,,,
05/14/2026,"Transfer and Receive",Middleburg,,,,,,,,,,,,,,,,,,,,,,,,,,,,,,,,,20,20,,,2,,,,,,,,,,,,,,,,,,,,,,,,,,
05/14/2026,"Transfer and Receive",Wintersville,,,,,,,,,,,,,,,,,,,,,,,,,,,,,,,,,20,20,,4,,,,,,,,,,,,,,,,,,,,,,,,,,,
05/14/2026,"Transfer and Receive",University,,,,,,,,,,,,,,,,,,,,,,,,,,,,,,,,,25,50,,,,,,,,,,,,,,,,,,,,,,,,,,,,,
05/14/2026,"Transfer and Receive",Carrollton,,,,,,,,,,,,,,,,,,,,,,,,,,,,,,,,,,10,4,4,4,,,,,,4,,,,,,,,,,,,,,,,,,,,
05/14/2026,"Transfer and Receive","Gordon Square",,,,,,,,,,,,,,,,,,,,,,,,,,,,,,,,,,,,4,6,,,,,,,,,,,,,,,,,,,,,,,,,,
05/14/2026,"Transfer and Receive","North Royalton ADC",,,,,,,,,,,,,,,,,,,,,,,,,,,,,,120,6,8,0,0,0,,,,,2,,,,,,,,,,,,,,,,,,,,,,,
05/14/2026,"Transfer and Receive",Perry,,,,,,,,,,,,,,,,,,,,,,,,,,,,,,,,,,,,,4,,,,,,,,,,,,,,,,,,,,,,,,,,
05/14/2026,"Transfer and Receive",Weirton,,,,,,,,,,,,,,,,,,,,,,,,,,,,,,,,,,,,,7,,1,,,,,,,,,,,,,,,,,,,,,,,,
05/14/2026,"Transfer and Receive","Lincoln Way ADC",,,,,,,,,,,,,,,,,,,,,,,,0,0,0,,0,0,,,,,,,,,,,,,,,,,,,,,,,,,,,,,,,,,,"A pack of rag tags"
05/14/2026,"Transfer and Receive",Massillon,,,,,,,,,,,,,,,,,,,,,,,,,,,,,,,,,,,,8,,,,,,,,,,,,,,,,,,,,,,,,,,,
05/14/2026,"Transfer and Receive","New Philly",,,,,,,,,,,,,,,,,,,,,,,,,,,,,,,,,20,20,,10,,,,,,,,,,,,,,,,,,,,,,,,,,,
05/14/2026,"Transfer and Receive","North Olmsted",,,,,,,,,,,,,,,,,,,,,,,,,,,,,,,,,,25,,4,10,,,,,,,,,,,,,,,,,,,,,,,,,,
05/14/2026,"Transfer and Receive","Washington Square",,,,,,,,,,,,,,,,,,,,,,,,,,,,,,,,,3,5,,,,,,,,,,,,,,,,,,,,,,,,,,,,,"Requesting 3 empty gaylords and 5 pallets"
05/14/2026,"Transfer and Receive","Chesterland ADC",,,,,,,,,,,,,,,,,,,,,,,,,,,,,,0,3,0,20,0,0,,,,,,,,,,,,,,,,,,,,,,,,,,,,"Glass cleaner none left. We need Gaylords for shoes books accessories and purses cardboard and trash. We have none left. Thank you!"
05/14/2026,"Transfer and Receive","Tanglewood ADC",,,,,,,,,,,,,,,,,,,,,,,,,,,,,,0,3,6,0,0,0,,,,,,,,,,,,,,,,,,,,,,,,,,,,"Tanglewood needs: Plastic wrap and TP- please.! Thank you!"
05/14/2026,"Transfer and Receive","Snow Road",,,,,,,,,,,,,,,,,,,,,,,,,,,,,,,,,,,,4,,,,,2,,,,,,,,,,,,,,,,,,,,,,
05/14/2026,"Transfer and Receive","North Canton",,,,,,,,,,,,,,,,,,,,,,,,,,,,,,,,,20,20,,4,,,,,,,,,,,,,,,,,,,,,,,,,,,
05/13/2026,"End of Day/Equipment Count",Willowick,,,,,,,,,,,,,2415,188,36,0,28,2,52,7,10,10,25,,,,,,,,,,,,,,,,,,,,,,,,,,,,2,,,,,11,,,2,,,,"3 gaylords of card board"
05/13/2026,"End of Day/Equipment Count",University,,,,,,,,,,,,,220,150,10,0,20,3,42,36,7,6,18,,,,,,,,,,,,,,,,,,,,,,,3,7,,,1,,,,,,4,,,3,,1,,"Salvage Cardboard = 2, Raw Media = 1"
05/13/2026,"End of Day/Equipment Count","New Philly",,,,,,,,,,,,,172,328,9,11,10,10,65,4,3,0,7,,,,,,,,,,,,,,,,,,,,,,,,,,,,,,,,,8,0,0,4,0,'-2,2,"Shipping 2 cardboard salvage & 1 media outlet"
05/13/2026,"End of Day/Equipment Count",Alliance,,,,,,,,,,,,,310,203,19,1,30,14,25,2,5,7,7,,,,,,,,,,,,,,,,,,,,,,,,,,,,,,,,,4,1,,3,'-1,,1,"sending back 120 totes and 4 blue bins."
05/13/2026,"End of Day/Equipment Count","Gordon Square",,,,,,,,,,,,,176,135,24,3,18,2,15,13,4,3,4,,,,,,,,,,,,,,,,,,,,,,,,,,,,,,,,,6,,,2,,,2,
05/13/2026,"End of Day/Equipment Count",Middleburg,,,,,,,,,,,,,275,221,22,6,18,13,17,21,8,5,7,,,,,,,,,,,,,,,,,,,,,,,,,,,,,,,,,15,,,15,0,2,2,
05/13/2026,"End of Day/Equipment Count",Mayfield,,,,,,,,,,,,,,,,,,,,,,,,,,,,,,,,,,,,,,,,,,,,,,,3,,1,,,,,,,3,1,,3,1,,4,
05/13/2026,"End of Day/Equipment Count",Chardon,,,,,,,,,,,,,534,189,25,10,25,19,,57,8,7,77,,,,,,,,,,,,,,,,,,,,,,,,,,,,,,,,,6,1,,3,,1,,"1 Cardboard, 4 Duros"
05/13/2026,"End of Day/Equipment Count",Perry,,,,,,,,,,,,,226,137,23,12,22,2,13,7,3,4,13,,,,,,,,,,,,,,,,,,,,,,,,,,,,,,,,,4,,,3,,,1,"1 cardboard and 1 books"
05/13/2026,"End of Day/Equipment Count",Weirton,,,,,,,,,,,,,150,350,,,,,,,,,,,,,,,,,,,,,,,,,,,,,,,,,,,,,,,,,,2,,,2,,,,
05/13/2026,"End of Day/Equipment Count",Carrollton,,,,,,,,,,,,,225,382,5,9,12,1,7,9,3,0,2,,,,,,,,,,,,,,,,,,,,,,,,,,,,,,,,,8,1,0,8,2,1,0,"2 bb returned"
05/13/2026,"End of Day/Equipment Count","Snow Road",,,,,,,,,,,,,156,344,9,0,7,14,32,23,8,1,20,,,,,,,,,,,,,,,,,,,,,,,,,,,,,,,,,1,2,,1,,,,
05/13/2026,Donors,Carrollton,,24,,,,,,,,,,,,,,,,,,,,,,,,,,,,,,,,,,,,,,,,,,,,,,,,,,,,,,,,,,,,,
05/13/2026,Donors,"Westlake ADC",,37,,,,,,,,,,,,,,,,,,,,,,,,,,,,,,,,,,,,,,,,,,,,,,,,,,,,,,,,,,,,,
05/13/2026,Donors,"Washington Square ADC",,23,,,,,,,,,,,,,,,,,,,,,,,,,,,,,,,,,,,,,,,,,,,,,,,,,,,,,,,,,,,,,
05/13/2026,"End of Day/Equipment Count","North Canton",,,,,,,,,,,,,128,482,16,4,10,10,9,25,9,4,31,,,,,,,,,,,,,,,,,,,,,,,,,,,,,,,,,,,,,,,,
05/13/2026,"End of Day/Equipment Count",Painesville,,,,,,,,,,,,,80,420,10,0,15,8,11,45,4,16,36,,,,,,,,,,,,,,,,,,,,,,,,,,,,,,,,,7,1,,7,,,,"one cardboard gaylord"
05/13/2026,"End of Day/Equipment Count","Route 62",,,,,,,,,,,,,256,262,9,9,20,8,23,36,6,3,39,,,,,,,,,,,,,,,,,,,,,,,,,,,,,,,,,5,,,,,,1,"Outlet media-1"
05/13/2026,"End of Day/Equipment Count",Massillon,,,,,,,,,,,,,270,230,13,7,11,9,43,28,4,8,19,,,,,,,,,,,,,,,,,,,,,,,,,,,,,,,,,2,,,1,1,,1,
05/13/2026,"End of Day/Equipment Count",Foxboro,,,,,,,,,,,,,120,380,17,3,10,26,20,31,4,3,36,,,,,,,,,,,,,,,,,,,,,,,,1,,,,,,,,,14,1,1,9,,,3,"1 cardboard, 1 glass pilot, 1 ecom apparel, 3 ecom collectibles"
05/13/2026,"End of Day/Equipment Count","Washington Square",,,,,,,,,,,,,,,,,,,7,5,2,2,3,,,,,,,,,,,,,,,,,,,,,,,,,,,,,,,,,,,,,,,,
05/13/2026,Donors,Wintersville,,0,,,,,,,,,,,,,,,,,,,,,,,,,,,,,,,,,,,,,,,,,,,,,,,,,,,,,,,,,,,,,
05/13/2026,Donors,"Chesterland ADC",,43,,,,,,,,,,,,,,,,,,,,,,,,,,,,,,,,,,,,,,,,,,,,,,,,,,,,,,,,,,,,,
05/13/2026,"End of Day/Equipment Count",Wintersville,,,,,,,,,,,,,,,,,,,,,,,,,,,,,,,,,,,,,,,,,,,,,,,,,,,,,,,,1,,,,,,3,
05/13/2026,Donors,"Tanglewood ADC",,75,,,,,,,,,,,,,,,,,,,,,,,,,,,,,,,,,,,,,,,,,,,,,,,,,,,,,,,,,,,,,
05/13/2026,Donors,"Lyndhurst ADC",,49,,,,,,,,,,,,,,,,,,,,,,,,,,,,,,,,,,,,,,,,,,,,,,,,,,,,,,,,,,,,,
05/13/2026,Donors,"Jackson ADC",,15,,,,,,,,,,,,,,,,,,,,,,,,,,,,,,,,,,,,,,,,,,,,,,,,,,,,,,,,,,,,,
05/13/2026,"End of Day/Equipment Count","Lyndhurst ADC",,,,,,,,,,,,,17,120,0,5,1,7,0,3,1,1,8,,,,,,,,,,,,,,,,,,,,,,,,,,,,,,,,,,,,,,,,
05/13/2026,"End of Day/Equipment Count","Jackson ADC",,,,,,,,,,,,,8,45,1,3,0,7,0,4,1,1,4,,,,,,,,,,,,,,,,,,,,,,,,,,,,,,,,,,,,,,,,
05/13/2026,Donors,"North Royalton ADC",,99,,,,,,,,,,,,,,,,,,,,,,,,,,,,,,,,,,,,,,,,,,,,,,,,,,,,,,,,,,,,,
05/13/2026,Donors,"Shuffel ADC",,13,,,,,,,,,,,,,,,,,,,,,,,,,,,,,,,,,,,,,,,,,,,,,,,,,,,,,,,,,,,,,
05/13/2026,"End of Day/Equipment Count",Transportation,,,,,,,,,,,,,165,165,4,18,8,11,52,18,10,6,15,,,,,,,,,,,,,,,,,,,,,,,,,,,,,,,,,4,4,,,,,,
05/13/2026,"End of Day/Equipment Count","Tanglewood ADC",,,,,,,,,,,,,45,140,3,4,3,12,1,2,0,0,10,,,,,,,,,,,,,,,,,,,,,,,,,,,,,,,,,,,,,,,,
05/13/2026,"End of Day/Equipment Count",Strongsville,,,,,,,,,,,,,,,,,,,,,,,,,,,,,,,,,,,,,,,,,,,,,,1,,,,,,,,,,7,,,2,,,,
05/13/2026,Donors,"Uniontown ADC",,14,,,,,,,,,,,,,,,,,,,,,,,,,,,,,,,,,,,,,,,,,,,,,,,,,,,,,,,,,,,,,
05/13/2026,"End of Day/Equipment Count","Uniontown ADC",,,,,,,,,,,,,8,59,1,4,1,9,,,,,,,,,,,,,,,,,,,,,,,,,,,,,,,,,,,,,,,,,,,,,
05/13/2026,Donors,"Hillsdale ADC",,17,,,,,,,,,,,,,,,,,,,,,,,,,,,,,,,,,,,,,,,,,,,,,,,,,,,,,,,,,,,,,
05/13/2026,"End of Day/Equipment Count","Hillsdale ADC",,,,,,,,,,,,,14,27,1,4,1,4,,,,,,,,,,,,,,,,,,,,,,,,,,,,,,,,,,,,,,,,,,,,,
05/13/2026,"End of Day/Equipment Count","North Royalton ADC",,,,,,,,,,,,,74,,7,,4,,1,,1,,,,,,,,,,,,,,,,,,,,,,,,,,,,,,,,,,,,,,,,,,"One pallet of furniture"
05/13/2026,Donors,"Lincoln Way ADC",,12,,,,,,,,,,,,,,,,,,,,,,,,,,,,,,,,,,,,,,,,,,,,,,,,,,,,,,,,,,,,,
05/13/2026,"End of Day/Equipment Count","Lincoln Way ADC",,,,,,,,,,,,,12,,0,,2,,,,,,,,,,,,,,,,,,,,,,,,,,,,,,,,,,,,,,,,,,,,,,
05/13/2026,Donors,"Outlet Cleveland",,3,,,,,,,,,,,,,,,,,,,,,,,,,,,,,,,,,,,,,,,,,,,,,,,,,,,,,,,,,,,,,
05/13/2026,"End of Day/Equipment Count","Outlet Cleveland",,,80,60,0,6,36,39,0,3,,,,,,,,,,78,,,78,,,,,,,,,,,,,,,,,,,,,,,,,,,,,,,,,,,,,,,,
05/13/2026,"Transfer and Receive","Jackson ADC",,,,,,,,,,,,,,,,,,,,,,,,,,,,,,30,1,1,0,0,1,,,,,,,,,,,,,,,,,,,,,,,,,,,,
05/13/2026,"End of Day/Equipment Count","North Olmsted",,,,,,,,,,,,,31,180,2,11,8,12,16,55,4,7,36,,,,,,,,,,,,,,,,,,,,,,,,,,,,,,,,,12,1,1,,,,0,"1 salvage books"
05/13/2026,"End of Day/Equipment Count","Outlet Canton",,,136,100,8,16,,,,,,,,,,,,,,,,,,,,,,,,,,,,,,,,,,,,,,,,,,,,,,,,,,,,,,,,,
05/13/2026,"End of Day/Equipment Count","Washington Square ADC",,,,,,,,,,,,,24,,0,,2,,1,,0,0,,,,,,,,,,,,,,,,,,,,,,,,,,,,,,,,,,,,,,,,,"Need green adc labels"
05/13/2026,"Transfer and Receive","Lincoln Way ADC",,,,,,,,,,,,,,,,,,,,,,,,,,,,,,0,0,0,,,,,,,,,,,,,,,,,,,,,,,,,,,,,,,
05/13/2026,"Transfer and Receive","Westlake ADC",,,,,,,,,,,,,,,,,,,,,,,,,1,,,,,,,,,,,,,,,,,,,,,,,,,,,,,,,,,,,,,,
05/13/2026,"Transfer and Receive",Wintersville,,,,,,,,,,,,,,,,,,,,,,,,,,,,,,,,,20,20,,2,,,,,,,,,,,,,,,,,,,,,,,,,,,
05/13/2026,"Transfer and Receive","Gordon Square",,,,,,,,,,,,,,,,,,,,,,,,,,,,,,,,,24,25,,6,6,,,,,,,,,,,,,,,,,,,,,,,,,,
05/13/2026,"Transfer and Receive","Washington Square ADC",,,,,,,,,,,,,,,,,,,,,,,,,,,,,,45,1,2,0,0,0,,,,,,,,,,,,,,,,,,,,,,,,,,,,"Need green adc labels"
05/13/2026,"Transfer and Receive",Strongsville,,,,,,,,,,,,,,,,,,,,,,,,,,,,,,,,,,,,,2,,,,,,,,,,,,,,,,,,,,,,,,,,
05/13/2026,"Transfer and Receive",Weirton,,,,,,,,,,,,,,,,,,,,,,,,20,,,,,,,,,,10,,2,2,,,,,,,,,,,,,,,,,,,,,,,,,,
05/13/2026,"Transfer and Receive","Lyndhurst ADC",,,,,,,,,,,,,,,,,,,,,,,,,,,,,,60,3,4,3,10,,,,,,,,,,,,,,,,,,,,,,,,,,,,,"Lyndhurst ADC needs plastic wrap vinyl gloves pallets are very low toilet paper. Thank you."
05/13/2026,"Transfer and Receive",Alliance,,,,,,,,,,,,,,,,,,,,,,,,,,,,,,,,,20,18,,,,,,,,,,,,,,,,,,,,,,,,,,,,,
05/13/2026,"Transfer and Receive",Middleburg,,,,,,,,,,,,,,,,,,,,,,,,,,,,,,,,,25,30,,,4,,,,,,,,,,,,,,,,,,,,,,,,,,
05/13/2026,"Transfer and Receive",Foxboro,,,,,,,,,,,,,,,,,,,,,,,,,,,,,,,,,20,20,,10,,,2,,2,,,,,,,,,,,,,,,,,,,,,,
05/13/2026,"Transfer and Receive",Massillon,,,,,,,,,,,,,,,,,,,,,,,,,,,,,,,,,,,,,5,,,,,,,,,,,,,,,,,,,,,,,,,,
05/13/2026,"Transfer and Receive","North Royalton ADC",,,,,,,,,,,,,,,,,,,,,,,,,,,,,,120,4,10,0,0,0,,,,,,,,,,,,,,,,,,,,,,,,,,,,
05/13/2026,"Transfer and Receive","New Philly",,,,,,,,,,,,,,,,,,,,,,,,,,,,,,,,,,,,16,,,,,,,,,,,,,,,,,,,,,,,,,,,"please do not send raw electrical."
05/13/2026,"Transfer and Receive",Perry,,,,,,,,,,,,,,,,,,,,,,,,,,,,,,,,,20,20,,,2,,,,,,1,,,,,,,,,,,,,,,,,,,,
05/13/2026,"Transfer and Receive","North Olmsted",,,,,,,,,,,,,,,,,,,,,,,,,,,,,,,,,,,,,8,,,,,,,,,,,,,,,,,,,,,,,,,,
05/13/2026,"Transfer and Receive",Wintersville,,,,,,,,,,,,,,,,,,,,,,,,,,,,,,,,,20,20,,2,,,,,,,,,,,,,,,,,,,,,,,,,,,
05/13/2026,"Transfer and Receive",Carrollton,,,,,,,,,,,,,,,,,,,,,,,,,,,,,,,,,,,,8,8,,,,,,,,,,,,,,,,,,,,,,,,,,
05/13/2026,"Transfer and Receive","Washington Square",,,,,,,,,,,,,,,,,,,,,,,,,,,,,,,,,,,,,,,,,,,,,,,,,,,,,,,,,,,,,,,
05/13/2026,"Transfer and Receive",Westlake,,,,,,,,,,,,,,,,,,,,,,,,,,,,,,,,,,,,,,,,,,,,,,,,,,,,,,,,,,,,,,,"1 book container please"
05/13/2026,"Transfer and Receive","Tanglewood ADC",,,,,,,,,,,,,,,,,,,,,,,,,,,,,,0,2,0,10,10,0,,,,,,,,,,,,,,,,,,,,,,,,,,,,"Tanglewood needs: Plastic wrap and TP please- Thank you!"
05/13/2026,"Transfer and Receive",Transportation,,,,,,,,,,,,,,,,,,,,,,,,,,,,,,,,,20,20,,2,2,,,,,,,,,,,,,,,,,,,,,,,,,,
05/13/2026,"Transfer and Receive",Willowick,,,,,,,,,,,,,,,,,,,,,,,,,,,,,,,,,20,20,,,,,,,,,,,,,,,,,,,,,,,,,,,,,
05/13/2026,"Transfer and Receive",Mayfield,,,,,,,,,,,,,,,,,,,,,,,,,,,,,,,,,30,30,,,,,,,,,,,,,,,,,,,,,,,,,,,,,
05/13/2026,"Transfer and Receive","Snow Road",,,,,,,,,,,,,,,,,,,,,,,,,,,,,,,,,,,,4,,,,,,,,,,,,,,,,,,,,,,,,,,,
05/13/2026,"Transfer and Receive",University,,,,,,,,,,,,,,,,,,,,,,,,,,,,,,,,,25,25,,,,,,,,,,,,,,,,,,,,,,,,,,,,,
05/12/2026,"End of Day/Equipment Count",Mayfield,,,,,,,,,,,,,,,,,,,,,,,,,,,,,,,,,,,,,,,,,,,,,,,3,,,,,,,,,1,,,4,,,,
05/12/2026,"End of Day/Equipment Count",University,,,,,,,,,,,,,145,195,10,,20,,16,33,3,7,,,,,,,,,,,,,,,,,,,,,,,,,3,,,1,1,,,,,4,,,5,,1,1,
05/12/2026,"End of Day/Equipment Count","Route 62",,,,,,,,,,,,,242,240,8,9,23,2,12,24,7,2,26,,,,,,,,,,,,,,,,,,,,,,,,,,,,,,,,,7,,,2,,,1,"1 ecom of apparel jewlery and shoes, 1 pallet of furniture"
05/12/2026,"End of Day/Equipment Count",Foxboro,,,,,,,,,,,,,218,282,20,'-1,3,27,20,40,4,4,42,,,,,,,,,,,,,,,,,,,,,,,,,,,,,,,,,,,,,,,,
05/12/2026,"End of Day/Equipment Count","Washington Square",,,,,,,,,,,,,,,,,,,8,6,2,1,4,,,,,,,,,,,,,,,,,,,,,,,,,,,,,,,,,,,,,,,,"sending out 1 outlet gaylord of books"
05/12/2026,"End of Day/Equipment Count","New Philly",,,,,,,,,,,,,210,290,9,11,10,10,77,11,3,4,13,,,,,,,,,,,,,,,,,,,,,,,,,,,,,,,,,8,,,4,,,,"Sending 1 Cardboard Salvage, and 1 Ecom Books."
05/12/2026,Donors,"Washington Square ADC",,18,,,,,,,,,,,,,,,,,,,,,,,,,,,,,,,,,,,,,,,,,,,,,,,,,,,,,,,,,,,,,
05/12/2026,"End of Day/Equipment Count","Washington Square ADC",,,,,,,,,,,,,3,4.5,1.5,4.5,0,8,1,,,,,,,,,,,,,,,,,,,,,,,,,,,,,,,,,,,,,,,,,,,,
05/12/2026,"Transfer and Receive","Washington Square ADC",,,,,,,,,,,,,,,,,,,,,,,,3,,,1,,,1,0,0,,,,,,,,,,,,,,,,,,,,,,,,,,,,,,,
05/12/2026,"End of Day/Equipment Count","Gordon Square",,,,,,,,,,,,,192,172,16,6,16,6,13,15,5,9,4,,,,,,,,,,,,,,,,,,,,,,,1,10,,1,,,,,,,,,,,,,,
05/12/2026,Donors,Carrollton,,24,,,,,,,,,,,,,,,,,,,,,,,,,,,,,,,,,,,,,,,,,,,,,,,,,,,,,,,,,,,,,
05/12/2026,"End of Day/Equipment Count",Weirton,,,,,,,,,,,,,144,260,,,,,,,,,,,,,,,,,,,,,,,,,,,,,,,,,,,,,,,,,,2,1,,1,1,,,
05/12/2026,Donors,"Westlake ADC",,46,,,,,,,,,,,,,,,,,,,,,,,,,,,,,,,,,,,,,,,,,,,,,,,,,,,,,,,,,,,,,
05/12/2026,"End of Day/Equipment Count",Perry,,,,,,,,,,,,,464,120,15,5,14,7,24,20,4,4,18,,,,,,,,,,,,,,,,,,,,,,,,,,,,,,,,,5,,,1,,1,4,
05/12/2026,"End of Day/Equipment Count","Snow Road",,,,,,,,,,,,,144,356,9,0,11,14,34,23,8,1,18,,,,,,,,,,,,,,,,,,,,,,,,,,,,,,,,,2,,,0,,,1,
05/12/2026,"End of Day/Equipment Count","North Canton",,,,,,,,,,,,,315,195,20,0,17,7,25,14,9,8,20,,,,,,,,,,,,,,,,,,,,,,,,,,,1,,,,,,12,1,,5,2,,3,
05/12/2026,"End of Day/Equipment Count",Painesville,,,,,,,,,,,,,125,375,11,0,6,17,11,32,1,14,11,,,,,,,,,,,,,,,,,,,,,,,3,,,,,,,,,,4,,,1,,,5,1
05/12/2026,"End of Day/Equipment Count",Alliance,,,,,,,,,,,,,213,287,20,0,30,15,34,15,10,7,19,,,,,,,,,,,,,,,,,,,,,,,,,,,,,,,,,2,,,5,,,1,
05/12/2026,"End of Day/Equipment Count",Carrollton,,,,,,,,,,,,,274,314,10,4,23,3,38,18,3,0,12,,,,,,,,,,,,,,,,,,,,,,,,,,,,,,,,,6,'-2,,1,,,,
05/12/2026,"End of Day/Equipment Count",Willowick,,,,,,,,,,,,,1534,127,39,3,11,5,0,8,12,10,23,,,,,,,,,,,,,,,,,,,,,,,,,,,0,,,,,,10,2,1,8,1,1,,
05/12/2026,"End of Day/Equipment Count",Chardon,,,,,,,,,,,,,590,60,20,0,18,14,6,82,1,7,98,,,,,,,,,,,,,,,,,,,,,,,,,,,,,,,,,11,,1,4,,1,,"4 duro, 6 blue bin, 1 tote, 3 ecom containers returned, 1 cardboard"
05/12/2026,"End of Day/Equipment Count","Outlet Canton",,,136,100,8,16,,,,,,,,,,,,,,,,,,,,,,,,,,,,,,,,,,,,,,,,,,,,,,,,,,,,,,,,,
05/12/2026,"End of Day/Equipment Count",Transportation,,,,,,,,,,,,,169,330,7,14,12,9,38,23,10,4,19,,,,,,,,,,,,,,,,,,,,,,,,,,,,,,,,,4,,,0,,,0,"1 gaylord of cardboard"
05/12/2026,Donors,"Tanglewood ADC",,59,,,,,,,,,,,,,,,,,,,,,,,,,,,,,,,,,,,,,,,,,,,,,,,,,,,,,,,,,,,,,
05/12/2026,"End of Day/Equipment Count",Massillon,,,,,,,,,,,,,245,255,11,9,8,12,42,34,4,5,25,,,,,,,,,,,,,,,,,,,,,,,,,,,,,,,,,2,,,2,,,,"1 cardboard going out and 1 e-com books going out"
05/12/2026,Donors,"North Royalton ADC",,88,,,,,,,,,,,,,,,,,,,,,,,,,,,,,,,,,,,,,,,,,,,,,,,,,,,,,,,,,,,,,
05/12/2026,Donors,"Lyndhurst ADC",,33,,,,,,,,,,,,,,,,,,,,,,,,,,,,,,,,,,,,,,,,,,,,,,,,,,,,,,,,,,,,,
05/12/2026,"End of Day/Equipment Count","Lyndhurst ADC",,,,,,,,,,,,,12,145,1,4,1,6,1,3,1,4,4,,,,,,,,,,,,,,,,,,,,,,,,,,,,,,,,,,,,,,,,"Lyndhurst ADC needs plastic wrap vinyl gloves toilet paper and pallets. Thank you."
05/12/2026,"End of Day/Equipment Count","North Royalton ADC",,,,,,,,,,,,,65,,3,,8,,2,,0,,,,,,,,,,,,,,,,,,,,,,,,,,,,,,,,,,,,,,,,,,
05/12/2026,Donors,"Chesterland ADC",,38,,,,,,,,,,,,,,,,,,,,,,,,,,,,,,,,,,,,,,,,,,,,,,,,,,,,,,,,,,,,,
05/12/2026,Donors,"Jackson ADC",,21,,,,,,,,,,,,,,,,,,,,,,,,,,,,,,,,,,,,,,,,,,,,,,,,,,,,,,,,,,,,,
05/12/2026,"End of Day/Equipment Count",Strongsville,,,,,,,,,,,,,,,,,,,,,,,,,,,,,,,,,,,,,,,,,,,,,,,,,,,,,,,,5,,,2,2,,2,
05/12/2026,"End of Day/Equipment Count","Jackson ADC",,,,,,,,,,,,,8,59,0,4,0,7,0,4,1,2,4,,,,,,,,,,,,,,,,,,,,,,,,,,,,,,,,,,,,,,,,"need black container"
05/12/2026,Donors,"Lincoln Way ADC",,23,,,,,,,,,,,,,,,,,,,,,,,,,,,,,,,,,,,,,,,,,,,,,,,,,,,,,,,,,,,,,
05/12/2026,"End of Day/Equipment Count","Lincoln Way ADC",,,,,,,,,,,,,12,,0,,2,,,,,,,,,,,,,,,,,,,,,,,,,,,,,,,,,,,,,,,,,,,,,,
05/12/2026,Donors,"Hillsdale ADC",,14,,,,,,,,,,,,,,,,,,,,,,,,,,,,,,,,,,,,,,,,,,,,,,,,,,,,,,,,,,,,,
05/12/2026,"End of Day/Equipment Count","Hillsdale ADC",,,,,,,,,,,,,9,48,1,4,1,4,,,,,,,,,,,,,,,,,,,,,,,,,,,,,,,,,,,,,,,,,,,,,
05/12/2026,Donors,"Uniontown ADC",,18,,,,,,,,,,,,,,,,,,,,,,,,,,,,,,,,,,,,,,,,,,,,,,,,,,,,,,,,,,,,,
05/12/2026,"End of Day/Equipment Count","Uniontown ADC",,,,,,,,,,,,,15,49,2,3,4,7,,,,,,,,,,,,,,,,,,,,,,,,,,,,,,,,,,,,,,,,,,,,,
05/12/2026,Donors,"Outlet Cleveland",,7,,,,,,,,,,,,,,,,,,,,,,,,,,,,,,,,,,,,,,,,,,,,,,,,,,,,,,,,,,,,,
05/12/2026,"End of Day/Equipment Count",Middleburg,,,,,,,,,,,,,311,155,20,7,21,19,61,12,10,21,'-1,,,,,,,,,,,,,,,,,,,,,,,,,,,,,,,,,,,,,,,,
05/12/2026,"End of Day/Equipment Count","Outlet Cleveland",,,90,62,0,9,35,31,0,4,,,,,,,,,,70,,,70,,,,,,,,,,,,,,,,,,,,,,,,,,,,,,,,,,,,,,,,
05/12/2026,"End of Day/Equipment Count","North Olmsted",,,,,,,,,,,,,41,159,1,10,14,6,17,37,0,11,,,,,,,,,,,,,,,,,,,,,,,,,,,,,,,,,,10,1,1,5,1,,0,"4 salvage books"
05/12/2026,"Transfer and Receive","Jackson ADC",,,,,,,,,,,,,,,,,,,,,,,,,,,,,,15,0,2,0,0,1,,,,,,,,,,,,,,,,,,,,,,,,,,,,"need black container"
05/12/2026,"Transfer and Receive","North Royalton ADC",,,,,,,,,,,,,,,,,,,,,,,,,,,,,,180,4,8,0,10,0,,,,,2,,,,,,,,,,,,,,,,,,,,,,,"2rolls of shrink wrap"
05/12/2026,"Transfer and Receive",Weirton,,,,,,,,,,,,,,,,,,,,,,,,,,,,,,,,,,,,,4,,,,,,,,,,,,,,,,,,,,,,,,,,
05/12/2026,"Transfer and Receive","Westlake ADC",,,,,,,,,,,,,,,,,,,,,,,,0,2,2,0,0,,30,2,2,0,0,,,,,,,,,,,,,,,,,,,,,,,,,,,,,
05/12/2026,"Transfer and Receive","Tanglewood ADC",,,,,,,,,,,,,,,,,,,,,,,,,,,,,,60,6,6,,,,,,,,,,,,,,,,,,,,,,,,,,,,,,,"Plastic wrap"
05/12/2026,"Transfer and Receive","Route 62",,,,,,,,,,,,,,,,,,,,,,,,,,,,,,,,,20,20,,2,4,,,,,,,,,,,,,,,,,,,,,,,,,,
05/12/2026,"Transfer and Receive",Strongsville,,,,,,,,,,,,,,,,,,,,,,,,,,,,,,,,,25,15,,,2,,,,,,,,,,,,,,,,,,,,,,,,,,
05/12/2026,"Transfer and Receive","Lyndhurst ADC",,,,,,,,,,,,,,,,,,,,,,,,,,,,,,60,4,6,5,10,,,,,,,,,,,,,,,,,,,,,,,,,,,,,"Lyndhurst ADC needs toilet paper roll of plastic wrap vinyl gloves medium and pallets. Thank you."
05/12/2026,"Transfer and Receive",Willowick,,,,,,,,,,,,,,,,,,,,,,,,,,,,,,,,,20,20,,,,,,,,,,,,,,,,,,,,,,,,,,,,,
05/12/2026,"Transfer and Receive","New Philly",,,,,,,,,,,,,,,,,,,,,,,,,,,,,,,,,,,,6,,,,,,,,,,,,,,,,,,,,,,,,,,,"please do not send Raw electrical"
05/12/2026,"Transfer and Receive",Middleburg,,,,,,,,,,,,,,,,,,,,,,,,,,,,,,,,,25,20,,,,,,,,,,,,,,,,,,,,,,,,,,,,,
05/12/2026,"Transfer and Receive",Perry,,,,,,,,,,,,,,,,,,,,,,,,,,,,,,,,,,,,,,,1,,,,,,,,,,,,,,,,,,,,,,,,
05/12/2026,"Transfer and Receive",Massillon,,,,,,,,,,,,,,,,,,,,,,,,,,,,,,,,,,,,8,,,,,,,,,,,,,,,,,,,,,,,,,,,
05/12/2026,"Transfer and Receive",Wintersville,,,,,,,,,,,,,,,,,,,,,,,,,,,,,,,,,20,20,,,,,,,,,,,,,,,,,,,,,,,,,,,,,
05/12/2026,"Transfer and Receive",Painesville,,,,,,,,,,,,,,,,,,,,,,,,,,,,,,,,,,,,3,,,,,,,,,,,,,,,,,,,,,,,,,,,
05/12/2026,"Transfer and Receive","Chesterland ADC",,,,,,,,,,,,,,,,,,,,,,,,,,,,,,100,5,6,20,10,0,,,,,,,,,,,,,,,,,,,,,,,,,,,,"Glass cleaner and plastic wrap. Gaylord’s are urgently needed as we don’t have any. Thank you."
05/12/2026,"Transfer and Receive","North Olmsted",,,,,,,,,,,,,,,,,,,,,,,,,,,,,,,,,25,50,,,5,,,,,,,,,,,,,,,,,,,,,,,,,,
05/12/2026,"Transfer and Receive",Painesville,,,,,,,,,,,,,,,,,,,,,,,,,,,,,,,,,20,20,,,,,,,,,,,,,,,,,,,,,,,,,,,,,
05/12/2026,"Transfer and Receive","Washington Square",,,,,,,,,,,,,,,,,,,,,,,,,,,,,,,,,,,,,,,,,,,,,,,,,,,,,,,,,,,,,,,
05/11/2026,Donors,"Tanglewood ADC",,71,,,,,,,,,,,,,,,,,,,,,,,,,,,,,,,,,,,,,,,,,,,,,,,,,,,,,,,,,,,,,
05/12/2026,"Transfer and Receive","Snow Road",,,,,,,,,,,,,,,,,,,,,,,,,,,,,,,,,,,,4,,,,,,,,,,,,,,,,,,,,,,,,,,,
05/12/2026,"Transfer and Receive",University,,,,,,,,,,,,,,,,,,,,,,,,,,,,,,,,,25,25,,,,,,,,,,,,,,,,,,,,,,,,,,,,,
05/12/2026,"Transfer and Receive",Painesville,,,,,,,,,,,,,,,,,,,,,,,,,,,20,20,,,,,,,,,,,,,,,,,,,,,,,,,,,,,,,,,,,
05/12/2026,"Transfer and Receive","North Canton",,,,,,,,,,,,,,,,,,,,,,,,,,,,,,,,,20,20,,9,,,,,,,,,,,,,,,,,,,,,,,,,,,
05/11/2026,Donors,Wintersville,,21,,,,,,,,,,,,,,,,,,,,,,,,,,,,,,,,,,,,,,,,,,,,,,,,,,,,,,,,,,,,,"House of Carpenter- 3 Gaylords"
05/11/2026,"End of Day/Equipment Count",University,,,,,,,,,,,,,180,210,10,0,23,0,34,23,8,7,3,,,,,,,,,,,,,,,,,,,,,,,,,,,,,,,,,,,,,,,,
05/11/2026,"End of Day/Equipment Count",Alliance,,,,,,,,,,,,,448,225,20,,26,2,25,,6,6,4,,,,,,,,,,,,,,,,,,,,,,,,,,,,,,,,,4,1,,1,0,,'-1,"sending 1 gaylord outlet cardboard"
05/11/2026,Donors,Carrollton,,32,,,,,,,,,,,,,,,,,,,,,,,,,,,,,,,,,,,,,,,,,,,,,,,,,,,,,,,,,,,,,
05/11/2026,"End of Day/Equipment Count",Carrollton,,,,,,,,,,,,,247,327,14,0,12,2,23,22,0,3,15,,,,,,,,,,,,,,,,,,,,,,,,,,,,,,,,,3,0,0,5,0,0,2,"60 empty totes and boxes for food bank"
05/11/2026,"End of Day/Equipment Count",Foxboro,,,,,,,,,,,,,128,372,20,0,6,32,20,28,4,3,27,,,,,,,,,,,,,,,,,,,,,,,,,,,,,,,,,10,1,,10,,,5,"2 ecom collectible2 ecom apparel 1 ecom books 1 salvage cardboard"
05/11/2026,"End of Day/Equipment Count","New Philly",,,,,,,,,,,,,191,301,10,10,18,2,79,18,3,4,21,,,,,,,,,,,,,,,,,,,,,,,,,,,,,,,,,11,0,0,4,0,0,2,"Shipping 2 scrap metal & 1 cardboard salvage"
05/11/2026,"End of Day/Equipment Count","Route 62",,,,,,,,,,,,,223,252,12,6,21,7,11,26,10,3,25,,,,,,,,,,,,,,,,,,,,,,,,,,,,,,,,,3,,,2,,,3,
05/11/2026,"End of Day/Equipment Count","North Olmsted",,,,,,,,,,,,,112,127,7,7,21,5,31,59,0,11,35,,,,,,,,,,,,,,,,,,,,,,,0,0,0,0,0,0,0,0,0,0,11,0,0,6,0,0,2,"2 salvage books"
05/11/2026,"End of Day/Equipment Count",Middleburg,,,,,,,,,,,,,240,204,9,18,12,13,26,32,10,4,13,,,,,,,,,,,,,,,,,,,,,,,,,,,,,,,,,10,,,9,1,,3,
05/11/2026,"End of Day/Equipment Count",Willowick,,,,,,,,,,,,,1710,92,35,1,24,6,5,4,13,12,17,,,,,,,,,,,,,,,,,,,,,,,,,,,,,,,,,5,0,0,4,0,1,0,"Raw book-1 App-1 Cardboard-1"
05/11/2026,Donors,"Washington Square ADC",,27,,,,,,,,,,,,,,,,,,,,,,,,,,,,,,,,,,,,,,,,,,,,,,,,,,,,,,,,,,,,,
05/11/2026,"End of Day/Equipment Count","Snow Road",,,,,,,,,,,,,152,348,9,0,7,15,26,4,11,1,16,,,,,,,,,,,,,,,,,,,,,,,,,,,,,,,,,2,,,3,1,,1,"1 Cardboard"
05/11/2026,Donors,"Westlake ADC",,66,,,,,,,,,,,,,,,,,,,,,,,,,,,,,,,,,,,,,,,,,,,,,,,,,,,,,,,,,,,,,
05/11/2026,"End of Day/Equipment Count",Mayfield,,,,,,,,,,,,,,,,,,,,,,,,,,,,,,,,,,,,,,,,,,,,,,,7,,,1,,,,,,3,1,,4,,,2,
05/11/2026,"End of Day/Equipment Count",Perry,,,,,,,,,,,,,337,163,16,4,10,10,10,25,1,6,24,,,,,,,,,,,,,,,,,,,,,,,,,,,,,,,,,8,,,5,,,2,"sending 1 blue bin of food to campus and 1 broken blue bin to the warehouse"
05/11/2026,"End of Day/Equipment Count",Massillon,,,,,,,,,,,,,172,328,14,6,11,9,17,15,6,3,25,,,,,,,,,,,,,,,,,,,,,,,,,,,,,,,,,6,,,1,1,,,"1 glass pilot"
05/11/2026,Donors,Wintersville,,34,,,,,,,,,,,,,,,,,,,,,,,,,,,,,,,,,,,,,,,,,,,,,,,,,,,,,,,,,,,,,
05/11/2026,"End of Day/Equipment Count",Wintersville,,,,,,,,,,,,,,,,,,,,,,,,,,,,,,,,,,,,,,,,,,,,,,,,,,,,,,,,6,,1,2,,,,
05/11/2026,"End of Day/Equipment Count",Transportation,,,,,,,,,,,,,304,150,11,11,8,10,44,30,10,5,27,,,,,,,,,,,,,,,,,,,,,,,,,,,,,,,,,4,4,,,,,,
05/11/2026,"End of Day/Equipment Count","North Canton",,,,,,,,,,,,,247,263,19,1,17,7,21,21,12,8,28,,,,,,,,,,,,,,,,,,,,,,,,,,,,,,,,,,,,,,,,
05/11/2026,"End of Day/Equipment Count","Outlet Canton",,,136,100,8,16,,,,,,,,,,,,,,,,,,,,,,,,,,,,,,,,,,,,,,,,,,,,,,,,,,,,,,,,,
05/11/2026,"End of Day/Equipment Count",Weirton,,,,,,,,,,,,,126,333,,,,,,,,,,,,,,,,,,,,,,,,,,,,,,,,,,,,,,,,,,2,,,,,,,
05/11/2026,"End of Day/Equipment Count",Painesville,,,,,,,,,,,,,125,375,10,0,12,11,2,26,1,14,22,,,,,,,,,,,,,,,,,,,,,,,,,,,1,,,,,,3,1,,2,,1,,
05/11/2026,Donors,"Lyndhurst ADC",,33,,,,,,,,,,,,,,,,,,,,,,,,,,,,,,,,,,,,,,,,,,,,,,,,,,,,,,,,,,,,,
05/11/2026,Donors,"Chesterland ADC",,29,,,,,,,,,,,,,,,,,,,,,,,,,,,,,,,,,,,,,,,,,,,,,,,,,,,,,,,,,,,,,
05/11/2026,Donors,"Jackson ADC",,19,,,,,,,,,,,,,,,,,,,,,,,,,,,,,,,,,,,,,,,,,,,,,,,,,,,,,,,,,,,,,
05/11/2026,Donors,"North Royalton ADC",,97,,,,,,,,,,,,,,,,,,,,,,,,,,,,,,,,,,,,,,,,,,,,,,,,,,,,,,,,,,,,,
05/11/2026,"End of Day/Equipment Count","North Royalton ADC",,,,,,,,,,,,,70,,3,,7,,2,,0,,,,,,,,,,,,,,,,,,,,,,,,,,,,,,,,,,,,,,,,,,
05/11/2026,"End of Day/Equipment Count",Chardon,,,,,,,,,,,,,538,60,16,0,19,12,6,67,1,3,84,,,,,,,,,,,,,,,,,,,,,,,4,,,1,,,,,,,11,2,,6,,2,,"1 cardboard sent"
05/11/2026,Donors,"Uniontown ADC",,15,,,,,,,,,,,,,,,,,,,,,,,,,,,,,,,,,,,,,,,,,,,,,,,,,,,,,,,,,,,,,
05/11/2026,"End of Day/Equipment Count","Uniontown ADC",,,,,,,,,,,,,20,,0,,3,,,,,,,,,,,,,,,,,,,,,,,,,,,,,,,,,,,,,,,,,,,,,,
05/11/2026,Donors,"Hillsdale ADC",,16,,,,,,,,,,,,,,,,,,,,,,,,,,,,,,,,,,,,,,,,,,,,,,,,,,,,,,,,,,,,,
05/11/2026,"End of Day/Equipment Count","Hillsdale ADC",,,,,,,,,,,,,19,,1,,2,,,,,,,,,,,,,,,,,,,,,,,,,,,,,,,,,,,,,,,,,,,,,,
05/11/2026,"End of Day/Equipment Count","Gordon Square",,,,,,,,,,,,,168,186,25,4,22,7,14,15,5,9,6,,,,,,,,,,,,,,,,,,,,,,,2,7,,,,1,2,,,,,,,,,,2,
05/11/2026,"End of Day/Equipment Count","Washington Square",,,,,,,,,,,,,,,,,,,5,7,5,1,6,,,,,,,,,,,,,,,,,,,,,,,,,,,,,,,,,,,,,,,,"Please bring 2 gaylords of scanned books."
05/11/2026,"End of Day/Equipment Count","Jackson ADC",,,,,,,,,,,,,12,60,1,3,2,7,0,3,0,0,3,,,,,,,,,,,,,,,,,,,,,,,,,,,,,,,,,,,,,,,,
05/11/2026,Donors,"Lincoln Way ADC",,,,,,,,,,,,,,,,,,,,,,,,,,,,,,,,,,,,,,,,,,,,,,,,,,,,,,,,,,,,,,,23
05/11/2026,"End of Day/Equipment Count",Strongsville,,,,,,,,,,,,,,,,,,,,,,,,,,,,,,,,,,,,,,,,,,,,,,,,,,,,,,,,7,,,1,,,,
05/11/2026,"End of Day/Equipment Count","Lyndhurst ADC",,,,,,,,,,,,,42,150,3,2,3,5,1,3,0,1,5,,,,,,,,,,,,,,,,,,,,,,,,,,,,,,,,,,,,,,,,"Lyndhurst ADC needs Toilet Paper rolls, a roll of Plastic Wrap, and Pallets, please. Thank you."
05/11/2026,Donors,"Outlet Cleveland",,5,,,,,,,,,,,,,,,,,,,,,,,,,,,,,,,,,,,,,,,,,,,,,,,,,,,,,,,,,,,,,
05/11/2026,"End of Day/Equipment Count","Outlet Cleveland",,,97,61,0,9,43,55,0,5,,,,,,,,,,103,,,103,,,,,,,,,,,,,,,,,,,,,,,,,,,,,,,,,,,,,,,,
05/11/2026,"End of Day/Equipment Count","Washington Square ADC",,,,,,,,,,,,,28,,1,,4,,1,,0,0,,,,,,,,,,,,,,,,,,,,,,,,,,,,,,,,,,,,,,,,,"Need green adc labels"
05/11/2026,"Transfer and Receive","Jackson ADC",,,,,,,,,,,,,,,,,,,,,,,,,,,,,,15,1,1,0,0,1,,,,,,,,,,,,,,,,,,,,,,,,,,,,
05/11/2026,"Transfer and Receive","Lyndhurst ADC",,,,,,,,,,,,,,,,,,,,,,,,,,,,,,0,2,2,,10,0,,,,,,,,,,,,,,,,,,,,,,,,,,,,"Lyndhurst ADC needs rolls of Toilet Paper. Thank you. Sorry this order is late. I came in at 2pm and learned the 1pm order was not sent in yet."
05/11/2026,"Transfer and Receive","Uniontown ADC",,,,,,,,,,,,,,,,,,,,,,,,,,,,,,0,0,0,,,,,,,,,,,,,,,,,,,,,,,,,,,,,,,
05/11/2026,"Transfer and Receive",Middleburg,,,,,,,,,,,,,,,,,,,,,,,,,,,,,,,,,20,20,,,,,,,,,,,,,,,,,,,,,,,,,,,,,
05/11/2026,"Transfer and Receive","Westlake ADC",,,,,,,,,,,,,,,,,,,,,,,,0,2,2,1,0,,0,2,2,8,0,,,,,,,,,,,,,,,,,,,,,,,,,,,,,
05/11/2026,"Transfer and Receive",Weirton,,,,,,,,,,,,,,,,,,,,,,,,,,,,,,,,,20,8,,8,,,0,,,,,,,,,,,,,,,,,,,,,,,,
05/11/2026,"Transfer and Receive",Massillon,,,,,,,,,,,,,,,,,,,,,,,,,,,,,,,,,20,,,2,6,,,,,,,,,,,,,,,,,,,,,,,,,,
05/11/2026,"Transfer and Receive",Alliance,,,,,,,,,,,,,,,,,,,,,,,,,,,,,,,,,20,20,,,,,,,,,,,,,,,,,,,,,,,,,,,,,
05/11/2026,"Transfer and Receive","Route 62",,,,,,,,,,,,,,,,,,,,,,,,,,,,,,,,,,,,,4,,,,,,,,,,,,,,,,,,,,,,,,,,
05/11/2026,"Transfer and Receive",Foxboro,,,,,,,,,,,,,,,,,,,,,,,,,,,,,,,,,20,20,4,12,,,1,,1,,,,,,,,,,,,,,,,,,,,,,
05/11/2026,"Transfer and Receive","Washington Square ADC",,,,,,,,,,,,,,,,,,,,,,,,,,,,,,30,1,4,0,0,0,,,,,,,,,,,,,,,,,,,,,,,,,,,,
05/11/2026,"Transfer and Receive","Gordon Square",,,,,,,,,,,,,,,,,,,,,,,,,,,,,,,,,,,,14,6,,,,,,,,,,,,,,,,,,,,,,,,,,
05/11/2026,"Transfer and Receive","Lincoln Way ADC",,,,,,,,,,,,,,,,,,,,,,,,0,0,0,0,0,0,,,,,,,,,,,,,,,,,,,,,,,,,,,,,,,,,,
05/11/2026,"Transfer and Receive","Hillsdale ADC",,,,,,,,,,,,,,,,,,,,,,,,,,,,,,15,0,1,,,,,,,,,,,,,,,,,,,,,,,,,,,,,,,
05/11/2026,"Transfer and Receive","New Philly",,,,,,,,,,,,,,,,,,,,,,,,,,,,,,,,,,,,8,6,,,,,,,,,,,,,,,,,,,,,,,,,,"please do not send raw electrical."
05/11/2026,"Transfer and Receive","North Royalton ADC",,,,,,,,,,,,,,,,,,,,,,,,,,,,,,120,4,8,0,0,0,,,,,1,,,,,,,,,,,,,,,,,,,,,,,"Rubber bands 2 rolls of shrink wrap"
05/11/2026,"Transfer and Receive","Tanglewood ADC",,,,,,,,,,,,,,,,,,,,,,,,,,,,,,60,6,4,,10,,,,,,,,,,,,,,,,,,,,,,,,,,,,,"Plastic wrap"
05/11/2026,"Transfer and Receive","Washington Square",,,,,,,,,,,,,,,,,,,,,,,,,,,,,,,,,,,,,,,,,,,,,,,,,,,,,,,,,,,,,,,"Requesting 2 gaylords of scanned books"
05/11/2026,"Transfer and Receive",Westlake,,,,,,,,,,,,,,,,,,,,,,,,,,,,,,,,,,,,,,,,,,,,,,,,,,,,,,,,,,,,,,,"2 containers of books please"
05/11/2026,"Transfer and Receive",Chardon,,,,,,,,,,,,,,,,,,,,,,,,,,,,,,,,,20,20,5,,,,,,,,,,,,,,,,,,,,,,,,,,,,
05/11/2026,"Transfer and Receive",University,,,,,,,,,,,,,,,,,,,,,,,,,,,,,,,,,25,25,,,,,,,,,,,,,,,,,,,,,,,,,,,,,
05/11/2026,"Transfer and Receive",Willowick,,,,,,,,,,,,,,,,,,,,,,,,,,,,,,,,,20,20,,,,,,,,,,,,,,,,,,,,,,,,,,,,,
05/11/2026,"Transfer and Receive","Snow Road",,,,,,,,,,,,,,,,,,,,,,,,,,,,,,,,,20,,,6,2,,,,,,,,,,,,,,,,,,,,,,,,,,
05/11/2026,"Transfer and Receive",Painesville,,,,,,,,,,,,,,,,,,,,,,,,,,,,,,,,,20,20,,,,,,,,,,,,,,,,,,,,,,,,,,,,,
05/10/2026,"End of Day/Equipment Count",University,,,,,,,,,,,,,180,210,10,0,18,12,27,24,6,8,9,,,,,,,,,,,,,,,,,,,,,,,,11,,1,,1,,,,,3,,,4,,1,2,"Salvage Cardboard = 1, eCom North = 2"
05/10/2026,"End of Day/Equipment Count",Willowick,,,,,,,,,,,,,1386,125,40,0,10,5,0,8,11,13,19,,,,,,,,,,,,,,,,,,,,,,,,0,,,,,,,,,9,1,1,5,1,1,,
05/10/2026,"End of Day/Equipment Count",Mayfield,,,,,,,,,,,,,,,,,,,,,,,,,,,,,,,,,,,,,,,,,,,,,,,4,,,,,,,,,,,,2,,,,
05/10/2026,"End of Day/Equipment Count","New Philly",,,,,,,,,,,,,189,311,9,11,15,5,97,11,5,4,24,,,,,,,,,,,,,,,,,,,,,,,,,,,,,,,,,6,,,5,,,,
05/10/2026,"End of Day/Equipment Count","Route 62",,,,,,,,,,,,,247,210,10,7,27,1,19,29,5,6,33,,,,,,,,,,,,,,,,,,,,,,,,,,,,,,,,,4,1,,4,,,,"1 book outlet"
05/10/2026,"End of Day/Equipment Count",Middleburg,,,,,,,,,,,,,311,87,13,13,17,18,17,31,8,6,21,,,,,,,,,,,,,,,,,,,,,,,,,,,,,,,,,7,1,,7,,1,2,
05/10/2026,"End of Day/Equipment Count",Transportation,,,,,,,,,,,,,294,180,13,8,10,7,42,18,12,7,22,,,,,,,,,,,,,,,,,,,,,,,,,,,,,,,,,4,,,2,,,1,
05/10/2026,"End of Day/Equipment Count",Painesville,,,,,,,,,,,,,136,364,6,4,13,10,8,30,3,15,8,,,,,,,,,,,,,,,,,,,,,,,,6,,,,,,,,,5,,,3,1,1,,
05/10/2026,"End of Day/Equipment Count",Massillon,,,,,,,,,,,,,226,274,12,8,9,11,51,14,3,2,13,,,,,,,,,,,,,,,,,,,,,,,,,,,,,,,,,4,1,,3,,,,"1 Gaylord of shoes going out, 1 Gaylord of cardboard going out."
05/10/2026,Donors,"Lyndhurst ADC",,19,,,,,,,,,,,,,,,,,,,,,,,,,,,,,,,,,,,,,,,,,,,,,,,,,,,,,,,,,,,,,
05/10/2026,"End of Day/Equipment Count","Chesterland ADC",,,,,,,,,,,,,70,,5,,7,,6,,,,,,,,,,,,,,,,,,,,,,,,,,,,,,,,,,,,,,,,,,,,
05/10/2026,Donors,"Washington Square ADC",,7,,,,,,,,,,,,,,,,,,,,,,,,,,,,,,,,,,,,,,,,,,,,,,,,,,,,,,,,,,,,,
05/10/2026,Donors,"Chesterland ADC",,14,,,,,,,,,,,,,,,,,,,,,,,,,,,,,,,,,,,,,,,,,,,,,,,,,,,,,,,,,,,,,
05/10/2026,Donors,"Lyndhurst ADC",,18,,,,,,,,,,,,,,,,,,,,,,,,,,,,,,,,,,,,,,,,,,,,,,,,,,,,,,,,,,,,,
05/03/2026,"End of Day/Equipment Count","Chesterland ADC",,,,,,,,,,,,,70,,5,,7,,5,,,,,,,,,,,,,,,,,,,,,,,,,,,,,,,,,,,,,,,,,,,,
05/10/2026,"End of Day/Equipment Count","Lyndhurst ADC",,,,,,,,,,,,,10,175,1,4,0,8,0,3,1,4,7,,,,,,,,,,,,,,,,,,,,,,,,,,,,,,,,,,,,,,,,
05/10/2026,Donors,Carrollton,,9,,,,,,,,,,,,,,,,,,,,,,,,,,,,,,,,,,,,,,,,,,,,,,,,,,,,,,,,,,,,,
05/10/2026,"End of Day/Equipment Count",Carrollton,,,,,,,,,,,,,275,346,11,3,8,2,19,7,3,2,8,,,,,,,,,,,,,,,,,,,,,,,,,,,,,,,,,2,0,0,3,1,2,1,"60 empty totes returned"
05/10/2026,Donors,"Lincoln Way ADC",,22,,,,,,,,,,,,,,,,,,,,,,,,,,,,,,,,,,,,,,,,,,,,,,,,,,,,,,,,,,,,,
05/10/2026,Donors,"North Royalton ADC",,46,,,,,,,,,,,,,,,,,,,,,,,,,,,,,,,,,,,,,,,,,,,,,,,,,,,,,,,,,,,,,
05/10/2026,"End of Day/Equipment Count",Weirton,,,,,,,,,,,,,108,297,,,9,,,13,,,10,,,,,,,,,,,,,,,,,,,,,,,,,,,,,,,,,3,,,5,,,1,"1 E-com collectibles container"
05/10/2026,"Transfer and Receive","Washington Square ADC",,,,,,,,,,,,,,,,,,,,,,,,1,1,,,,,1,1,,,,,,,,,,,,,,,,,,,,,,,,,,,,,,,,
05/10/2026,"End of Day/Equipment Count","Washington Square ADC",,,,,,,,,,,,,1,4,1,,,,,,,,,,,,,,,,,,,,,,,,,,,,,,,,,,,,,,,,,,,,,,,,"Pallet of furniture"
05/10/2026,Donors,"Outlet Cleveland",,3,,,,,,,,,,,,,,,,,,,,,,,,,,,,,,,,,,,,,,,,,,,,,,,,,,,,,,,,,,,,,
05/10/2026,"End of Day/Equipment Count","Outlet Cleveland",,,90,62,0,9,47,68,0,5,,,,,,,,,,120,,,120,,,,,,,,,,,,,,,,,,,,,,,,,,,,,,,,,,,,,,,,
05/10/2026,"End of Day/Equipment Count",Perry,,,,,,,,,,,,,410,90,18,2,9,14,27,17,5,5,13,,,,,,,,,,,,,,,,,,,,,,,,,,,,,,,,,4,1,,4,,2,,
05/10/2026,Donors,"Hillsdale ADC",,9,,,,,,,,,,,,,,,,,,,,,,,,,,,,,,,,,,,,,,,,,,,,,,,,,,,,,,,,,,,,,
05/10/2026,Donors,"Uniontown ADC",,9,,,,,,,,,,,,,,,,,,,,,,,,,,,,,,,,,,,,,,,,,,,,,,,,,,,,,,,,,,,,,"Have Table and Chairs"
05/10/2026,"End of Day/Equipment Count","Hillsdale ADC",,,,,,,,,,,,,4,,1,,0,,,,,,,,,,,,,,,,,,,,,,,,,,,,,,,,,,,,,,,,,,,,,,
05/10/2026,"End of Day/Equipment Count","Uniontown ADC",,,,,,,,,,,,,4,69,1,4,1,9,,,,,,,,,,,,,,,,,,,,,,,,,,,,,,,,,,,,,,,,,,,,,"Have Table and Chairs"
05/10/2026,Donors,"Westlake ADC",,24,,,,,,,,,,,,,,,,,,,,,,,,,,,,,,,,,,,,,,,,,,,,,,,,,,,,,,,,,,,,,
05/10/2026,"End of Day/Equipment Count","North Olmsted",,,,,,,,,,,,,134,98,12,2,21,4,23,41,2,11,35,,,,,,,,,,,,,,,,,,,,,,,0,0,0,0,0,0,0,0,0,0,6,0,0,7,0,0,1,:)
05/10/2026,"End of Day/Equipment Count",Alliance,,,,,,,,,,,,,318,182,20,0,37,2,34,4,13,7,8,,,,,,,,,,,,,,,,,,,,,,,,,,,,,,,,,1,,,3,,,,"Sending out 1 Gaylord of Ebooks and 1 Gaylord of cardboard.."
05/10/2026,"End of Day/Equipment Count","North Royalton ADC",,,,,,,,,,,,,91,,3,,3,,4,,0,,,,,,,,,,,,,,,,,,,,,,,,,,,,,,,,,,,,,,,,,,"One wrapped pallet of furniture"
05/10/2026,Donors,"Jackson ADC",,8,,,,,,,,,,,,,,,,,,,,,,,,,,,,,,,,,,,,,,,,,,,,,,,,,,,,,,,,,,,,,
05/10/2026,"End of Day/Equipment Count","Jackson ADC",,,,,,,,,,,,,8,,0,,0,,,,,,,,,,,,,,,,,,,,,,,,,,,,,,,,,,,,,,,,,,,,,,
05/10/2026,"End of Day/Equipment Count","Washington Square",,,,,,,,,,,,,,,,,,,5,7,5,0,2,,,,,,,,,,,,,,,,,,,,,,,,,,,,,,,,,,,,,,,,
05/10/2026,"End of Day/Equipment Count",Wintersville,,,,,,,,,,,,,,,,,,,,,,,,,,,,,,,,,,,,,,,,,,,,,,,,,,,,,,,,2,1,,3,1,,,
05/10/2026,"End of Day/Equipment Count",Strongsville,,,,,,,,,,,,,,,,,,,,,,,,,,,,,,,,,,,,,,,,,,,,,,,,,,,,,,,,5,1,,2,,,,
05/10/2026,"End of Day/Equipment Count","Outlet Canton",,,136,100,8,16,,,,,,,,,,,,,,,,,,,,,,,,,,,,,,,,,,,,,,,,,,,,,,,,,,,,,,,,,
05/10/2026,"End of Day/Equipment Count",Foxboro,,,,,,,,,,,,,231,269,20,0,11,19,47,39,4,5,43,,,,,,,,,,,,,,,,,,,,,,,,,,,,,,,,,,,,,,,,
05/10/2026,"End of Day/Equipment Count","Snow Road",,,,,,,,,,,,,124,366,9,0,9,16,25,7,9,'-1,6,,,,,,,,,,,,,,,,,,,,,,,,,,,,,,,,,4,,,1,,,2,
05/10/2026,"End of Day/Equipment Count","Lyndhurst ADC",,,,,,,,,,,,,63,97,3,4,5,10,3,5,0,0,10,,,,,,,,,,,,,,,,,,,,,,,,,,,,,,,,,,,,,,,,"Tanglewood ADC needs Donation Receipts and a roll of Plastic Wrap, please. Thank you."
05/10/2026,"End of Day/Equipment Count",Chardon,,,,,,,,,,,,,513,60,21,0,16,14,6,58,0,0,71,,,,,,,,,,,,,,,,,,,,,,,,,,2,,1,,,,,4,,,13,'-1,,,
05/10/2026,"Transfer and Receive","Chesterland ADC",,,,,,,,,,,,,,,,,,,,,,,,,,,,,,60,10,7,15,0,0,,,,,,,,,,,,,,,,,,,,,,,,,,,,
05/10/2026,"End of Day/Equipment Count",Chardon,,,,,,,,,,,,,513,60,21,0,16,14,6,58,0,0,71,,,,,,,,,,,,,,,,,,,,,,,,,,2,,2,,,,,4,,,3,1,,,"Do not send Gaylords or Pallets on Monday"
05/10/2026,"End of Day/Equipment Count","North Canton",,,,,,,,,,,,,225,303,17,3,22,8,11,0,5,2,5,,,,,,,,,,,,,,,,,,,,,,,,,,,,,,,,,12,,,10,1,,,
05/10/2026,"Transfer and Receive",Willowick,,,,,,,,,,,,,,,,,,,,,,,,,,,,,,,,,20,20,,,,,,,,,,,,,,,,,,,,,,,,,,,,,
05/10/2026,"Transfer and Receive","Jackson ADC",,,,,,,,,,,,,,,,,,,,,,,,,,,,,,0,0,0,,,,,,,,,,,,,,,,,,,,,,,,,,,,,,,
05/10/2026,"Transfer and Receive",Alliance,,,,,,,,,,,,,,,,,,,,,,,,,,,,,,,,,20,20,,,,,,,,,,,,,,,,,,,,,,,,,,,,,
05/10/2026,"Transfer and Receive","Westlake ADC",,,,,,,,,,,,,,,,,,,,,,,,0,1,0,1,0,,30,1,0,0,10,,,,,,,,,,,,,,,,,,,,,,,,,,,,,
05/10/2026,"Transfer and Receive","North Olmsted",,,,,,,,,,,,,,,,,,,,,,,,,,,,,,,,,25,,,4,8,,,,,,,,,,,,,,,,,,,,,,,,,,
05/10/2026,"Transfer and Receive",Middleburg,,,,,,,,,,,,,,,,,,,,,,,,,,,,,,,,,25,7,,,,,,,,,,,,,,,,,,,,,,,,,,,,,
05/10/2026,"Transfer and Receive","Lyndhurst ADC",,,,,,,,,,,,,,,,,,,,,,,,,,,,,,60,2,2,0,10,0,,,,,,,,,,,,,,,,,,,,,,,,,,,,"Lyndhurst ADC needs wrap for totes. Thank you."
05/09/2026,Donors,"Tanglewood ADC",,69,,,,,,,,,,,,,,,,,,,,,,,,,,,,,,,,,,,,,,,,,,,,,,,,,,,,,,,,,,,,,
05/04/2026,Donors,"Tanglewood ADC",,50,,,,,,,,,,,,,,,,,,,,,,,,,,,,,,,,,,,,,,,,,,,,,,,,,,,,,,,,,,,,,
05/10/2026,"Transfer and Receive",Massillon,,,,,,,,,,,,,,,,,,,,,,,,,,,,,,,,,,10,,5,4,,,,,,,,,,,,,,,,,,,,,,,,,,
05/08/2026,Donors,"Lyndhurst ADC",,41,,,,,,,,,,,,,,,,,,,,,,,,,,,,,,,,,,,,,,,,,,,,,,,,,,,,,,,,,,,,,
05/07/2026,Donors,"Lyndhurst ADC",,45,,,,,,,,,,,,,,,,,,,,,,,,,,,,,,,,,,,,,,,,,,,,,,,,,,,,,,,,,,,,,
05/05/2026,Donors,"Lyndhurst ADC",,47,,,,,,,,,,,,,,,,,,,,,,,,,,,,,,,,,,,,,,,,,,,,,,,,,,,,,,,,,,,,,
05/04/2026,Donors,"Lyndhurst ADC",,45,,,,,,,,,,,,,,,,,,,,,,,,,,,,,,,,,,,,,,,,,,,,,,,,,,,,,,,,,,,,,
05/03/2026,Donors,"Lyndhurst ADC",,51,,,,,,,,,,,,,,,,,,,,,,,,,,,,,,,,,,,,,,,,,,,,,,,,,,,,,,,,,,,,,
05/03/2026,Donors,"Jackson ADC",,23,,,,,,,,,,,,,,,,,,,,,,,,,,,,,,,,,,,,,,,,,,,,,,,,,,,,,,,,,,,,,
05/10/2026,"Transfer and Receive","Lincoln Way ADC",,,,,,,,,,,,,,,,,,,,,,,,0,0,0,0,0,0,,,,,,,,,,,,,,,,,,,,,,,,,,,,,,,,,,
05/09/2026,Donors,"Pepper Pike ADC",,49,,,,,,,,,,,,,,,,,,,,,,,,,,,,,,,,,,,,,,,,,,,,,,,,,,,,,,,,,,,,,
05/08/2026,Donors,"Pepper Pike ADC",,38,,,,,,,,,,,,,,,,,,,,,,,,,,,,,,,,,,,,,,,,,,,,,,,,,,,,,,,,,,,,,
05/07/2026,Donors,"Pepper Pike ADC",,60,,,,,,,,,,,,,,,,,,,,,,,,,,,,,,,,,,,,,,,,,,,,,,,,,,,,,,,,,,,,,
05/06/2026,Donors,"Pepper Pike ADC",,35,,,,,,,,,,,,,,,,,,,,,,,,,,,,,,,,,,,,,,,,,,,,,,,,,,,,,,,,,,,,,
05/05/2026,Donors,"Pepper Pike ADC",,39,,,,,,,,,,,,,,,,,,,,,,,,,,,,,,,,,,,,,,,,,,,,,,,,,,,,,,,,,,,,,
05/04/2026,Donors,"Pepper Pike ADC",,53,,,,,,,,,,,,,,,,,,,,,,,,,,,,,,,,,,,,,,,,,,,,,,,,,,,,,,,,,,,,,
05/03/2026,Donors,"Pepper Pike ADC",,50,,,,,,,,,,,,,,,,,,,,,,,,,,,,,,,,,,,,,,,,,,,,,,,,,,,,,,,,,,,,,
05/09/2026,Donors,"Shuffel ADC",,11,,,,,,,,,,,,,,,,,,,,,,,,,,,,,,,,,,,,,,,,,,,,,,,,,,,,,,,,,,,,,
05/08/2026,Donors,"Shuffel ADC",,8,,,,,,,,,,,,,,,,,,,,,,,,,,,,,,,,,,,,,,,,,,,,,,,,,,,,,,,,,,,,,
05/07/2026,Donors,"Shuffel ADC",,8,,,,,,,,,,,,,,,,,,,,,,,,,,,,,,,,,,,,,,,,,,,,,,,,,,,,,,,,,,,,,
05/06/2026,Donors,"Shuffel ADC",,6,,,,,,,,,,,,,,,,,,,,,,,,,,,,,,,,,,,,,,,,,,,,,,,,,,,,,,,,,,,,,
05/05/2026,Donors,"Shuffel ADC",,8,,,,,,,,,,,,,,,,,,,,,,,,,,,,,,,,,,,,,,,,,,,,,,,,,,,,,,,,,,,,,
05/04/2026,Donors,"Shuffel ADC",,9,,,,,,,,,,,,,,,,,,,,,,,,,,,,,,,,,,,,,,,,,,,,,,,,,,,,,,,,,,,,,
05/03/2026,Donors,"Shuffel ADC",,3,,,,,,,,,,,,,,,,,,,,,,,,,,,,,,,,,,,,,,,,,,,,,,,,,,,,,,,,,,,,,
05/10/2026,"Transfer and Receive","Hillsdale ADC",,,,,,,,,,,,,,,,,,,,,,,,,,,,,,0,0,0,,,,,,,,,,,,,,,,,,,,,,,,,,,,,,,
05/10/2026,"Transfer and Receive","Tanglewood ADC",,,,,,,,,,,,,,,,,,,,,,,,,,,,,,60,0,3,0,0,0,,,,,,,,,,,,,,,,,,,,,,,,,,,,"Tanglewood ADC needs Donation Receipts, please. Thank you."
05/10/2026,"Transfer and Receive",Carrollton,,,,,,,,,,,,,,,,,,,,,,,,,,,,,,,,,20,10,,4,4,,,,,,,,,,,,,,,,,,,,,,,,,,
05/10/2026,"Transfer and Receive","New Philly",,,,,,,,,,,,,,,,,,,,,,,,,,,,,2,,,,20,10,,4,4,,,,,,,,,,,,,,,,,,,,,,,,,,
05/10/2026,"Transfer and Receive","North Royalton ADC",,,,,,,,,,,,,,,,,,,,,,,,,,,,,,180,2,8,20,10,0,,,,,,,,,,,,,,,,,,,,,,,,,,,,
05/10/2026,"Transfer and Receive",Perry,,,,,,,,,,,,,,,,,,,,,,,,,,,,,,,,,20,20,,,,,,,,,,,,,,,,,,,,,,,,,,,,,
05/10/2026,"Transfer and Receive",Transportation,,,,,,,,,,,,,,,,,,,,,,,,,,,,,,,,,20,,,,4,,,,,,,,,,,,,,,,,,,,,,,,,,
05/10/2026,"Transfer and Receive","Washington Square",,,,,,,,,,,,,,,,,,,,,,,,,,,,,,,,,,,,,,,,,,,,,,,,,,,,,,,,,,,,,,,
05/10/2026,"Transfer and Receive",Chardon,,,,,,,,,,,,,,,,,,,,,,,,,,,,,,,,,20,20,,,,,,,,,,,,,,,,,,,,,,,,,,,,,
05/10/2026,"Transfer and Receive",Wintersville,,,,,,,,,,,,,,,,,,,,,,,,,,,,,,,,,,10,,,,,,,,,,,,,,,,,,,,,,,,,,,,,
05/10/2026,"Transfer and Receive","Snow Road",,,,,,,,,,,,,,,,,,,,,,,,,,,,,,,,,,20,,2,2,,,,,,,,,,,,,,,,,,,,,,,,,,
05/10/2026,"Transfer and Receive","North Canton",,,,,,,,,,,,,,,,,,,,,,,,,,,,,,,,,40,40,,12,,,,,,,,,,,,,,,,,,,,,,,,,,,
05/10/2026,"Transfer and Receive",Mayfield,,,,,,,,,,,,,,,,,,,,,,,,,,,,,,,,,40,40,,,,,,,,,,,,,,,,,,,,,,,,,,,,,
05/09/2026,"End of Day/Equipment Count",University,,,,,,,,,,,,,225,165,10,0,4,16,37,18,5,9,0,,,,,,,,,,,,,,,,,,,,,,,,,,,,,,,,,,,,,,,,
05/09/2026,"End of Day/Equipment Count",Mayfield,,,,,,,,,,,,,,,,,,,,,,,,,,,,,,,,,,,,,,,,,,,,,,,,,,,,,,,,,,,,,,,"1 cardboard"
05/09/2026,"End of Day/Equipment Count",Middleburg,,,,,,,,,,,,,256,100,16,7,19,14,16,31,6,4,30,,,,,,,,,,,,,,,,,,,,,,,,,,,,,,,,,8,1,,4,1,,2,
05/09/2026,"End of Day/Equipment Count","Gordon Square",,,,,,,,,,,,,176,165,26,2,16,2,15,22,4,5,10,,,,,,,,,,,,,,,,,,,,,,,,,,,,,,,,,6,,,4,,,1,
05/09/2026,"End of Day/Equipment Count","Route 62",,,,,,,,,,,,,288,187,5,10,18,5,20,33,4,4,39,,,,,,,,,,,,,,,,,,,,,,,'-1,,,,,,,,,,2,,,3,,,1,"1 ecom of book, 1 adc of book, 4 raw accessories gaylords, 2 raw shoes gaylords"
05/09/2026,"End of Day/Equipment Count",Mayfield,,,,,,,,,,,,,,,,,,,,,,,,,,,,,,,,,,,,,,,,,,,,,,2,9,,,1,,,,,,2,,,3,,,,"1 media"
05/09/2026,"End of Day/Equipment Count",Carrollton,,,,,,,,,,,,,331,332,9,5,9,3,8,6,3,0,9,,,,,,,,,,,,,,,,,,,,,,,,,,,,,,,,,6,0,0,5,1,0,1,"1 book and 3 bb"
05/09/2026,Donors,Carrollton,,36,,,,,,,,,,,,,,,,,,,,,,,,,,,,,,,,,,,,,,,,,,,,,,,,,,,,,,,,,,,,,
05/09/2026,"End of Day/Equipment Count","New Philly",,,,,,,,,,,,,224,276,8,12,16,4,76,20,3,2,31,,,,,,,,,,,,,,,,,,,,,,,,,,,,,1,,,,12,0,0,2,0,'-1,0,"Shipping 1 cardboard & 1 media outlet"
05/09/2026,"End of Day/Equipment Count",Weirton,,,,,,,,,,,,,100,400,,,,,,,,,,,,,,,,,,,,,,,,,,,,,,,,,,,,,,,,,,2,,,2,,,,
05/09/2026,"End of Day/Equipment Count",Strongsville,,,,,,,,,,,,,,,,,,,,,,,,,,,,,,,,,,,,,,,,,,,,,,,,,,1,,,,,,3,,,1,0,,1,
05/09/2026,Donors,"Westlake ADC",,48,,,,,,,,,,,,,,,,,,,,,,,,,,,,,,,,,,,,,,,,,,,,,,,,,,,,,,,,,,,,,
05/09/2026,Donors,"Washington Square ADC",,21,,,,,,,,,,,,,,,,,,,,,,,,,,,,,,,,,,,,,,,,,,,,,,,,,,,,,,,,,,,,,
05/09/2026,Donors,Wintersville,,22,,,,,,,,,,,,,,,,,,,,,,,,,,,,,,,,,,,,,,,,,,,,,,,,,,,,,,,,,,,,,
05/09/2026,"End of Day/Equipment Count",Willowick,,,,,,,,,,,,,1516,247,40,0,7,5,0,11,9,14,21,,,,,,,,,,,,,,,,,,,,,,,,,,,,,,,,,10,1,2,7,1,1,,
05/09/2026,"End of Day/Equipment Count",Perry,,,,,,,,,,,,,313,187,17,3,12,8,12,26,0,6,25,,,,,,,,,,,,,,,,,,,,,,,,,,,,,,,,,3,,,2,1,1,2,"sending 1 gaylord of cardboard"
05/09/2026,"End of Day/Equipment Count","Snow Road",,,,,,,,,,,,,243,357,9,0,8,8,19,10,11,4,11,,,,,,,,,,,,,,,,,,,,,,,,,,,,,,,,,3,,,0,,,,"1 christmas"
05/09/2026,"Transfer and Receive","Westlake ADC",,,,,,,,,,,,,,,,,,,,,,,,40,2,6,1,3,,60,2,6,1,6,,,,,,,,,,,,,,,,,,,,,,,,,,,,,
05/09/2026,"End of Day/Equipment Count",Painesville,,,,,,,,,,,,,114,386,10,0,10,13,4,414,0,14,20,,,,,,,,,,,,,,,,,,,,,,,,22,1,,1,0,,,,,2,,,1,,,,
05/09/2026,"End of Day/Equipment Count","North Canton",,,,,,,,,,,,,268,242,20,0,15,9,28,0,5,12,4,,,,,,,,,,,,,,,,,,,,,,,,,,,,,,,,,,,,,,,,
05/09/2026,"End of Day/Equipment Count",Chardon,,,,,,,,,,,,,473,420,18,1,23,6,6,48,1,0,56,,,,,,,,,,,,,,,,,,,,,,,,,,,1,,,,,,8,,,'-1,,,'-1,other-glass
05/09/2026,"End of Day/Equipment Count",Foxboro,,,,,,,,,,,,,280,220,20,0,15,19,15,26,4,5,30,,,,,,,,,,,,,,,,,,,,,,,,,,,,,,,,,7,1,,7,0,,2,"1 cardboard, 2 ecom apparel, 1 ecom collectibles"
05/09/2026,"End of Day/Equipment Count",Alliance,,,,,,,,,,,,,362,138,20,0,36,1,28,15,10,7,19,,,,,,,,,,,,,,,,,,,,,,,,,,,,,,,,,6,,,3,,1,,
05/09/2026,"End of Day/Equipment Count",Wintersville,,,,,,,,,,,,,,,,,,,,,,,,,,,,,,,,,,,,,,,,,,,,,,,,,,,,,,,,6,,,,,,,"1 cardboard going out"
05/09/2026,"End of Day/Equipment Count","Outlet Canton",,,136,100,8,15,,,,,,,,,,,,,,,,,,,,,,,,,,,,,,,,,,,,,,,,,,,,,,,,,,,,,,,,,
05/09/2026,"End of Day/Equipment Count","Washington Square",,,,,,,,,,,,,,,,,,,5,7,4,0,6,,,,,,,,,,,,,,,,,,,,,,,,,,,,,,,,,,,,,,,,"Requesting 2 scanned books, sending 1 outlet"
05/09/2026,Donors,"Lyndhurst ADC",,37,,,,,,,,,,,,,,,,,,,,,,,,,,,,,,,,,,,,,,,,,,,,,,,,,,,,,,,,,,,,,
05/09/2026,"End of Day/Equipment Count",Transportation,,,,,,,,,,,,,284,178,15,7,8,5,44,21,16,0,2,,,,,,,,,,,,,,,,,,,,,,,,,,,,,,,,,4,4,,,,,,
05/09/2026,"End of Day/Equipment Count","North Olmsted",,,,,,,,,,,,,103,167,0,11,17,4,17,18,0,12,33,,,,,,,,,,,,,,,,,,,,,,,,,,,,,,,,,9,,1,7,,,0,"2 raw books"
05/09/2026,Donors,"Lincoln Way ADC",,24,,,,,,,,,,,,,,,,,,,,,,,,,,,,,,,,,,,,,,,,,,,,,,,,,,,,,,,,,,,,,
05/09/2026,Donors,"North Royalton ADC",,100,,,,,,,,,,,,,,,,,,,,,,,,,,,,,,,,,,,,,,,,,,,,,,,,,,,,,,,,,,,,,
05/09/2026,"End of Day/Equipment Count",Massillon,,,,,,,,,,,,,305,195,7,13,13,7,45,22,5,3,22,,,,,,,,,,,,,,,,,,,,,,,,,,,,,,,,,2,,,4,1,,,"1 glass container going out"
05/09/2026,"End of Day/Equipment Count",Chardon,,,,,,,,,,,,,473,420,18,1,23,6,6,46,1,0,57,,,,,,,,,,,,,,,,,,,,,,,,,,,1,,,,,,8,,,1,,,1,"4 duro, 8 blue bin, 1 glass sent"
05/09/2026,Donors,"Jackson ADC",,23,,,,,,,,,,,,,,,,,,,,,,,,,,,,,,,,,,,,,,,,,,,,,,,,,,,,,,,,,,,,,"need black container"
05/09/2026,"End of Day/Equipment Count","North Royalton ADC",,,,,,,,,,,,,101,,4,,10,,1,,0,,,,,,,,,,,,,,,,,,,,,,,,,,,,,,,,,,,,,,,,,,
05/09/2026,Donors,"Chesterland ADC",,34,,,,,,,,,,,,,,,,,,,,,,,,,,,,,,,,,,,,,,,,,,,,,,,,,,,,,,,,,,,,,
05/09/2026,"End of Day/Equipment Count","Jackson ADC",,,,,,,,,,,,,12,65,0,3,1,8,0,3,'-1,3,3,,,,,,,,,,,,,,,,,,,,,,,,,,,,,,,,,,,,,,,,"need black container"
05/09/2026,Donors,"Uniontown ADC",,19,,,,,,,,,,,,,,,,,,,,,,,,,,,,,,,,,,,,,,,,,,,,,,,,,,,,,,,,,,,,,
05/09/2026,"End of Day/Equipment Count","Uniontown ADC",,,,,,,,,,,,,20,43,1,4,4,6,,,,,,,,,,,,,,,,,,,,,,,,,,,,,,,,,,,,,,,,,,,,,
05/09/2026,Donors,"Hillsdale ADC",,12,,,,,,,,,,,,,,,,,,,,,,,,,,,,,,,,,,,,,,,,,,,,,,,,,,,,,,,,,,,,,
05/09/2026,"End of Day/Equipment Count","Hillsdale ADC",,,,,,,,,,,,,8,59,1,4,2,3,,,,,,,,,,,,,,,,,,,,,,,,,,,,,,,,,,,,,,,,,,,,,
05/09/2026,"End of Day/Equipment Count","Lyndhurst ADC",,,,,,,,,,,,,64,133,2,3,3,5,1,3,0,1,7,,,,,,,,,,,,,,,,,,,,,,,,,,,,,,,,,,,,,,,,"Lyndhurst ADC needs Toilet Paper rolls, Paper Towels, and Pallets. Thank you."
05/09/2026,Donors,"Outlet Cleveland",,2,,,,,,,,,,,,,,,,,,,,,,,,,,,,,,,,,,,,,,,,,,,,,,,,,,,,,,,,,,,,,
05/09/2026,"End of Day/Equipment Count","Outlet Cleveland",,,90,62,0,9,48,51,0,5,,,,,,,,,,104,,,104,,,,,,,,,,,,,,,,,,,,,,,,,,,,,,,,,,,,,,,,
05/09/2026,"End of Day/Equipment Count","Washington Square ADC",,,,,,,,,,,,,32,,1,,3,,0,,0,0,0,,,,,,,,,,,,,,,,,,,,,,,,,,,,,,,,,,,,,,,,"Need green adc labels"
05/09/2026,"Transfer and Receive","Jackson ADC",,,,,,,,,,,,,,,,,,,,,,,,,,,,,,0,2,1,0,0,1,,,,,,,,,,,,,,,,,,,,,,,,,,,,"need black container"
05/09/2026,"Transfer and Receive",Foxboro,,,,,,,,,,,,,,,,,,,,,,,,,,,,,,,,,20,20,,8,4,,,,,,,,,,,,,,,,,,,,,,,,,,
05/09/2026,"Transfer and Receive",Middleburg,,,,,,,,,,,,,,,,,,,,,,,,,,,,,,,,,25,10,,,4,,,,,,,,,,,,,,,,,,,,,,,,,,
05/09/2026,"Transfer and Receive","Washington Square ADC",,,,,,,,,,,,,,,,,,,,,,,,,,,,,,30,1,3,0,0,0,,,,,,,,,,,,,,,,,,,,,,,,,,,,
05/09/2026,"Transfer and Receive","Lincoln Way ADC",,,,,,,,,,,,,,,,,,,,,,,,,,,,,,,,,,,,,,,,,,,,,,,,,,,,,,,,,,,,,,,"Forgot to request a few bags of rubber bands on last form"
05/09/2026,"Transfer and Receive","Lincoln Way ADC",,,,,,,,,,,,,,,,,,,,,,,,0,0,0,0,0,0,,,,,,,,,,,,,,,,,,,,,,,,,,,,,,,,,,
05/09/2026,"Transfer and Receive","Route 62",,,,,,,,,,,,,,,,,,,,,,,,,,,,,,,,,,,,2,,,,,,,,,,,,,,,,,,,,,,,,,,,
05/09/2026,"Transfer and Receive","North Royalton ADC",,,,,,,,,,,,,,,,,,,,,,,,,,,,,,120,4,8,0,0,0,,,,,,,,,,,,,,,,,,,,,,,,,,,,"2 rolls of shrink wrap"
05/09/2026,"Transfer and Receive",Carrollton,,,,,,,,,,,,,,,,,,,,,,,,,,,,,,,,,,,,8,8,,,,,,,,,,,,,,,,,,,,,,,,,,
05/09/2026,"Transfer and Receive","Lyndhurst ADC",,,,,,,,,,,,,,,,,,,,,,,,,,,,,,0,0,0,0,0,1,,,,,,,,,,,,,,,,,,,,,,,,,,,,"Lyndhurst ADC could use some Toilet Rolls and Paper Towels, please. Thank you."
05/09/2026,"Transfer and Receive","Tanglewood ADC",,,,,,,,,,,,,,,,,,,,,,,,,,,,,,60,6,4,,10,,,,,,,,,,,,,,,,,,,,,,,,,,,,,"Plastic wrap"
05/09/2026,"Transfer and Receive","New Philly",,,,,,,,,,,,,,,,,,,,,,,,,,,,,,,,,,,,12,4,,,,,,,,,,,,,,,,,,,,,,,,,,"please do not send raw electrical"
05/09/2026,"Transfer and Receive","Chesterland ADC",,,,,,,,,,,,,,,,,,,,,,,,,,,,,,30,10,6,4,,,,,,,,,,,,,,,,,,,,,,,,,,,,,,
05/09/2026,"Transfer and Receive",Transportation,,,,,,,,,,,,,,,,,,,,,,,,,,,,,,,,,,40,,,,,,,,,,,,,,,,,,,,,,,,,,,,,
05/09/2026,"Transfer and Receive",Painesville,,,,,,,,,,,,,,,,,,,,,,,,,,,,,,,,,,20,,,,,,,,,,,,,,,,,,,,,,,,,,,,,
05/09/2026,"Transfer and Receive",University,,,,,,,,,,,,,,,,,,,,,,,,,,,,,,,,,25,25,,,,,,,,,,,,,,,,,,,,,,,,,,,,,
05/09/2026,"Transfer and Receive",Massillon,,,,,,,,,,,,,,,,,,,,,,,,,,,,,,,,,,,,10,4,,,,,,,,,,,,,,,,,,,,,,,,,,
05/09/2026,"Transfer and Receive","Washington Square",,,,,,,,,,,,,,,,,,,,,,,,,,,,,,,,,,,,,,,,,,,,,,,,,,,,,,,,,,,,,,,"Requesting 2 gaylords of scanned books"
05/09/2026,"Transfer and Receive",Westlake,,,,,,,,,,,,,,,,,,,,,,,,,,,,,,,,,,,,,,,,,,,,,,,,,,,,,,,,,,,,,,,"2 containers of books please"
05/09/2026,"Transfer and Receive","North Olmsted",,,,,,,,,,,,,,,,,,,,,,,,,,,,,,,,,25,25,,,8,,,,,,,,,,,,,,,,,,,,,,,,,,"HI! WE STILL NEED OUR HAZPAD TOTES BACK PLEASE. THANK YOU :)"
05/09/2026,"Transfer and Receive",Chardon,,,,,,,,,,,,,,,,,,,,,,,,,,,,,,,,,20,19,,,,,,,,,,,,,,,,,,,,,,,,,,,,,
05/09/2026,"Transfer and Receive",Weirton,,,,,,,,,,,,,,,,,,,,,,,,,,,,,,,,,,8,3,,4,,,,,,,,,,,,,,,,,,,,,,,,,,
05/09/2026,"Transfer and Receive","Snow Road",,,,,,,,,,,,,,,,,,,,,,,,,,,,,,,,,,,,6,4,,,,,,,,,,,,,,,,,,,,,,,,,,
05/08/2026,"End of Day/Equipment Count",University,,,,,,,,,,,,,120,270,10,0,0,20,23,32,5,9,13,,,,,,,,,,,,,,,,,,,,,,,,3,,1,2,1,,,,,4,1,,9,,,2,"Salvage Cardboard = 1, eCom North = 1, eCom South = 1"
05/08/2026,"End of Day/Equipment Count","Route 62",,,,,,,,,,,,,465,104,20,0,29,6,23,21,7,7,29,,,,,,,,,,,,,,,,,,,,,,,,,,,,,,,,,1,,,1,,,2,"sending out container of food for warehouse"
05/08/2026,"End of Day/Equipment Count","Route 62",,,,,,,,,,,,,351,133,4,13,26,1,23,45,4,6,52,,,,,,,,,,,,,,,,,,,,,,,,,,,,,,,,,4,,,1,,,2,"1 ecom of jewlery shoes and apparel, 1 ecom of computer, 1 pallet of furniture"
05/08/2026,"End of Day/Equipment Count","New Philly",,,,,,,,,,,,,160,340,8,12,16,4,76,25,3,4,37,,,,,,,,,,,,,,,,,,,,,,,,,,,,,,,,,5,1,,3,,,1,"shipping 1 cardboard salvage"
05/08/2026,"End of Day/Equipment Count",Mayfield,,,,,,,,,,,,,,,,,,,,,,,,,,,,,,,,,,,,,,,,,,,,,,,2,,1,,2,,,,,1,,,5,,,,
05/08/2026,"End of Day/Equipment Count",Strongsville,,,,,,,,,,,,,,,,,,,,,,,,,,,,,,,,,,,,,,,,,,,,,,,,,,,,,,,,5,1,,2,,,2,
05/08/2026,"End of Day/Equipment Count","Snow Road",,,,,,,,,,,,,231,369,8,0,5,13,18,12,12,4,10,,,,,,,,,,,,,,,,,,,,,,,,,,,,,,,,,6,1,,3,,,,"1 winter , 1 raw books"
05/08/2026,"End of Day/Equipment Count","North Canton",,,,,,,,,,,,,236,274,19,1,23,5,16,9,6,12,13,,,,,,,,,,,,,,,,,,,,,,,,,,,,,,,,,,,,,,,,
05/08/2026,Donors,Wintersville,,17,,,,,,,,,,,,,,,,,,,,,,,,,,,,,,,,,,,,,,,,,,,,,,,,,,,,,,,,,,,,,
05/08/2026,Donors,"Washington Square ADC",,22,,,,,,,,,,,,,,,,,,,,,,,,,,,,,,,,,,,,,,,,,,,,,,,,,,,,,,,,,,,,,"Need adc green abels"
05/08/2026,Donors,"Westlake ADC",,42,,,,,,,,,,,,,,,,,,,,,,,,,,,,,,,,,,,,,,,,,,,,,,,,,,,,,,,,,,,,,
05/08/2026,"End of Day/Equipment Count",Foxboro,,,,,,,,,,,,,81,418,18,1,7,20,13,39,4,3,39,,,,,,,,,,,,,,,,,,,,,,,,,,,,,1,,,,15,1,,10,2,,4,"1 collectible 2 apparel 2 ecom books 1 salvage cardboard"
05/08/2026,"End of Day/Equipment Count",Weirton,,,,,,,,,,,,,100,400,,,,,,,,,,,,,,,,,,,,,,,,,,,,,,,,,,,,,,,,,,4,,,2,,,,
05/08/2026,"End of Day/Equipment Count",Painesville,,,,,,,,,,,,,69,431,10,0,13,10,4,34,0,15,16,,,,,,,,,,,,,,,,,,,,,,,,,2,,,,,,,,5,,,4,,1,,"1 carboard"
05/08/2026,"End of Day/Equipment Count",Perry,,,,,,,,,,,,,365,135,182,2,16,9,16,12,4,6,10,,,,,,,,,,,,,,,,,,,,,,,,,,,,,,,,,3,1,,2,,,3,"1 salvage cardboard"
05/08/2026,"End of Day/Equipment Count",Transportation,,,,,,,,,,,,,240,225,12,5,12,7,50,24,10,1,6,,,,,,,,,,,,,,,,,,,,,,,,,,,,,,,,,4,4,,,,,,
05/08/2026,"End of Day/Equipment Count","Washington Square",,,,,,,,,,,,,,,,,,,6,7,4,0,6,,,,,,,,,,,,,,,,,,,,,,,,,,,,,,,,,,,,,,,,"Requesting 2 scanned books"
05/08/2026,"Transfer and Receive","Westlake ADC",,,,,,,,,,,,,,,,,,,,,,,,20,2,3,,1,,40,2,3,,2,,,,,,,,,,,,,,,,,,,,,,,,,,,,,
05/08/2026,Donors,Carrollton,,26,,,,,,,,,,,,,,,,,,,,,,,,,,,,,,,,,,,,,,,,,,,,,,,,,,,,,,,,,,,,,
05/08/2026,"End of Day/Equipment Count",Carrollton,,,,,,,,,,,,,387,249,10,4,16,3,34,16,3,0,15,,,,,,,,,,,,,,,,,,,,,,,'-2,,,,,,,,1,,6,,,6,,,2,"12 BB and 1 Gaylord of cardboard"
05/08/2026,"End of Day/Equipment Count",Wintersville,,,,,,,,,,,,,,,,,,,,,,,,,,,,,,,,,,,,,,,,,,,,,,,,,,,,,,,,3,1,,3,,,1,
05/08/2026,"End of Day/Equipment Count",Chardon,,,,,,,,,,,,,425,360,12,4,26,2,6,31,1,4,38,,,,,,,,,,,,,,,,,,,,,,,4,,,,,,,,,,7,,,1,,,1,"8 blue bin and 4 duro, 6 stacks 13pcs"
05/08/2026,"End of Day/Equipment Count","North Olmsted",,,,,,,,,,,,,76,233,3,12,18,3,26,33,4,11,21,,,,,,,,,,,,,,,,,,,,,,,0,0,0,0,1,0,0,0,0,0,5,0,1,9,0,0,0,"1 blue bin of metal fixtures for the main warehouse"
05/08/2026,Donors,"Tanglewood ADC",,76,,,,,,,,,,,,,,,,,,,,,,,,,,,,,,,,,,,,,,,,,,,,,,,,,,,,,,,,,,,,,
05/08/2026,Donors,"North Royalton ADC",,100,,,,,,,,,,,,,,,,,,,,,,,,,,,,,,,,,,,,,,,,,,,,,,,,,,,,,,,,,,,,,
05/08/2026,"End of Day/Equipment Count","Gordon Square",,,,,,,,,,,,,113,177,21,6,17,3,38,17,3,9,12,,,,,,,,,,,,,,,,,,,,,,,,,,,,,,,,,12,5,,,,,3,
05/08/2026,Donors,"Jackson ADC",,13,,,,,,,,,,,,,,,,,,,,,,,,,,,,,,,,,,,,,,,,,,,,,,,,,,,,,,,,,,,,,
05/08/2026,Donors,"Chesterland ADC",,33,,,,,,,,,,,,,,,,,,,,,,,,,,,,,,,,,,,,,,,,,,,,,,,,,,,,,,,,,,,,,
05/08/2026,"End of Day/Equipment Count","Jackson ADC",,,,,,,,,,,,,8,50,2,1,1,3,1,3,0,2,3,,,,,,,,,,,,,,,,,,,,,,,,,,,,,,,,,,,,,,,,
05/08/2026,"End of Day/Equipment Count",Massillon,,,,,,,,,,,,,215,285,8,12,7,13,31,25,7,3,25,,,,,,,,,,,,,,,,,,,,,,,,,,,,,,,,,3,,,2,,,5,"1 gaylord of cardboard and 1 pallet of furniture"
05/08/2026,"End of Day/Equipment Count","North Royalton ADC",,,,,,,,,,,,,76,,4,,5,,2,,0,,,,,,,,,,,,,,,,,,,,,,,,,,,,,,,,,,,,,,,,,,
05/08/2026,Donors,"Lincoln Way ADC",,33,,,,,,,,,,,,,,,,,,,,,,,,,,,,,,,,,,,,,,,,,,,,,,,,,,,,,,,,,,,,,
05/08/2026,Donors,"Hillsdale ADC",,9,,,,,,,,,,,,,,,,,,,,,,,,,,,,,,,,,,,,,,,,,,,,,,,,,,,,,,,,,,,,,
05/08/2026,"End of Day/Equipment Count","Hillsdale ADC",,,,,,,,,,,,,9,,1,,1,,,,,,,,,,,,,,,,,,,,,,,,,,,,,,,,,,,,,,,,,,,,,,"Small furniture on trailer floor"
05/08/2026,"End of Day/Equipment Count",Middleburg,,,,,,,,,,,,,210,120,9,15,18,26,64,39,1,3,21,,,,,,,,,,,,,,,,,,,,,,,,,,,,,,,,,,,,,,,,
05/08/2026,Donors,"Uniontown ADC",,14,,,,,,,,,,,,,,,,,,,,,,,,,,,,,,,,,,,,,,,,,,,,,,,,,,,,,,,,,,,,,
05/08/2026,"End of Day/Equipment Count","Uniontown ADC",,,,,,,,,,,,,7,57,0,5,0,0,,,,,,,,,,,,,,,,,,,,,,,,,,,,,,,,,,,,,,,,,,,,,
05/08/2026,Donors,"Outlet Cleveland",,3,,,,,,,,,,,,,,,,,,,,,,,,,,,,,,,,,,,,,,,,,,,,,,,,,,,,,,,,,,,,,
05/08/2026,"End of Day/Equipment Count","Outlet Cleveland",,,72,51,6,9,36,32,1,3,,,,,,,,,,72,,,72,,,,,,,,,,,,,,,,,,,,,,,,,,,,,,,,,,,,,,,,
05/08/2026,"End of Day/Equipment Count","Tanglewood ADC",,,,,,,,,,,,,197,62,4,3,3,8,2,8,0,0,11,,,,,,,,,,,,,,,,,,,,,,,,,,,,,,,,,,,,,,,,"Thank you."
05/08/2026,"End of Day/Equipment Count","Washington Square ADC",,,,,,,,,,,,,12,,0,,2,,1,,0,0,,,,,,,,,,,,,,,,,,,,,,,,,,,,,,,,,,,,,,,,,
05/08/2026,"Transfer and Receive","Jackson ADC",,,,,,,,,,,,,,,,,,,,,,,,,,,,,,30,0,3,0,0,1,,,,,,,,,,,,,,,,,,,,,,,,,,,,
05/08/2026,"Transfer and Receive",Foxboro,,,,,,,,,,,,,,,,,,,,,,,,,,,,,,,,,,,4,5,4,,,,,,,,,,,,,,,,,,,,,,,,,,
05/08/2026,"Transfer and Receive",Strongsville,,,,,,,,,,,,,,,,,,,,,,,,,,,,,,,,,20,20,,,,,,,,,,,,,,,,,,,,,,,,,,,,,
05/08/2026,"Transfer and Receive","Gordon Square",,,,,,,,,,,,,,,,,,,,,,,,,,,,,,,,,,,,10,,,,,,,,,,,,,,,,,,,,,,,,,,,"Have a Great Weekend!"
05/08/2026,"Transfer and Receive","Washington Square ADC",,,,,,,,,,,,,,,,,,,,,,,,,,,,,,15,0,2,0,0,0,,,,,,,,,,,,,,,,,,,,,,,,,,,,
05/08/2026,"Transfer and Receive","Lincoln Way ADC",,,,,,,,,,,,,,,,,,,,,,,,0,0,0,0,0,9,,,,,,,,,,,,,,,,,,,,,,,,,,,,,,,,,,
05/08/2026,"Transfer and Receive","Hillsdale ADC",,,,,,,,,,,,,,,,,,,,,,,,,,,,,,0,0,0,,,,,,,,,,,,,,,,,,,,,,,,,,,,,,,
05/08/2026,"Transfer and Receive","New Philly",,,,,,,,,,,,,,,,,,,,,,,,,,,,,,,,,,,,6,4,,,,,,,,,,,,,,,,,,,,,,,,,,"please do not send raw electrical"
05/08/2026,"Transfer and Receive","North Royalton ADC",,,,,,,,,,,,,,,,,,,,,,,,,,,,,,180,4,8,10,10,3,,,,,,,,,,,,,,,,,,,,,,,,,,,,"3 rolls of shrink wrap"
05/08/2026,"Transfer and Receive",Middleburg,,,,,,,,,,,,,,,,,,,,,,,,,,,,,,,,,,8,,4,,,,,,,,,,,,,,,,,,,,,,,,,,,
05/08/2026,"Transfer and Receive",Massillon,,,,,,,,,,,,,,,,,,,,,,,,,,,,,,,,,,,,12,6,,,,,,,,,,,,,,,,,,,,,,,,,,
05/08/2026,"Transfer and Receive","Tanglewood ADC",,,,,,,,,,,,,,,,,,,,,,,,,,,,,,60,2,6,0,0,0,,,,,,,,,,,,,,,,,,,,,,,,,,,,"Thank you!"
05/08/2026,"Transfer and Receive",Wintersville,,,,,,,,,,,,,,,,,,,,,,,,,,,,,,,,,20,20,,,,,,,,,,,,,,,,,,,,,,,,,,,,,
05/08/2026,"Transfer and Receive","North Olmsted",,,,,,,,,,,,,,,,,,,,,,,,,,,,,,,,,,25,,,6,,,,,,,,,,,,,,,,,,,,,,,,,,
05/08/2026,"Transfer and Receive","Washington Square",,,,,,,,,,,,,,,,,,,,,,,,,,,,,,,,,,,,,,,,,,,,,,,,,,,,,,,,,,,,,,,"Requesting 2 scanned books"
05/08/2026,"Transfer and Receive","Snow Road",,,,,,,,,,,,,,,,,,,,,,,,,,,,,,,,,,,,4,4,,,,,,,,,,,,,,,,,,,,,,,,,,
05/08/2026,"Transfer and Receive",Weirton,,,,,,,,,,,,,,,,,,,,,,,,,,,,,,,,,,,1,3,0,,,,,,,,,,,,,,,,,,,,,,,,,,
05/08/2026,"Transfer and Receive",Chardon,,,,,,,,,,,,,,,,,,,,,,,,,,,2,,,,,,20,20,,,,,,,,,,,,,,,,,,,,,,,,,,,,,
05/08/2026,"Transfer and Receive",Perry,,,,,,,,,,,,,,,,,,,,,,,,,,,,,,,,,20,20,,,,,,,,,,,,,,,,,,,,,,,,,,,,,
05/08/2026,"Transfer and Receive",Painesville,,,,,,,,,,,,,,,,,,,,,,,,,,,,,,,,,25,25,,,,,,,,,,,,,,,,,,,,,,,,,,,,,
05/08/2026,"Transfer and Receive",Willowick,,,,,,,,,,,,,,,,,,,,,,,,,,,,,,,,,20,20,6,,,,,,,,,,,,,,,,,,,,,,,,,,,,
05/08/2026,"Transfer and Receive",Mayfield,,,,,,,,,,,,,,,,,,,,,,,,,,,,,,,,,30,30,,,,,,,,,,,,,,,,,,,,,,,,,,,,,
05/07/2026,"End of Day/Equipment Count",University,,,,,,,,,,,,,165,225,10,0,6,14,26,25,5,9,12,,,,,,,,,,,,,,,,,,,,,,,3,7,,1,,1,,,,,2,,,2,1,,2,"eCom North = 2, Salvage Cardboard = 1"
05/07/2026,"End of Day/Equipment Count",Chardon,,,,,,,,,,,,,506,300,20,0,16,9,6,32,1,5,42,,,,,,,,,,,,,,,,,,,,,,,,,,,1,,,,,,10,1,,3,,1,4,"1 stack totes"
05/07/2026,"End of Day/Equipment Count","Gordon Square",,,,,,,,,,,,,164,168,24,4,11,10,15,24,4,11,12,,,,,,,,,,,,,,,,,,,,,,,,,,,,,,,,,8,,,4,,,,
05/07/2026,"End of Day/Equipment Count",Mayfield,,,,,,,,,,,,,,,,,,,,,,,,,,,,,,,,,,,,,,,,,,,,,,,2,,,,,,,,,3,,,1,,,,"1 salvage cardboard"
05/07/2026,"End of Day/Equipment Count",Alliance,,,,,,,,,,,,,456,149,19,1,24,6,24,2,14,4,3,,,,,,,,,,,,,,,,,,,,,,,,,,,,,,,,,6,1,,3,,,1,"OUTLET BOOKS AND CARD BOARD"
05/07/2026,"End of Day/Equipment Count","Washington Square",,,,,,,,,,,,,,,,,,,5,7,3,,7,,,,,,,,,,,,,,,,,,,,,,,,,,,,,,,,,,,,,,,,
05/07/2026,"End of Day/Equipment Count",Willowick,,,,,,,,,,,,,1415,203,31,0,16,9,0,4,10,7,12,,,,,,,,,,,,,,,,,,,,,,,3,,,,,,,,,,11,0,2,9,0,0,0,
05/07/2026,"End of Day/Equipment Count","New Philly",,,,,,,,,,,,,159,341,11,9,11,9,69,30,3,5,37,,,,,,,,,,,,,,,,,,,,,,,,,,,,,,,,,3,,1,3,1,,2,
05/07/2026,"End of Day/Equipment Count",Middleburg,,,,,,,,,,,,,242,161,9,12,19,8,9,23,8,1,19,,,,,,,,,,,,,,,,,,,,,,,,1,,,,,,,,,13,1,,6,,,2,
05/07/2026,Donors,"Washington Square ADC",,14,,,,,,,,,,,,,,,,,,,,,,,,,,,,,,,,,,,,,,,,,,,,,,,,,,,,,,,,,,,,,
05/07/2026,"End of Day/Equipment Count","Washington Square ADC",,,,,,,,,,,,,1,4.5,1,4,,,,,,,,,,,,,,,,,,,,,,,,,,,,,,,,,,,,,,,,,,,,,,,
05/07/2026,"End of Day/Equipment Count","Route 62",,,,,,,,,,,,,375,116,7,11,27,0,17,26,5,5,34,,,,,,,,,,,,,,,,,,,,,,,,,,,,,,,,,3,,,1,,,1,Books/Media
05/07/2026,"Transfer and Receive","Washington Square ADC",,,,,,,,,,,,,,,,,,,,,,,,1,1,,,,,0,1,0,,,,,,,,,,,,,,,,,,,,,,,,,,,,,,,
05/07/2026,"End of Day/Equipment Count",Carrollton,,,,,,,,,,,,,425,210,9,4,26,,42,19,3,2,20,,,,,,,,,,,,,,,,,,,,,,,,,,,,,,,,,3,,,3,,,,
05/07/2026,Donors,Carrollton,,29,,,,,,,,,,,,,,,,,,,,,,,,,,,,,,,,,,,,,,,,,,,,,,,,,,,,,,,,,,,,,
05/07/2026,Donors,"Westlake ADC",,42,,,,,,,,,,,,,,,,,,,,,,,,,,,,,,,,,,,,,,,,,,,,,,,,,,,,,,,,,,,,,
05/07/2026,"Transfer and Receive","Westlake ADC",,,,,,,,,,,,,,,,,,,,,,,,40,2,1,1,3,,60,2,1,1,3,,,,,,,,,,,,,,,,,,,,,,,,,,,,,
05/07/2026,"End of Day/Equipment Count","North Olmsted",,,,,,,,,,,,,46,241,8,6,14,6,30,47,6,7,38,,,,,,,,,,,,,,,,,,,,,,,,,,,,,,,,,7,,2,2,,,2,"2 salvage books"
05/07/2026,"End of Day/Equipment Count",Perry,,,,,,,,,,,,,550,60,17,3,17,6,26,17,4,8,16,,,,,,,,,,,,,,,,,,,,,,,,,,,,,,,,,4,,,1,1,,,
05/07/2026,"End of Day/Equipment Count",Wintersville,,,,,,,,,,,,,,,,,,,,,,,,,,,,,,,,,,,,,,,,,,,,,,,,,,,,,,,,1,,1,3,,,1,
05/07/2026,"End of Day/Equipment Count","North Canton",,,,,,,,,,,,,293,217,20,0,23,5,13,0,5,8,3,,,,,,,,,,,,,,,,,,,,,,,,1,,,,,,,,,10,1,,10,1,,3,"1 salvage cardboard, 1 black plastic gaylord of GW plastic bags returned"
05/07/2026,"End of Day/Equipment Count",Weirton,,,,,,,,,,,,,135,365,,,,,,,,,,,,,,,,,,,,,,,,,,,,,,,,,,,,,,,,,,4,,,,,,2,
05/07/2026,"End of Day/Equipment Count",Painesville,,,,,,,,,,,,,113,387,10,0,13,10,14,27,3,14,9,,,,,,,,,,,,,,,,,,,,,,,,,,,,,,,,,6,,,1,,,,"1 cardboard"
05/07/2026,"End of Day/Equipment Count","Snow Road",,,,,,,,,,,,,259,341,6,3,3,17,20,16,9,3,16,,,,,,,,,,,,,,,,,,,,,,,,,,,,,,,,,2,1,,2,,,,"1 Christmas"
05/07/2026,"End of Day/Equipment Count",Massillon,,,,,,,,,,,,,336,164,17,2,6,14,31,22,4,1,26,,,,,,,,,,,,,,,,,,,,,,,,,,,,,,,,,3,,,3,,,,"1 Gaylord of Books going out."
05/07/2026,"End of Day/Equipment Count","Chesterland ADC",,,,,,,,,,,,,34,,3,,3,,1,,,,,,,,,,,,,,,,,,,,,,,,,,,,,,,,,,,,,,,,,,,,
05/07/2026,Donors,"Chesterland ADC",,38,,,,,,,,,,,,,,,,,,,,,,,,,,,,,,,,,,,,,,,,,,,,,,,,,,,,,,,,,,,,,
05/07/2026,Donors,"Tanglewood ADC",,67,,,,,,,,,,,,,,,,,,,,,,,,,,,,,,,,,,,,,,,,,,,,,,,,,,,,,,,,,,,,,
05/07/2026,"End of Day/Equipment Count",Foxboro,,,,,,,,,,,,,237,263,20,0,14,16,48,51,4,6,51,,,,,,,,,,,,,,,,,,,,,,,,,,,,,,,,,,,,,,,,
05/07/2026,Donors,"Jackson ADC",,13,,,,,,,,,,,,,,,,,,,,,,,,,,,,,,,,,,,,,,,,,,,,,,,,,,,,,,,,,,,,,
05/07/2026,Donors,"North Royalton ADC",,78,,,,,,,,,,,,,,,,,,,,,,,,,,,,,,,,,,,,,,,,,,,,,,,,,,,,,,,,,,,,,
05/07/2026,"End of Day/Equipment Count","Tanglewood ADC",,,,,,,,,,,,,148,60,3,6,7,5,2,9,0,0,7,,,,,,,,,,,,,,,,,,,,,,,,,,,,,,,,,,,,,,,,"We are really full , and have been without Plastic wrap a few days! Thank you!"
05/07/2026,"End of Day/Equipment Count","Lyndhurst ADC",,,,,,,,,,,,,22,148,1,4,2,5,0,4,0,1,10,,,,,,,,,,,,,,,,,,,,,,,,,,,,,,,,,,,,,,,,"Lyndhurst ADC needs one roll of wrapping for totes. Thanks"
05/07/2026,Donors,"Uniontown ADC",,11,,,,,,,,,,,,,,,,,,,,,,,,,,,,,,,,,,,,,,,,,,,,,,,,,,,,,,,,,,,,,
05/07/2026,"End of Day/Equipment Count","Jackson ADC",,,,,,,,,,,,,2,56,1,3,1,6,1,4,0,2,4,,,,,,,,,,,,,,,,,,,,,,,,,,,,,,,,,,,,,,,,
05/07/2026,"End of Day/Equipment Count","Uniontown ADC",,,,,,,,,,,,,8,67,0,5,1,9,,,,,,,,,,,,,,,,,,,,,,,,,,,,,,,,,,,,,,,,,,,,,
05/07/2026,"End of Day/Equipment Count","North Royalton ADC",,,,,,,,,,,,,109,,5,,9,,1,,1,,,,,,,,,,,,,,,,,,,,,,,,,,,,,,,,,,,,,,,,,,"One wrapped pallet of furniture"
05/07/2026,Donors,"Hillsdale ADC",,9,,,,,,,,,,,,,,,,,,,,,,,,,,,,,,,,,,,,,,,,,,,,,,,,,,,,,,,,,,,,,
05/07/2026,Donors,"Lincoln Way ADC",,32,,,,,,,,,,,,,,,,,,,,,,,,,,,,,,,,,,,,,,,,,,,,,,,,,,,,,,,,,,,,,
05/07/2026,"End of Day/Equipment Count","Lincoln Way ADC",,,,,,,,,,,,,28,,2,,2,,,,,,,,,,,,,,,,,,,,,,,,,,,,,,,,,,,,,,,,,,,,,,
05/07/2026,"End of Day/Equipment Count","Hillsdale ADC",,,,,,,,,,,,,8,,0,,1,,,,,,,,,,,,,,,,,,,,,,,,,,,,,,,,,,,,,,,,,,,,,,
05/07/2026,"End of Day/Equipment Count","Outlet Canton",,,136,100,8,16,,,,,,,,,,,,,,,,,,,,,,,,,,,,,,,,,,,,,,,,,,,,,,,,,,,,,,,,,
05/07/2026,Donors,"Outlet Cleveland",,5,,,,,,,,,,,,,,,,,,,,,,,,,,,,,,,,,,,,,,,,,,,,,,,,,,,,,,,,,,,,,
05/07/2026,"End of Day/Equipment Count","Outlet Cleveland",,,90,62,0,9,37,31,0,5,,,,,,,,,,73,,,73,,,,,,,,,,,,,,,,,,,,,,,,,,,,,,,,,,,,,,,,
05/07/2026,"End of Day/Equipment Count",Transportation,,,,,,,,,,,,,232,240,16,2,12,8,48,31,11,1,12,,,,,,,,,,,,,,,,,,,,,,,,,,,,,,,,,4,4,,,,,,
05/07/2026,"End of Day/Equipment Count",Strongsville,,,,,,,,,,,,,,,,,,,,,,,,,,,,,,,,,,,,,,,,,,,,,,3,,,,1,1,,,,,5,,,2,,,2,
05/07/2026,"Transfer and Receive","Tanglewood ADC",,,,,,,,,,,,,,,,,,,,,,,,,,,,,,60,1,3,0,10,0,,,,,,,,,,,,,,,,,,,,,,,,,,,,"Tanglewood ADC needs two rolls of Plastic Wrap and Donation Receipts. Thank you. So sorry Raff and I forgot to get this order done on time. Busy with Donors."
05/07/2026,"Transfer and Receive","Jackson ADC",,,,,,,,,,,,,,,,,,,,,,,,,,,,,,15,1,3,0,0,0,,,,,,,,,,,,,,,,,,,,,,,,,,,,
05/07/2026,"Transfer and Receive","Route 62",,,,,,,,,,,,,,,,,,,,,,,,,,,,,,,,,20,20,,,2,,,,,,,,,,,,,,,,,,,,,,,,,,
05/07/2026,"Transfer and Receive",Strongsville,,,,,,,,,,,,,,,,,,,,,,,,,,,,,,,,,20,20,2,,,,,,,,,,,,,,,,,,,,,,,,,,,,
05/07/2026,"Transfer and Receive",Middleburg,,,,,,,,,,,,,,,,,,,,,,,,,,,,,,,,,25,20,,,,,,,,,,,,,,,,,,,,,,,,,,,,,
05/07/2026,"Transfer and Receive","Lincoln Way ADC",,,,,,,,,,,,,,,,,,,,,,,,,,,,,,0,0,0,,,,,,,,,,,,,,,,,,,,,,,,,,,,,,,
05/07/2026,"Transfer and Receive","Hillsdale ADC",,,,,,,,,,,,,,,,,,,,,,,,,,,,,,15,1,0,,,,,,,,,,,,,,,,,,,,,,,,,,,,,,,
05/07/2026,"Transfer and Receive",Alliance,,,,,,,,,,,,,,,,,,,,,,,,,,,,,,,,,20,20,,,,,,,,,,,,,,,,,,,,,,,,,,,,,
05/07/2026,"Transfer and Receive","Gordon Square",,,,,,,,,,,,,,,,,,,,,,,,,,,,,,,,,25,25,,6,8,,,,,,,,,,,,,,,,,,,,,,,,,,
05/07/2026,"Transfer and Receive",Massillon,,,,,,,,,,,,,,,,,,,,,,,,,,,,,,,,,,,5,6,4,,,,,,,,,,,,,,,,,,,,,,,,,,
05/07/2026,"Transfer and Receive",Weirton,,,,,,,,,,,,,,,,,,,,,,,,,,,,,,,,,20,10,,2,2,,,,,,,,,,,,,,,,,,,,,,,,,,
05/07/2026,"Transfer and Receive","North Royalton ADC",,,,,,,,,,,,,,,,,,,,,,,,,,,,,,120,4,10,0,0,0,,,,,2,,,,,,,,,,,,,,,,,,,,,,,"We need more shrink wrap, please"
05/07/2026,"Transfer and Receive","Lyndhurst ADC",,,,,,,,,,,,,,,,,,,,,,,,,,,,,,60,1,1,0,0,1,,,,,,,,,,,,,,,,,,,,,,,,,,,,"Lyndhurst ADC needs Donation Receipts and a roll of Plastic Wrap. Thank you."
05/07/2026,"Transfer and Receive","New Philly",,,,,,,,,,,,,,,,,,,,,,,,,,,,,,,,,,,,8,6,,,,,,,,,,,,,,,,,,,,,,,,,,
05/07/2026,"Transfer and Receive","Washington Square",,,,,,,,,,,,,,,,,,,,,,,,,,,,,,,,,,,,,,,,,,,,,,,,,,,,,,,,,,,,,,,
05/07/2026,"Transfer and Receive","Chesterland ADC",,,,,,,,,,,,,,,,,,,,,,,,,,,,,,100,3,0,10,0,0,,,,,,,,,,,,,,,,,,,,,,,,,,,,"1 plastic wrap and 1 glass cleaner"
05/07/2026,"Transfer and Receive",University,,,,,,,,,,,,,,,,,,,,,,,,,,,,,,,,,25,25,2,,,,,,,,,,,,,,,,,,,,,,,,,,,,
05/07/2026,"Transfer and Receive",Chardon,,,,,,,,,,,,,,,,,,,,,,,,,,,,,,,,,20,20,,,,,,,,,,,,,,,,,,,,,,,,,,,,,
05/07/2026,"Transfer and Receive",Painesville,,,,,,,,,,,,,,,,,,,,,,,,,,,,,,,,,20,20,,,,,,,,,,,,,,,,,,,,,,,,,,,,,
05/07/2026,"Transfer and Receive","North Canton",,,,,,,,,,,,,,,,,,,,,,,,,,,,,,,,,20,20,5,,,,,,,,,,,,,,,,,,,,,,,,,,,,"20 gaylords and pallets and 5 containers please!"
05/07/2026,"Transfer and Receive","Snow Road",,,,,,,,,,,,,,,,,,,,,,,,,,,,,,,,,,,,4,4,,,,,,,,,,,,,,,,,,,,,,,,,,
05/06/2026,"End of Day/Equipment Count",University,,,,,,,,,,,,,150,240,10,0,6,14,30,20,5,4,9,,,,,,,,,,,,,,,,,,,,,,,7,8,,1,1,1,,,,,1,,,1,,,2,"eCom North = 2"
05/06/2026,"End of Day/Equipment Count","North Olmsted",,,,,,,,,,,,,71,208,3,14,15,7,29,42,6,8,15,,,,,,,,,,,,,,,,,,,,,,,0,0,0,0,0,0,0,0,0,0,5,1,3,4,1,0,2,
05/06/2026,"End of Day/Equipment Count",Weirton,,,,,,,,,,,,,150,350,,,,,,,,,,,,,,,,,,,,,,,,,,,,,,,,,,,,,,,,,,1,,,1,,,,
05/06/2026,"End of Day/Equipment Count","North Canton",,,,,,,,,,,,,330,190,0,20,14,10,29,10,4,9,11,,,,,,,,,,,,,,,,,,,,,,,,,,,,,,,,,,,,,,,,
05/06/2026,"End of Day/Equipment Count","New Philly",,,,,,,,,,,,,159,341,12,8,11,9,72,26,3,4,32,,,,,,,,,,,,,,,,,,,,,,,,,,,,,,,,1,7,,,,,,1,"Sending 2 Cardboard Salvage"
05/06/2026,"End of Day/Equipment Count",Willowick,,,,,,,,,,,,,1451,257,40,0,26,3,0,20,11,12,38,,,,,,,,,,,,,,,,,,,,,,,,,,,,,,,,,7,1,1,6,1,1,1,
05/06/2026,Donors,"Washington Square ADC",,19,,,,,,,,,,,,,,,,,,,,,,,,,,,,,,,,,,,,,,,,,,,,,,,,,,,,,,,,,,,,,
05/06/2026,Donors,"Westlake ADC",,46,,,,,,,,,,,,,,,,,,,,,,,,,,,,,,,,,,,,,,,,,,,,,,,,,,,,,,,,,,,,,
05/06/2026,"End of Day/Equipment Count",Massillon,,,,,,,,,,,,,194,306,10,10,7,13,18,9,0,4,12,,,,,,,,,,,,,,,,,,,,,,,,,,,,,,,,,4,2,,4,,4,,"1 gaylord of cardboard"
05/06/2026,"End of Day/Equipment Count",Perry,,,,,,,,,,,,,475,75,12,7,9,16,27,1,5,6,9,,,,,,,,,,,,,,,,,,,,,,,,,,,,3,,,,,5,,,2,,2,2,"3 trash ,1 cardboard"
05/06/2026,"End of Day/Equipment Count",Alliance,,,,,,,,,,,,,377,123,20,0,29,1,30,12,16,4,11,,,,,,,,,,,,,,,,,,,,,,,,,,,,,,,,,5,,,2,1,,2,"Sending out 1 Gaylord of cardboard..Tahnk you."
05/06/2026,"Transfer and Receive","Westlake ADC",,,,,,,,,,,,,,,,,,,,,,,,20,2,1,,1,,30,2,1,4,6,,,,,,,,,,,,,,,,,,,,,,,,,,,,,
05/06/2026,"End of Day/Equipment Count",Mayfield,,,,,,,,,,,,,,,,,,,,,,,,,,,,,,,,,,,,,,,,,,,,,,,2,,,,,,,,,5,2,,6,,,5,"2 ecom collectables"
05/06/2026,"End of Day/Equipment Count",Carrollton,,,,,,,,,,,,,398,225,14,0,26,0,39,20,2,0,17,,,,,,,,,,,,,,,,,,,,,,,,,,,,,,,,,3,,,4,,,1,
05/06/2026,"End of Day/Equipment Count","Snow Road",,,,,,,,,,,,,220,380,7,2,6,16,24,18,10,3,16,,,,,,,,,,,,,,,,,,,,,,,,,,,,,,,,,3,1,,1,,,,"1 cardboard"
05/06/2026,"End of Day/Equipment Count","Washington Square",,,,,,,,,,,,,,,,,,,7,7,3,,6,,,,,,,,,,,,,,,,,,,,,,,,,,,,,,,,,,,,,,,,"Sending out 1 outlet gaylord of books"
05/06/2026,Donors,Carrollton,,35,,,,,,,,,,,,,,,,,,,,,,,,,,,,,,,,,,,,,,,,,,,,,,,,,,,,,,,,,,,,,
05/06/2026,Donors,Wintersville,,29,,,,,,,,,,,,,,,,,,,,,,,,,,,,,,,,,,,,,,,,,,,,,,,,,,,,,,,,,,,,,
05/06/2026,"End of Day/Equipment Count",Wintersville,,,,,,,,,,,,,,,,,,,,,,,,,,,,,,,,,,,,,,,,,,,,,,,,,,,,,,,,3,1,,3,1,,,
05/06/2026,"End of Day/Equipment Count",Strongsville,,,,,,,,,,,,,,,,,,,,,,,,,,,,,,,,,,,,,,,,,,,,,,3,,,,,,,,,,5,1,,2,1,,,
05/06/2026,"End of Day/Equipment Count",Foxboro,,,,,,,,,,,,,198,302,18,2,7,18,23,37,4,1,45,,,,,,,,,,,,,,,,,,,,,,,,3,,,,,1,,,,7,,,11,'-1,,5,"1 salavge cardboard, 2 collectables, 2 apparel, 1 books"
05/06/2026,"End of Day/Equipment Count",Middleburg,,,,,,,,,,,,,180,168,20,2,26,7,25,16,9,5,26,,,,,,,,,,,,,,,,,,,,,,,,,,,,,,,,,12,,,11,1,,2,
05/06/2026,Donors,"Lyndhurst ADC",,33,,,,,,,,,,,,,,,,,,,,,,,,,,,,,,,,,,,,,,,,,,,,,,,,,,,,,,,,,,,,,
05/06/2026,"End of Day/Equipment Count","Route 62",,,,,,,,,,,,,389,133,6,11,25,0,19,11,6,4,17,,,,,,,,,,,,,,,,,,,,,,,,,,,,,,,,,5,,,5,,,3,"7 blue bins being returned, 1 outlet media"
05/06/2026,Donors,"Chesterland ADC",,33,,,,,,,,,,,,,,,,,,,,,,,,,,,,,,,,,,,,,,,,,,,,,,,,,,,,,,,,,,,,,
05/06/2026,Donors,"North Royalton ADC",,69,,,,,,,,,,,,,,,,,,,,,,,,,,,,,,,,,,,,,,,,,,,,,,,,,,,,,,,,,,,,,
05/06/2026,Donors,"Jackson ADC",,19,,,,,,,,,,,,,,,,,,,,,,,,,,,,,,,,,,,,,,,,,,,,,,,,,,,,,,,,,,,,,
05/06/2026,Donors,"Tanglewood ADC",,55,,,,,,,,,,,,,,,,,,,,,,,,,,,,,,,,,,,,,,,,,,,,,,,,,,,,,,,,,,,,,
05/06/2026,Donors,"Uniontown ADC",,11,,,,,,,,,,,,,,,,,,,,,,,,,,,,,,,,,,,,,,,,,,,,,,,,,,,,,,,,,,,,,"Need Tape"
05/06/2026,"End of Day/Equipment Count","Uniontown ADC",,,,,,,,,,,,,24,45,1,4,4,6,,,,,,,,,,,,,,,,,,,,,,,,,,,,,,,,,,,,,,,,,,,,,"Need Tape"
05/06/2026,"End of Day/Equipment Count","Chesterland ADC",,,,,,,,,,,,,75,,3,,5,,1,,,,,,,,,,,,,,,,,,,,,,,,,,,,,,,,,,,,,,,,,,,,
05/06/2026,Donors,"Hillsdale ADC",,14,,,,,,,,,,,,,,,,,,,,,,,,,,,,,,,,,,,,,,,,,,,,,,,,,,,,,,,,,,,,,"Propane tank"
05/06/2026,"End of Day/Equipment Count","Jackson ADC",,,,,,,,,,,,,4,45,0,3,2,6,1,4,'-1,0,4,,,,,,,,,,,,,,,,,,,,,,,,,,,,,,,,,,,,,,,,
05/06/2026,"End of Day/Equipment Count","Hillsdale ADC",,,,,,,,,,,,,2,58,1,4,0,5,,,,,,,,,,,,,,,,,,,,,,,,,,,,,,,,,,,,,,,,,,,,,"Propane tank"
05/06/2026,"End of Day/Equipment Count","North Royalton ADC",,,,,,,,,,,,,60,,4,,3,,1,,1,,,,,,,,,,,,,,,,,,,,,,,,,,,,,,,,,,,,,,,,,,
05/06/2026,Donors,"Lincoln Way ADC",,20,,,,,,,,,,,,,,,,,,,,,,,,,,,,,,,,,,,,,,,,,,,,,,,,,,,,,,,,,,,,,
05/06/2026,"End of Day/Equipment Count","Lincoln Way ADC",,,,,,,,,,,,,24,,1,,2,,,,,,,,,,,,,,,,,,,,,,,,,,,,,,,,,,,,,,,,,,,,,,
05/06/2026,Donors,"Outlet Cleveland",,2,,,,,,,,,,,,,,,,,,,,,,,,,,,,,,,,,,,,,,,,,,,,,,,,,,,,,,,,,,,,,
05/06/2026,"End of Day/Equipment Count","Outlet Cleveland",,,97,62,0,9,49,62,0,4,,,,,,,,,,115,,,115,,,,,,,,,,,,,,,,,,,,,,,,,,,,,,,,,,,,,,,,
05/06/2026,"End of Day/Equipment Count",Painesville,,,,,,,,,,,,,405,95,10,0,20,3,1,38,3,14,21,,,,,,,,,,,,,,,,,,,,,,,,,,,,,,,,,6,1,,5,,,,"2 cardboard"
05/06/2026,"End of Day/Equipment Count","Lyndhurst ADC",,,,,,,,,,,,,33,104,1,4,2,6,0,4,0,1,9,,,,,,,,,,,,,,,,,,,,,,,,,,,,,,,,,,,,,,,,"Lyndhurst ADC needs Donation Receipts. Thank you."
05/06/2026,"End of Day/Equipment Count",Transportation,,,,,,,,,,,,,212,227,18,2,19,5,49,28,11,0,21,,,,,,,,,,,,,,,,,,,,,,,,,,,,,,,,,3,3,,4,3,,3,
05/06/2026,"End of Day/Equipment Count","Outlet Canton",,,136,100,8,16,,,,,,,,,,,,,,,,,,,,,,,,,,,,,,,,,,,,,,,,,,,,,,,,,,,,,,,,,
05/06/2026,"End of Day/Equipment Count","Washington Square ADC",,,,,,,,,,,,,24,,1,,2,,0,,0,0,,,,,,,,,,,,,,,,,,,,,,,,,,,,,,,,,,,,,,,,,
05/06/2026,"Transfer and Receive",University,,,,,,,,,,,,,,,,,,,,,,,,,,,,,,,,,25,25,,,,,,,,,,,,,,,,,,,,,,,,,,,,,
05/06/2026,"Transfer and Receive",Foxboro,,,,,,,,,,,,,,,,,,,,,,,,,,,,,,,,,20,10,4,8,,,,,,,,,,,,,,,,,,,,,,,,,,,
05/06/2026,"Transfer and Receive","Tanglewood ADC",,,,,,,,,,,,,,,,,,,,,,,,,,,,,,30,3,0,,0,,,,,,,,,,,,,,,,,,,,,,,,,,,,,"Plastic wrap"
05/06/2026,"Transfer and Receive","Washington Square ADC",,,,,,,,,,,,,,,,,,,,,,,,,,,,,,15,1,2,0,0,0,,,,,,,,,,,,,,,,,,,,,,,,,,,,
05/06/2026,"Transfer and Receive","Gordon Square",,,,,,,,,,,,,,,,,,,,,,,,,,,,,,,,,25,15,,10,10,,,,,,,,,,,,,,,,,,,,,,,,,,
05/06/2026,"Transfer and Receive","Lincoln Way ADC",,,,,,,,,,,,,,,,,,,,,,,,,,,,,,0,0,0,,,,,,,,,,,,,,,,,,,,,,,,,,,,,,,
05/06/2026,"Transfer and Receive",Strongsville,,,,,,,,,,,,,,,,,,,,,,,,,,,,,,,,,,10,,,,,,,,,,,,,,,,,,,,,,,,,,,,,
05/06/2026,"Transfer and Receive",Massillon,,,,,,,,,,,,,,,,,,,,,,,,,,,,,,,,,20,20,,,,,,,,,,,,,,,,,,,,,,,,,,,,,
05/06/2026,"Transfer and Receive","North Olmsted",,,,,,,,,,,,,,,,,,,,,,,,,,,,,,,,,25,25,,,6,,,,,,,,,,,,,,,,,,,,,,,,,,
05/06/2026,"Transfer and Receive","North Royalton ADC",,,,,,,,,,,,,,,,,,,,,,,,,,,,,,120,0,8,0,0,0,,,,,,,,,,,,,,,,,,,,,,,,,,,,"Need plastic wrap and rubber bands"
05/06/2026,"Transfer and Receive",Middleburg,,,,,,,,,,,,,,,,,,,,,,,,,,,,,,,,,25,10,,4,,,,,,,,,,,,,,,,,,,,,,,,,,,
05/06/2026,"Transfer and Receive",Carrollton,,,,,,,,,,,,,,,,,,,,,,,,,,,,,,,,,,,,8,,,,,,,,,,,,,,,,,,,,,,,,,,,
05/06/2026,"Transfer and Receive","Washington Square",,,,,,,,,,,,,,,,,,,,,,,,,,,,,,,,,,,,,,,,,,,,,,,,,,,,,,,,,,,,,,,
05/06/2026,"Transfer and Receive",Perry,,,,,,,,,,,,,,,,,,,,,,,,,,,,,,,,,20,10,,,4,,,,,,,,,,,,,,,,,,,,,,,,,,
05/06/2026,"Transfer and Receive",Mayfield,,,,,,,,,,,,,,,,,,,,,,,,,,,,,,,,,40,40,,,,,,,,,,,,,,,,,,,,,,,,,,,,,
05/06/2026,"Transfer and Receive",Wintersville,,,,,,,,,,,,,,,,,,,,,,,,,,,,,,,,,20,20,,,,,,,,,,,,,,,,,,,,,,,,,,,,,
05/06/2026,"Transfer and Receive","New Philly",,,,,,,,,,,,,,,,,,,,,,,,,,,,,,,,,,,,8,4,,,,,,,,,,,,,,,,,,,,,,,,,,
05/06/2026,"Transfer and Receive","Route 62",,,,,,,,,,,,,,,,,,,,,,,,,,,,,,,,,20,20,,,,,,,,,,,,,,,,,,,,,,,,,,,,,
05/06/2026,"Transfer and Receive",Chardon,,,,,,,,,,,,,,,,,,,,,,,,,,,,,,,,,20,20,,,,,,,,,,,,,,,,,,,,,,,,,,,,,
05/05/2026,"End of Day/Equipment Count",Willowick,,,,,,,,,,,,,1550,150,36,0,12,4,0,10,12,10,20,,,,,,,,,,,,,,,,,,,,,,,1,,,,1,,,,,,6,,,5,,1,2,
05/05/2026,"End of Day/Equipment Count","Route 62",,,,,,,,,,,,,405,101,8,9,30,,22,23,6,5,29,,,,,,,,,,,,,,,,,,,,,,,,,,,,,,,,,5,1,,3,,,1,"1 ecom of collectables, 1 outlet book"
05/05/2026,"End of Day/Equipment Count",Mayfield,,,,,,,,,,,,,,,,,,,,,,,,,,,,,,,,,,,,,,,,,,,,,,,3,,1,,,,,,,1,,,3,,,2,"1 raw winter boots"
05/05/2026,"End of Day/Equipment Count",University,,,,,,,,,,,,,130,210,10,0,15,9,34,32,5,6,20,,,,,,,,,,,,,,,,,,,,,,,6,6,,1,1,1,,,,,1,,,5,,1,,"Salvage - Cardboard = 2;"
05/05/2026,"End of Day/Equipment Count","New Philly",,,,,,,,,,,,,115,385,10,10,12,8,71,6,3,4,16,,,,,,,,,,,,,,,,,,,,,,,,,,,,,,,,,4,,,6,1,,,"Sending 1 Cardboard Salvage"
05/05/2026,"End of Day/Equipment Count",Strongsville,,,,,,,,,,,,,,,,,,,,,,,,,,,,,,,,,,,,,,,,,,,,,,3,,,,,,,,,,4,,,,,,2,
05/05/2026,"End of Day/Equipment Count","Washington Square",,,,,,,,,,,,,,,,,,,6,7,3,,7,,,,,,,,,,,,,,,,,,,,,,,,,,,,,,,,,,,,,,,,"**Note: our ADC is sending out a large wooden cabinet/hutch"""
05/05/2026,"End of Day/Equipment Count","North Canton",,,,,,,,,,,,,315,195,20,0,13,11,26,2,7,3,3,,,,,,,,,,,,,,,,,,,,,,,,0,,,1,,,,,,11,1,,10,,,2,"1 salvage cardboard 1 green tote jewelry"
05/05/2026,Donors,Wintersville,,20,,,,,,,,,,,,,,,,,,,,,,,,,,,,,,,,,,,,,,,,,,,,,,,,,,,,,,,,,,,,,
05/05/2026,Donors,"Westlake ADC",,45,,,,,,,,,,,,,,,,,,,,,,,,,,,,,,,,,,,,,,,,,,,,,,,,,,,,,,,,,,,,,
05/05/2026,"End of Day/Equipment Count",Massillon,,,,,,,,,,,,,205,295,17,3,5,15,50,13,4,4,14,,,,,,,,,,,,,,,,,,,,,,,,,,,,,,,,,4,,,2,0,,3,
05/05/2026,Donors,"Washington Square ADC",,23,,,,,,,,,,,,,,,,,,,,,,,,,,,,,,,,,,,,,,,,,,,,,,,,,,,,,,,,,,,,,
05/05/2026,Donors,Carrollton,,25,,,,,,,,,,,,,,,,,,,,,,,,,,,,,,,,,,,,,,,,,,,,,,,,,,,,,,,,,,,,,
05/05/2026,"End of Day/Equipment Count",Carrollton,,,,,,,,,,,,,364,255,12,2,23,1,34,7,3,2,7,,,,,,,,,,,,,,,,,,,,,,,,,,,,,,,,,3,,,3,,,,"2 blue bins"
05/05/2026,"End of Day/Equipment Count","Washington Square ADC",,,,,,,,,,,,,4,3.5,1.5,4,1,6,,,,,,,,,,,,,,,,,,,,,,,,,,,,,,,,,,,,,,,,,,,,,"There is a cabinet wrapped on a pallet, ready to go"
05/05/2026,"End of Day/Equipment Count",Alliance,,,,,,,,,,,,,400,100,20,0,26,2,34,1,15,6,11,,,,,,,,,,,,,,,,,,,,,,,,4,,,,,,,,,3,,,6,,,,"sending out 4 Gaylords of raw textile..please take"
05/05/2026,"Transfer and Receive","Washington Square ADC",,,,,,,,,,,,,,,,,,,,,,,,4,,1,,,,2,0,2,,,,,,,,,,,,,,,,,,,,,,,,,,,,,,,"There is a cabinet on a pallet wrapped and ready to go"
05/05/2026,"End of Day/Equipment Count",Painesville,,,,,,,,,,,,,127,373,10,0,13,10,0,49,0,14,29,,,,,,,,,,,,,,,,,,,,,,,2,2,1,1,,,,,,,7,,,5,1,1,,"2 card board"
05/05/2026,"End of Day/Equipment Count","Snow Road",,,,,,,,,,,,,124,376,7,2,15,8,32,19,9,1,14,,,,,,,,,,,,,,,,,,,,,,,,,,,0,,,,,,3,,,2,,,1,"1 cardbord"
05/05/2026,"End of Day/Equipment Count",Perry,,,,,,,,,,,,,440,60,16,4,23,4,23,0,4,7,4,,,,,,,,,,,,,,,,,,,,,,,,,,,,,,,,,4,,,2,,1,1,"1 trash to nolberto"
05/05/2026,"End of Day/Equipment Count",Weirton,,,,,,,,,,,,,175,321,,,,,,,,,,,,,,,,,,,,,,,,,,,,,,,,,,,,,,,,,,3,,,2,,,,"blue bins 2"
05/05/2026,"End of Day/Equipment Count",Wintersville,,,,,,,,,,,,,,,,,,,,,,,,,,,,,,,,,,,,,,,,,,,,,,,,,,,,,,,,4,,,1,,,2,
05/05/2026,"End of Day/Equipment Count",Chardon,,,,,,,,,,,,,606,240,23,0,26,9,26,9,0,6,24,,,,,,,,,,,,,,,,,,,,,,,2,,,,,,,,,,6,,,,2,1,,"6 stax unmarked, 1 book sent"
05/05/2026,Donors,"Tanglewood ADC",,45,,,,,,,,,,,,,,,,,,,,,,,,,,,,,,,,,,,,,,,,,,,,,,,,,,,,,,,,,,,,,
05/05/2026,Donors,"North Royalton ADC",,81,,,,,,,,,,,,,,,,,,,,,,,,,,,,,,,,,,,,,,,,,,,,,,,,,,,,,,,,,,,,,
05/05/2026,"End of Day/Equipment Count","Hillsdale ADC",,,,,,,,,,,,,4,65,0,5,2,3,,,,,,,,,,,,,,,,,,,,,,,,,,,,,,,,,,,,,,,,,,,,,
05/05/2026,"End of Day/Equipment Count",Foxboro,,,,,,,,,,,,,233,267,20,0,12,18,47,48,4,3,51,,,,,,,,,,,,,,,,,,,,,,,,,,,,,,,,,,,,,,,,
05/05/2026,Donors,"Chesterland ADC",,47,,,,,,,,,,,,,,,,,,,,,,,,,,,,,,,,,,,,,,,,,,,,,,,,,,,,,,,,,,,,,
05/05/2026,Donors,"Jackson ADC",,31,,,,,,,,,,,,,,,,,,,,,,,,,,,,,,,,,,,,,,,,,,,,,,,,,,,,,,,,,,,,,
05/05/2026,"End of Day/Equipment Count","North Royalton ADC",,,,,,,,,,,,,62,,2,,6,,2,,0,,,,,,,,,,,,,,,,,,,,,,,,,,,,,,,,,,,,,,,,,,
05/05/2026,"End of Day/Equipment Count","Gordon Square",,,,,,,,,,,,,196,183,27,2,9,11,11,10,5,7,13,,,,,,,,,,,,,,,,,,,,,,,,,,,,,,,,,11,1,,,,,2,
05/05/2026,"End of Day/Equipment Count","Jackson ADC",,,,,,,,,,,,,1,50,1,3,1,4,1,4,'-1,2,4,,,,,,,,,,,,,,,,,,,,,,,,,,,,,,,,,,,,,,,,
05/05/2026,Donors,"Lincoln Way ADC",,23,,,,,,,,,,,,,,,,,,,,,,,,,,,,,,,,,,,,,,,,,,,,,,,,,,,,,,,,,,,,,
05/05/2026,"End of Day/Equipment Count","Lincoln Way ADC",,,,,,,,,,,,,16,,1,,2,,,,,,,,,,,,,,,,,,,,,,,,,,,,,,,,,,,,,,,,,,,,,,
05/05/2026,Donors,"Uniontown ADC",,18,,,,,,,,,,,,,,,,,,,,,,,,,,,,,,,,,,,,,,,,,,,,,,,,,,,,,,,,,,,,,
05/05/2026,"End of Day/Equipment Count","Uniontown ADC",,,,,,,,,,,,,9,53,1,4,3,7,,,,,,,,,,,,,,,,,,,,,,,,,,,,,,,,,,,,,,,,,,,,,
05/05/2026,"End of Day/Equipment Count",Middleburg,,,,,,,,,,,,,203,255,16,6,13,18,41,36,3,6,,,,,,,,,,,,,,,,,,,,,,,,,,,,,,,,,,,,,,,,,
05/05/2026,"End of Day/Equipment Count",Transportation,,,,,,,,,,,,,177,330,17,1,10,12,40,30,11,1,22,,,,,,,,,,,,,,,,,,,,,,,,,,,'-1,,,,,,6,,,2,,,1,
05/05/2026,Donors,"Outlet Cleveland",,3,,,,,,,,,,,,,,,,,,,,,,,,,,,,,,,,,,,,,,,,,,,,,,,,,,,,,,,,,,,,,
05/05/2026,"End of Day/Equipment Count","Outlet Cleveland",,,82,57,0,9,34,34,0,4,,,,,,,,,,72,,,72,,,,,,,,,,,,,,,,,,,,,,,,,,,,,,,,,,,,,,,,
05/05/2026,"End of Day/Equipment Count","North Olmsted",,,,,,,,,,,,,126,178,0,13,9,10,18,13,1,8,13,,,,,,,,,,,,,,,,,,,,,,,,,,,,,,,,,12,,3,5,,,0,
05/05/2026,"Transfer and Receive","Jackson ADC",,,,,,,,,,,,,,,,,,,,,,,,,,,,,,30,0,2,0,0,0,,,,,,,,,,,,,,,,,,,,,,,,,,,,
05/05/2026,"Transfer and Receive","Westlake ADC",,,,,,,,,,,,,,,,,,,,,,,,20,1,3,1,1,,30,1,3,0,0,,,,,,,,,,,,,,,,,,,,,,,,,,,,,
05/05/2026,"Transfer and Receive","Gordon Square",,,,,,,,,,,,,,,,,,,,,,,,,,,,,,,,,25,13,,10,6,,,,,,,,,,,,,,,,,,,,,,,,,,"Late Order"
05/05/2026,"Transfer and Receive","Lincoln Way ADC",,,,,,,,,,,,,,,,,,,,,,,,,,,,,,0,0,0,,,,,,,,,,,,,,,,,,,,,,,,,,,,,,,
05/05/2026,"Transfer and Receive",Middleburg,,,,,,,,,,,,,,,,,,,,,,,,,,,,,,,,,,10,,,,,,,,,,,,,,,,,,,,,,,,,,,,,
05/05/2026,"Transfer and Receive",Alliance,,,,,,,,,,,,,,,,,,,,,,,,,,,,,,,,,20,10,,,,,,,,,,,,,,,,,,,,,,,,,,,,,
05/05/2026,"Transfer and Receive","Tanglewood ADC",,,,,,,,,,,,,,,,,,,,,,,,,,,,,,,8,6,,12,,,,,,,,,,,,,,,,,,,,,,,,,,,,,"Plastic wrap"
05/05/2026,"Transfer and Receive",University,,,,,,,,,,,,,,,,,,,,,,,,,,,25,25,,,,,,,,,,,,,,,,,,,,,,,,,,,,,,,,,,,
05/05/2026,"Transfer and Receive","Chesterland ADC",,,,,,,,,,,,,,,,,,,,,,,,,,,,,,75,0,2,5,0,0,,,,,,,,,,,,,,,,,,,,,,,,,,,,"Glass cleaner and plastic wrap"
05/05/2026,"Transfer and Receive",Massillon,,,,,,,,,,,,,,,,,,,,,,,,,,,,,,,,,,,,6,,,,,,,,,,,,,,,,,,,,,,,,,,,
05/05/2026,"Transfer and Receive","North Royalton ADC",,,,,,,,,,,,,,,,,,,,,,,,,,,,,,60,4,8,0,0,0,,,,,1,,,,,,,,,,,,,,,,,,,,,,,"2 rolls of Shrink wrap"
05/05/2026,"Transfer and Receive","North Olmsted",,,,,,,,,,,,,,,,,,,,,,,,,,,,,,,,,25,25,,,8,,,,,,,,,,,,,,,,,,,,,,,,,,
05/05/2026,"Transfer and Receive","New Philly",,,,,,,,,,,,,,,,,,,,,,,,,,,,,,,,,20,10,,5,5,,,,,,,,,,,,,,,,,,,,,,,,,,"please do not send raw electrical"
05/05/2026,"Transfer and Receive","Washington Square",,,,,,,,,,,,,,,,,,,,,,,,,,,,,,,,,,,,,,,,,,,,,,,,,,,,,,,,,,,,,,,
05/05/2026,"Transfer and Receive",Westlake,,,,,,,,,,,,,,,,,,,,,,,,,,,,,,,,,,,,,,,,,,,,,,,,,,,,,,,,,,,,,,,"1 container of books please"
05/05/2026,"Transfer and Receive",Carrollton,,,,,,,,,,,,,,,,,,,,,,,,,,,,,,,,,20,10,,4,4,,,,,,,,,,,,,,,,,,,,,,,,,,
05/05/2026,"Transfer and Receive",Perry,,,,,,,,,,,,,,,,,,,,,,,,,,,,,,,,,20,20,,,,,,,,,,,,,,,,,,,,,,,,,,,,,
05/05/2026,"Transfer and Receive",Willowick,,,,,,,,,,,,,,,,,,,,,,,,,,,,,,,,,20,20,,,,,,,,,,,,,,,,,,,,,,,,,,,,,
05/05/2026,"Transfer and Receive",Chardon,,,,,,,,,,,,,,,,,,,,,,,,,,,,,,,,,20,20,,,,,,,,,,,,,,,,,,,,,,,,,,,,,"1 propane"
05/04/2026,"End of Day/Equipment Count",University,,,,,,,,,,,,,200,195,10,0,20,0,44,27,4,6,16,,,,,,,,,,,,,,,,,,,,,,,,1,,,1,,,,,,,,,,,,,
05/04/2026,"End of Day/Equipment Count",Strongsville,,,,,,,,,,,,,,,,,,,,,,,,,,,,,,,,,,,,,,,,,,,,,,2,1,,,,,,,,,4,,,3,,,2,
05/04/2026,"End of Day/Equipment Count",Mayfield,,,,,,,,,,,,,,,,,,,,,,,,,,,,,,,,,,,,,,,,,,,,,,,,,,0,,,,,,5,1,,3,,,2,
05/04/2026,"End of Day/Equipment Count",Perry,,,,,,,,,,,,,478,22,20,0,17,6,27,3,5,7,5,,,,,,,,,,,,,,,,,,,,,,,,,,,,,,,,,9,,,3,,,1,"8 EComm containers to go back, 2 trash to Nolberto"
05/04/2026,"End of Day/Equipment Count","New Philly",,,,,,,,,,,,,170,330,8,12,11,9,73,12,3,4,20,,,,,,,,,,,,,,,,,,,,,,,,,,,,,,,,'-1,7,1,0,2,0,0,1,
05/04/2026,"End of Day/Equipment Count",Chardon,,,,,,,,,,,,,581,237,20,13,32,8,2,6,3,10,11,,,,,,,,,,,,,,,,,,,,,,,,,,,,,,,,,4,,,4,,,2,"1 cardboard,2 glass, 8 blue bins, 4 duros returned."
05/04/2026,"End of Day/Equipment Count","Route 62",,,,,,,,,,,,,373,111,11,5,31,1,14,11,13,3,15,,,,,,,,,,,,,,,,,,,,,,,'-2,,,,,,,,,,5,1,,1,,,3,"1 Apparel, 1 Books, 1 Collectables"
05/04/2026,Donors,"Washington Square ADC",,25,,,,,,,,,,,,,,,,,,,,,,,,,,,,,,,,,,,,,,,,,,,,,,,,,,,,,,,,,,,,,
05/04/2026,"End of Day/Equipment Count",Willowick,,,,,,,,,,,,,1705,182,21,0,29,4,0,1,8,6,12,,,,,,,,,,,,,,,,,,,,,,,,,,,,,,,,,4,0,1,4,0,0,0,"1 raw books 1 cardboard"
05/04/2026,"End of Day/Equipment Count",Alliance,,,,,,,,,,,,,458,42,20,0,24,4,32,5,16,5,14,,,,,,,,,,,,,,,,,,,,,,,,2,,,,,,,,,5,1,,4,,,2,"Sending out 1 Gaylord of ebooks...2 Gaylords of raw apparel and 1 Gaylord of cardboard"
05/04/2026,"End of Day/Equipment Count","Snow Road",,,,,,,,,,,,,96,404,5,4,21,6,40,18,8,1,13,,,,,,,,,,,,,,,,,,,,,,,,,,,,,,,,,3,,,3,,,,
05/04/2026,"End of Day/Equipment Count",Massillon,,,,,,,,,,,,,248,252,17,3,6,14,12,16,4,4,16,,,,,,,,,,,,,,,,,,,,,,,,,,,,,,,,,2,2,,2,,,,"1 Gaylord of cardboard going out"
05/04/2026,Donors,"Westlake ADC",,54,,,,,,,,,,,,,,,,,,,,,,,,,,,,,,,,,,,,,,,,,,,,,,,,,,,,,,,,,,,,,
05/04/2026,Donors,Carrollton,,35,,,,,,,,,,,,,,,,,,,,,,,,,,,,,,,,,,,,,,,,,,,,,,,,,,,,,,,,,,,,,
05/04/2026,"End of Day/Equipment Count",Carrollton,,,,,,,,,,,,,299,296,10,4,13,5,19,9,3,2,8,,,,,,,,,,,,,,,,,,,,,,,,,,,,,,,,,3,0,0,2,0,0,1,
05/04/2026,"End of Day/Equipment Count",Foxboro,,,,,,,,,,,,,260,240,20,0,19,15,21,34,4,5,42,,,,,,,,,,,,,,,,,,,,,,,,,,,,,,,,,10,2,,7,1,,4,"1 Cardboard, 1 Pallet w/ Giant Beanbag, 1 Ecom apparel, 1 ecom books, 2 ecom collectibles"
05/04/2026,"End of Day/Equipment Count",Weirton,,,,,,,,,,,,,132,450,,,11,,,22,,,8,,,,,,,,,,,,,,,,,,,,,,,,,,,,,,,,,1,,,1,,,2,"1 e-com apparel cont. 1 e-com collectible's cont."
05/04/2026,"End of Day/Equipment Count","Washington Square",,,,,,,,,,,,,,,,,,,5,8,3,,9,,,,,,,,,,,,,,,,,,,,,,,,,,,,,,,,,,,,,,,,"Requesting 2 gaylords of scanned books; Sending out 1 outlet gaylord of books"
05/04/2026,"End of Day/Equipment Count",Wintersville,,,,,,,,,,,,,,,,,,,,,,,,,,,,,,,,,,,,,,,,,,,,,,,,,,,,,,,,2,,,2,,,,
05/04/2026,"End of Day/Equipment Count","North Olmsted",,,,,,,,,,,,,166,15,8,11,16,15,31,42,5,10,28,,,,,,,,,,,,,,,,,,,,,,,0,0,0,0,0,0,0,0,0,0,11,7,2,14,1,0,4,
05/04/2026,Donors,Wintersville,,20,,,,,,,,,,,,,,,,,,,,,,,,,,,,,,,,,,,,,,,,,,,,,,,,,,,,,,,,,,,,,
05/04/2026,"End of Day/Equipment Count",Painesville,,,,,,,,,,,,,180,320,10,0,17,6,4,59,0,13,47,,,,,,,,,,,,,,,,,,,,,,,1,2,0,,1,,,,,,8,,,4,,2,,"1 card board"
05/04/2026,Donors,"North Royalton ADC",,104,,,,,,,,,,,,,,,,,,,,,,,,,,,,,,,,,,,,,,,,,,,,,,,,,,,,,,,,,,,,,
05/04/2026,"End of Day/Equipment Count","Gordon Square",,,,,,,,,,,,,168,105,25,4,15,4,15,4,5,9,18,,,,,,,,,,,,,,,,,,,,,,,,,,,,,,,,,12,,1,2,,,,
05/04/2026,"End of Day/Equipment Count","North Royalton ADC",,,,,,,,,,,,,50,,3,,4,,1,,0,,,,,,,,,,,,,,,,,,,,,,,,,,,,,,,,,,,,,,,,,,"1 furniture pallet"
05/04/2026,Donors,"Jackson ADC",,16,,,,,,,,,,,,,,,,,,,,,,,,,,,,,,,,,,,,,,,,,,,,,,,,,,,,,,,,,,,,,
05/04/2026,Donors,"Chesterland ADC",,48,,,,,,,,,,,,,,,,,,,,,,,,,,,,,,,,,,,,,,,,,,,,,,,,,,,,,,,,,,,,,
05/04/2026,"End of Day/Equipment Count","Jackson ADC",,,,,,,,,,,,,8,60,0,3,1,8,0,4,0,1,4,,,,,,,,,,,,,,,,,,,,,,,,,,,,,,,,,,,,,,,,
05/04/2026,"End of Day/Equipment Count",Middleburg,,,,,,,,,,,,,242,177,22,7,20,12,52,2,5,4,21,,,,,,,,,,,,,,,,,,,,,,,,,,,,,,,,,,,,,,,,
05/04/2026,Donors,"Hillsdale ADC",,8,,,,,,,,,,,,,,,,,,,,,,,,,,,,,,,,,,,,,,,,,,,,,,,,,,,,,,,,,,,,,
05/04/2026,"End of Day/Equipment Count","Hillsdale ADC",,,,,,,,,,,,,12,,0,,1,,,,,,,,,,,,,,,,,,,,,,,,,,,,,,,,,,,,,,,,,,,,,,"Furniture on floor in trailer"
05/04/2026,Donors,"Uniontown ADC",,22,,,,,,,,,,,,,,,,,,,,,,,,,,,,,,,,,,,,,,,,,,,,,,,,,,,,,,,,,,,,,
05/04/2026,Donors,"Lincoln Way ADC",,25,,,,,,,,,,,,,,,,,,,,,,,,,,,,,,,,,,,,,,,,,,,,,,,,,,,,,,,,,,,,,
05/04/2026,"End of Day/Equipment Count","Uniontown ADC",,,,,,,,,,,,,21,46,2,3,2,8,,,,,,,,,,,,,,,,,,,,,,,,,,,,,,,,,,,,,,,,,,,,,
05/04/2026,"End of Day/Equipment Count","Lincoln Way ADC",,,,,,,,,,,,,24,,1,,2,,,,,,,,,,,,,,,,,,,,,,,,,,,,,,,,,,,,,,,,,,,,,,
05/04/2026,"End of Day/Equipment Count",Transportation,,,,,,,,,,,,,123,353,13,8,12,12,39,41,8,4,26,,,,,,,,,,,,,,,,,,,,,,,,,,,,,,,,,3,0,,2,,,1,
05/04/2026,Donors,"Outlet Cleveland",,3,,,,,,,,,,,,,,,,,,,,,,,,,,,,,,,,,,,,,,,,,,,,,,,,,,,,,,,,,,,,,
05/04/2026,"End of Day/Equipment Count","Outlet Cleveland",,,64,47,0,6,33,35,0,5,,,,,,,,,,73,,,73,,,,,,,,,,,,,,,,,,,,,,,,,,,,,,,,,,,,,,,,
05/04/2026,"End of Day/Equipment Count","Washington Square ADC",,,,,,,,,,,,,16,,1,,3,,0,,0,,,,,,,,,,,,,,,,,,,,,,,,,,,,,,,,,,,,,,,,,,
05/04/2026,"Transfer and Receive","Tanglewood ADC",,,,,,,,,,,,,,,,,,,,,,,,,,,,,,30,10,10,,,,,,,,,,,,,,,,,,,,,,,,,,,,,,,
04/30/2026,Donors,"City Mission",,931,,,,,,,,,,,,,,,,,,,,,,,,,,,,,,,,,,,,,,,,,,,,,,,,,,,,,,,,,,,,,
04/30/2026,Donors,"Donation Station",,35,,,,,,,,,,,,,,,,,,,,,,,,,,,,,,,,,,,,,,,,,,,,,,,,,,,,,,,,,,,,,
04/30/2026,Donors,"Home Pickups ADC",,1925,,,,,,,,,,,,,,,,,,,,,,,,,,,,,,,,,,,,,,,,,,,,,,,,,,,,,,,,,,,,,
05/04/2026,"Transfer and Receive","Gordon Square",,,,,,,,,,,,,,,,,,,,,,,,,,,,,,,,,22,15,,,,,,,,,,,,,,,,,,,,,,,,,,,,,
05/04/2026,"Transfer and Receive",Foxboro,,,,,,,,,,,,,,,,,,,,,,,,,,,,,,,,,20,20,,10,,,,,,,,,,,,,,,,,,,,,,,,,,,
05/04/2026,"Transfer and Receive","Westlake ADC",,,,,,,,,,,,,,,,,,,,,,,,20,2,2,0,1,,60,2,2,0,10,,,,,,,,,,,,,,,,,,,,,,,,,,,,,
05/04/2026,"Transfer and Receive",University,,,,,,,,,,,,,,,,,,,,,,,,,,,,,,,,,25,25,,,,,,,,,,,,,,,,,,,,,,,,,,,,,
05/04/2026,"Transfer and Receive","Lincoln Way ADC",,,,,,,,,,,,,,,,,,,,,,,,,,,,,,0,0,0,,,,,,,,,,,,,,,,,,,,,,,,,,,,,,,
05/04/2026,"Transfer and Receive","Route 62",,,,,,,,,,,,,,,,,,,,,,,,,,,,,,,,,20,20,,2,2,,,,,,,,,,,,,,,,,,,,,,,,,,
05/04/2026,"Transfer and Receive","Washington Square ADC",,,,,,,,,,,,,,,,,,,,,,,,,,,,,,15,1,3,0,0,0,,,,,,,,,,,,,,,,,,,,,,,,,,,,
05/04/2026,"Transfer and Receive",Massillon,,,,,,,,,,,,,,,,,,,,,,,,,,,,,,,,,,,,,4,,,,,,,,,,,,,,,,,,,,,,,,,,
05/04/2026,"Transfer and Receive",Middleburg,,,,,,,,,,,,,,,,,,,,,,,,,,,,,,,,,25,20,,,,,,,,,,,,,,,,,,,,,,,,,,,,,
05/04/2026,"Transfer and Receive","Hillsdale ADC",,,,,,,,,,,,,,,,,,,,,,,,,,,,,,0,0,0,,,,,,,,,,,,,,,,,,,,,,,,,,,,,,,
05/04/2026,"Transfer and Receive",Weirton,,,,,,,,,,,,,,,,,,,,,,,,,,,,,2,,,,,10,,,3,,0,,,,,,,,,,,,,,,,,,,,,,,,"Sending a broken shopping cart on the truck as well."
05/04/2026,"Transfer and Receive",Strongsville,,,,,,,,,,,,,,,,,,,,,,,,,,,,,,,,,20,20,2,,,,,,,,,,,,,,,,,,,,,,,,,,,,
05/04/2026,"Transfer and Receive","New Philly",,,,,,,,,,,,,,,,,,,,,,,,,,,,,,,,,,,,6,6,,,,,,,,,,,,,,,,,,,,,,,,,,
05/04/2026,"Transfer and Receive","North Royalton ADC",,,,,,,,,,,,,,,,,,,,,,,,,,,,,,120,6,8,0,10,0,,,,,1,,,,,,,,,,,,,,,,,,,,,,,"Rubber bands"
05/04/2026,"Transfer and Receive",Willowick,,,,,,,,,,,,,,,,,,,,,,,,,,,,,,,,,20,20,3,,,,,,,,,,,,,,,,,,,,,,,,,,,,
05/04/2026,"Transfer and Receive",Westlake,,,,,,,,,,,,,,,,,,,,,,,,,,,,,,,,,,,,,,,,,,,,,,,,,,,,,,,,,,,,,,,"1 book container please"
05/04/2026,"Transfer and Receive","Washington Square",,,,,,,,,,,,,,,,,,,,,,,,,,,,,,,,,,,,,,,,,,,,,,,,,,,,,,,,,,,,,,,"requesting 2 scanned books"
05/04/2026,"Transfer and Receive","Snow Road",,,,,,,,,,,,,,,,,,,,,,,,,,,,,,,,,,,,,4,,,,,,,,,,,,,,,,,,,,,,,,,,
05/04/2026,"Transfer and Receive",Chardon,,,,,,,,,,,,,,,,,,,,,,,,,,,,,,,,,20,19,,,,,,,,,,,,,,,,,,,,,,,,,,,,,
05/03/2026,"End of Day/Equipment Count",University,,,,,,,,,,,,,205,135,10,0,24,0,29,46,4,6,34,,,,,,,,,,,,,,,,,,,,,,,7,7,,,1,,,,,,5,,,1,,,2,"Salvage - Cardboard = 1; Ecomm - North = 2;"
05/03/2026,"End of Day/Equipment Count",Mayfield,,,,,,,,,,,,,,,,,,,,,,,,,,,,,,,,,,,,,,,,,,,,,,2,,,,,,,,,,4,,,1,,,,
05/03/2026,"End of Day/Equipment Count",Middleburg,,,,,,,,,,,,,289,87,22,7,16,13,22,16,9,7,13,,,,,,,,,,,,,,,,,,,,,,,,,,,,,,,,,13,,,13,,,1,
05/03/2026,"End of Day/Equipment Count",Chardon,,,,,,,,,,,,,,,,,,,,,,,,,,,,,,,,,,,,,,,,,,,,,,0,,,,,,,,,,7,1,,2,,,,
05/03/2026,"End of Day/Equipment Count",Painesville,,,,,,,,,,,,,176,324,9,1,16,7,16,51,5,13,41,,,,,,,,,,,,,,,,,,,,,,,1,6,1,,,1,,,,,6,,,3,,,3,
05/03/2026,"End of Day/Equipment Count",Transportation,,,,,,,,,,,,,134,349,9,4,10,12,55,50,2,6,31,,,,,,,,,,,,,,,,,,,,,,,,,,,,,,,,,4,1,,4,1,,,
05/03/2026,Donors,Carrollton,,23,,,,,,,,,,,,,,,,,,,,,,,,,,,,,,,,,,,,,,,,,,,,,,,,,,,,,,,,,,,,,
05/03/2026,"End of Day/Equipment Count",Carrollton,,,,,,,,,,,,,284,300,14,0,24,2,40,8,6,2,10,,,,,,,,,,,,,,,,,,,,,,,'-1,,,,,,,,,,3,1,,3,1,1,2,
05/03/2026,Donors,"Tanglewood ADC",,51,,,,,,,,,,,,,,,,,,,,,,,,,,,,,,,,,,,,,,,,,,,,,,,,,,,,,,,,,,,,,
05/03/2026,"End of Day/Equipment Count","New Philly",,,,,,,,,,,,,148,352,9,10,7,12,81,20,5,2,26,,,,,,,,,,,,,,,,,,,,,,,,,,,,,,,,,7,0,0,6,0,0,'-2,"Shipping 1 cardboard salvage - 1 scrap metal - 1 haz pad skid"
05/03/2026,"End of Day/Equipment Count",Alliance,,,,,,,,,,,,,486,14,19,,20,,33,,13,5,11,,,,,,,,,,,,,,,,,,,,,,,,,,,,,,,,,1,1,,2,1,,3,
05/03/2026,"End of Day/Equipment Count",Foxboro,,,,,,,,,,,,,184,313,20,'-1,15,10,24,42,4,8,46,,,,,,,,,,,,,,,,,,,,,,,,,,,,,,,,,,,,,,,,
05/03/2026,"End of Day/Equipment Count",Perry,,,,,,,,,,,,,435,65,20,0,12,11,28,16,5,12,21,,,,,,,,,,,,,,,,,,,,,,,,,,,,,,,,,3,,,2,,1,,"2 Trash to Nolberto"
05/03/2026,"End of Day/Equipment Count",Strongsville,,,,,,,,,,,,,,,,,,,,,,,,,,,,,,,,,,,,,,,,,,,,,,4,3,,,,,,,,,4,,,2,1,,,
05/03/2026,"End of Day/Equipment Count","Washington Square",,,,,,,,,,,,,,,,,,,5,7,4,0,9,,,,,,,,,,,,,,,,,,,,,,,,,,,,,,,,,,,,,,,,"requesting 1 scanned book"
05/03/2026,Donors,"Chesterland ADC",,43,,,,,,,,,,,,,,,,,,,,,,,,,,,,,,,,,,,,,,,,,,,,,,,,,,,,,,,,,,,,,
05/03/2026,Donors,"Washington Square ADC",,21,,,,,,,,,,,,,,,,,,,,,,,,,,,,,,,,,,,,,,,,,,,,,,,,,,,,,,,,,,,,,
05/03/2026,Donors,"North Royalton ADC",,68,,,,,,,,,,,,,,,,,,,,,,,,,,,,,,,,,,,,,,,,,,,,,,,,,,,,,,,,,,,,,
05/03/2026,Donors,"Lincoln Way ADC",,25,,,,,,,,,,,,,,,,,,,,,,,,,,,,,,,,,,,,,,,,,,,,,,,,,,,,,,,,,,,,,
05/03/2026,"End of Day/Equipment Count",Willowick,,,,,,,,,,,,,1412,72,23,3,16,4,0,7,11,8,22,,,,,,,,,,,,,,,,,,,,,,,1,,,,1,,,,,,8,,1,5,,1,,
05/03/2026,Donors,Wintersville,,9,,,,,,,,,,,,,,,,,,,,,,,,,,,,,,,,,,,,,,,,,,,,,,,,,,,,,,,,,,,,,
05/03/2026,"End of Day/Equipment Count","North Canton",,,,,,,,,,,,,299,211,19,1,20,8,9,10,6,1,10,,,,,,,,,,,,,,,,,,,,,,,,1,,,1,,,,,,15,,,12,,,4,"1 cardboard slavage"
05/03/2026,"End of Day/Equipment Count",Massillon,,,,,,,,,,,,,239,261,19,1,8,12,41,18,5,5,18,,,,,,,,,,,,,,,,,,,,,,,,,,,,,,,,,4,,,2,,1,1,"One gaylord of winter save going out"
05/03/2026,Donors,"Westlake ADC",,45,,,,,,,,,,,,,,,,,,,,,,,,,,,,,,,,,,,,,,,,,,,,,,,,,,,,,,,,,,,,,
05/03/2026,Donors,"Uniontown ADC",,13,,,,,,,,,,,,,,,,,,,,,,,,,,,,,,,,,,,,,,,,,,,,,,,,,,,,,,,,,,,,,
05/03/2026,"End of Day/Equipment Count","Uniontown ADC",,,,,,,,,,,,,8,67,1,4,1,9,,,,,,,,,,,,,,,,,,,,,,,,,,,,,,,,,,,,,,,,,,,,,
05/03/2026,"End of Day/Equipment Count","Washington Square ADC",,,,,,,,,,,,,1,4,1.5,4,1,7,,,,,,,,,,,,,,,,,,,,,,,,,,,,,,,,,,,,,,,,,,,,,
05/03/2026,Donors,"Hillsdale ADC",,18,,,,,,,,,,,,,,,,,,,,,,,,,,,,,,,,,,,,,,,,,,,,,,,,,,,,,,,,,,,,,"Chair under trailer"
05/03/2026,"End of Day/Equipment Count","North Royalton ADC",,,,,,,,,,,,,45,,4,,8,,7,,1,,,,,,,,,,,,,,,,,,,,,,,,,,,,,,,,,,,,,,,,,,
05/03/2026,"End of Day/Equipment Count","Hillsdale ADC",,,,,,,,,,,,,20,,1,,3,,,,,,,,,,,,,,,,,,,,,,,,,,,,,,,,,,,,,,,,,,,,,,
05/03/2026,"End of Day/Equipment Count",Weirton,,,,,,,,,,,,,147,346,,,17,,,7,,,4,,,,,,,,,,,,,,,,,,,,,,,,,,,,,,,,,2,,,2,,,,
05/03/2026,"End of Day/Equipment Count",Wintersville,,,,,,,,,,,,,,,,,,,,,,,,,,,,,,,,,,,,,,,,,,,,,,,,,,,,,,,2,,,,,,,1,
05/03/2026,"End of Day/Equipment Count","Route 62",,,,,,,,,,,,,294,180,12,7,30,1,14,23,12,2,25,,,,,,,,,,,,,,,,,,,,,,,,,,,,,,,,,1,,,2,1,,2,Books
05/03/2026,"End of Day/Equipment Count",Wintersville,,,,,,,,,,,,,,,,,,,,,,,,,,,,,,,,,,,,,,,,,,,,,,,,,,,,,,,,4,1,,1,,,,
05/03/2026,"Transfer and Receive","Washington Square ADC",,,,,,,,,,,,,,,,,,,,,,,,1,,1,,,,1,,1,,,,,,,,,,,,,,,,,,,,,,,,,,,,,,,
05/03/2026,"End of Day/Equipment Count","Snow Road",,,,,,,,,,,,,68,372,2,7,15,9,,,7,3,15,,,,,,,,,,,,,,,,,,,,,,,,,,,,,,,,,4,,,4,,,,"1 cardboard"
05/03/2026,"End of Day/Equipment Count","North Olmsted",,,,,,,,,,,,,150,44,9,9,35,5,28,39,2,11,31,,,,,,,,,,,,,,,,,,,,,,,0,0,0,0,3,0,0,0,0,0,8,1,2,10,0,0,0,"1 pallet of totes"
05/03/2026,Donors,"Outlet Cleveland",,3,,,,,,,,,,,,,,,,,,,,,,,,,,,,,,,,,,,,,,,,,,,,,,,,,,,,,,,,,,,,,
05/03/2026,"End of Day/Equipment Count","Outlet Cleveland",,,90,57,0,9,49,35,0,4,,,,,,,,,,88,,,88,,,,,,,,,,,,,,,,,,,,,,,,,,,,,,,,,,,,,,,,
05/03/2026,"End of Day/Equipment Count","Outlet Canton",,,136,100,8,16,,,,,,,,,,,,,,,,,,,,,,,,,,,,,,,,,,,,,,,,,,,,,,,,,,,,,,,,,
05/03/2026,"Transfer and Receive","Chesterland ADC",,,,,,,,,,,,,,,,,,,,,,,,,,,,,,90,10,10,,,,,,,,,,,,,,,,,,,,,,,,,,,,,,,
05/03/2026,"Transfer and Receive",Chardon,,,,,,,,,,,,,,,,,,,,,,,,,,,,,,,,,20,21,,,,,,,,,,,,,,,,,,,,,,,,,,,,,
05/02/2026,Donors,"Pepper Pike ADC",,49,,,,,,,,,,,,,,,,,,,,,,,,,,,,,,,,,,,,,,,,,,,,,,,,,,,,,,,,,,,,,
05/01/2026,Donors,"Pepper Pike ADC",,22,,,,,,,,,,,,,,,,,,,,,,,,,,,,,,,,,,,,,,,,,,,,,,,,,,,,,,,,,,,,,
04/30/2026,Donors,"Pepper Pike ADC",,58,,,,,,,,,,,,,,,,,,,,,,,,,,,,,,,,,,,,,,,,,,,,,,,,,,,,,,,,,,,,,
04/29/2026,Donors,"Pepper Pike ADC",,55,,,,,,,,,,,,,,,,,,,,,,,,,,,,,,,,,,,,,,,,,,,,,,,,,,,,,,,,,,,,,
04/28/2026,Donors,"Pepper Pike ADC",,43,,,,,,,,,,,,,,,,,,,,,,,,,,,,,,,,,,,,,,,,,,,,,,,,,,,,,,,,,,,,,
04/27/2026,Donors,"Pepper Pike ADC",,49,,,,,,,,,,,,,,,,,,,,,,,,,,,,,,,,,,,,,,,,,,,,,,,,,,,,,,,,,,,,,
04/26/2026,Donors,"Pepper Pike ADC",,29,,,,,,,,,,,,,,,,,,,,,,,,,,,,,,,,,,,,,,,,,,,,,,,,,,,,,,,,,,,,,
05/03/2026,"Transfer and Receive","Westlake ADC",,,,,,,,,,,,,,,,,,,,,,,,20,1,2,0,1,,30,1,2,8,0,,,,,,,,,,,,,,,,,,,,,,,,,,,,,
05/02/2026,Donors,"Shuffel ADC",,12,,,,,,,,,,,,,,,,,,,,,,,,,,,,,,,,,,,,,,,,,,,,,,,,,,,,,,,,,,,,,
05/01/2026,Donors,"Shuffel ADC",,6,,,,,,,,,,,,,,,,,,,,,,,,,,,,,,,,,,,,,,,,,,,,,,,,,,,,,,,,,,,,,
04/30/2026,Donors,"Shuffel ADC",,7,,,,,,,,,,,,,,,,,,,,,,,,,,,,,,,,,,,,,,,,,,,,,,,,,,,,,,,,,,,,,
04/29/2026,Donors,"Shuffel ADC",,10,,,,,,,,,,,,,,,,,,,,,,,,,,,,,,,,,,,,,,,,,,,,,,,,,,,,,,,,,,,,,
04/28/2026,Donors,"Shuffel ADC",,4,,,,,,,,,,,,,,,,,,,,,,,,,,,,,,,,,,,,,,,,,,,,,,,,,,,,,,,,,,,,,
04/27/2026,Donors,"Shuffel ADC",,3,,,,,,,,,,,,,,,,,,,,,,,,,,,,,,,,,,,,,,,,,,,,,,,,,,,,,,,,,,,,,
04/26/2026,Donors,"Shuffel ADC",,5,,,,,,,,,,,,,,,,,,,,,,,,,,,,,,,,,,,,,,,,,,,,,,,,,,,,,,,,,,,,,
04/26/2026,Donors,"Jackson ADC",,18,,,,,,,,,,,,,,,,,,,,,,,,,,,,,,,,,,,,,,,,,,,,,,,,,,,,,,,,,,,,,
05/03/2026,"Transfer and Receive","Lincoln Way ADC",,,,,,,,,,,,,,,,,,,,,,,,,0,0,0,0,0,,,,,,,,,,,,,,,,,,,,,,,,,,,,,,,,,,
05/03/2026,"Transfer and Receive","Hillsdale ADC",,,,,,,,,,,,,,,,,,,,,,,,,,,,,,0,0,0,,,,,,,,,,,,,,,,,,,,,,,,,,,,,,,
05/03/2026,"Transfer and Receive",Weirton,,,,,,,,,,,,,,,,,,,,,,,,20,,,,,,,,,20,10,,4,,,,,,,,,,,,,,,,,,,,,,,,,,,
04/27/2026,Donors,"Uniontown ADC",,26,,,,,,,,,,,,,,,,,,,,,,,,,,,,,,,,,,,,,,,,,,,,,,,,,,,,,,,,,,,,,
05/03/2026,"Transfer and Receive","Tanglewood ADC",,,,,,,,,,,,,,,,,,,,,,,,,,,,,,60,2,2,0,0,0,,,,,,,,,,,,,,,,,,,,,,,,,,,,"Tanglewood ADC needs a roll of Plastic Wrap, please. Thank you."
05/03/2026,"Transfer and Receive","Gordon Square",,,,,,,,,,,,,,,,,,,,,,,,,,,,,,,,,25,25,,6,2,,,,4,,,,,,,,,,,,,,,,,,,,,,
05/01/2026,Donors,"Lyndhurst ADC",,28,,,,,,,,,,,,,,,,,,,,,,,,,,,,,,,,,,,,,,,,,,,,,,,,,,,,,,,,,,,,,
05/01/2026,Donors,"Chesterland ADC",,33,,,,,,,,,,,,,,,,,,,,,,,,,,,,,,,,,,,,,,,,,,,,,,,,,,,,,,,,,,,,,
04/28/2026,Donors,"Chesterland ADC",,30,,,,,,,,,,,,,,,,,,,,,,,,,,,,,,,,,,,,,,,,,,,,,,,,,,,,,,,,,,,,,
05/03/2026,"Transfer and Receive",Painesville,,,,,,,,,,,,,,,,,,,,,,,,,,,,,,,,,20,20,,,,,,,,,,,,,,,,,,,,,,,,,,,,,
05/03/2026,"Transfer and Receive","Washington Square",,,,,,,,,,,,,,,,,,,,,,,,,,,,,,,,,,,,,,,,,,,,,,,,,,,,,,,,,,,,,,,"requesting 1 scanned book"
05/03/2026,"Transfer and Receive","North Royalton ADC",,,,,,,,,,,,,,,,,,,,,,,,,,,,,,120,6,10,0,0,0,,,,,,,,,,,,,,,,,,,,,,,,,,,,
05/03/2026,"Transfer and Receive",Wintersville,,,,,,,,,,,,,,,,,,,,,,,,,,,,,,,,,40,20,,,,,,,,,,,,,,,,,,,,,,,,,,,,,
05/03/2026,"Transfer and Receive","Snow Road",,,,,,,,,,,,,,,,,,,,,,,,,,,,,,,,,,,,8,2,,,,,,,,,,,,,,,,,,,,,,,,,,
05/03/2026,"Transfer and Receive","New Philly",,,,,,,,,,,,,,,,,,,,,,,,,,,,,,,,,,,,6,4,,,,,,,,,,,,,,,,,,,,,,,,,,"Please do not send raw electrical"
05/03/2026,"Transfer and Receive",Alliance,,,,,,,,,,,,,,,,,,,,,,,,,,,,,,,,,20,20,,,,,,,,,,,,,,,,,,,,,,,,,,,,,
05/03/2026,"Transfer and Receive",Wintersville,,,,,,,,,,,,,,,,,,,,,,,,,,,,,,,,,20,20,,,,,,,,,,,,,,,,,,,,,,,,,,,,,
05/03/2026,"Transfer and Receive",Middleburg,,,,,,,,,,,,,,,,,,,,,,,,,,,,,,,,,25,20,,,,,,,,,,,,,,,,,,,,,,,,,,,,,
05/03/2026,"Transfer and Receive","North Canton",,,,,,,,,,,,,,,,,,,,,,,,,,,,,,,,,20,20,,4,,,,,,,,,,,,,,,,,,,,,,,,,,,
05/03/2026,"Transfer and Receive","North Olmsted",,,,,,,,,,,,,,,,,,,,,,,,,,,,,,,,,25,25,,,6,,,,,,,,,,,,,,,,,,,,,,,,,,
05/02/2026,"End of Day/Equipment Count",University,,,,,,,,,,,,,220,120,10,0,19,5,27,49,4,7,39,,,,,,,,,,,,,,,,,,,,,,,1,5,,1,,,,,,,,,,1,,,2,"Ecomm - North = 1; South = 1;"
05/02/2026,"End of Day/Equipment Count",Mayfield,,,,,,,,,,,,,,,,,,,,,,,,,,,,,,,,,,,,,,,,,,,,,,,,,,,,,,,,,,,,,,4,
05/02/2026,"End of Day/Equipment Count",Mayfield,,,,,,,,,,,,,,,,,,,,,,,,,,,,,,,,,,,,,,,,,,,,,,,6,,1,1,,,,,,3,,,2,,,,"1 media"
05/02/2026,"End of Day/Equipment Count",Transportation,,,,,,,,,,,,,134,349,9,4,10,12,55,30,2,6,11,,,,,,,,,,,,,,,,,,,,,,,,,,,,,,,,,,,,,,,,
05/02/2026,"End of Day/Equipment Count",Perry,,,,,,,,,,,,,410,90,16,4,18,6,23,4,4,4,9,,,,,,,,,,,,,,,,,,,,,,,,,,,,,,,,,4,,,2,,,2,"1 cardboard"
05/02/2026,"End of Day/Equipment Count","Route 62",,,,,,,,,,,,,309,105,10,8,28,0,17,27,6,2,28,,,,,,,,,,,,,,,,,,,,,,,,,,,,,,,,,4,0,0,3,0,0,1,Collectibles.
05/02/2026,"End of Day/Equipment Count",Strongsville,,,,,,,,,,,,,,,,,,,,,,,,,,,,,,,,,,,,,,,,,,,,,,1,,,,,,,,,,,,,3,,,2,
05/02/2026,"End of Day/Equipment Count","New Philly",,,,,,,,,,,,,159,341,9,11,7,12,61,8,3,3,24,,,,,,,,,,,,,,,,,,,,,,,,,,,,,,,,2,5,0,0,6,0,0,5,
05/02/2026,Donors,Wintersville,,30,,,,,,,,,,,,,,,,,,,,,,,,,,,,,,,,,,,,,,,,,,,,,,,,,,,,,,,,,,,,,
05/02/2026,"End of Day/Equipment Count",Alliance,,,,,,,,,,,,,379,121,20,,17,5,20,3,11,7,10,,,,,,,,,,,,,,,,,,,,,,,,,,,,,,,,,2,1,,4,,,,"sending 1 gaylord of cardboard"
05/02/2026,Donors,"Westlake ADC",,54,,,,,,,,,,,,,,,,,,,,,,,,,,,,,,,,,,,,,,,,,,,,,,,,,,,,,,,,,,,,,
05/02/2026,"Transfer and Receive","Westlake ADC",,,,,,,,,,,,,,,,,,,,,,,,60,4,6,1,5,,40,4,6,1,5,,,,,,,,,,,,,,,,,,,,,,,,,,,,,"Tons of furniture as well this time, just be aware"
05/02/2026,"End of Day/Equipment Count",Massillon,,,,,,,,,,,,,203,297,19,1,6,14,37,27,6,4,23,,,,,,,,,,,,,,,,,,,,,,,,,,,,,,,,,1,,,4,1,,,
05/02/2026,Donors,"Washington Square ADC",,16,,,,,,,,,,,,,,,,,,,,,,,,,,,,,,,,,,,,,,,,,,,,,,,,,,,,,,,,,,,,,
05/02/2026,"End of Day/Equipment Count",Willowick,,,,,,,,,,,,,1338,78,23,3,11,5,3,24,6,15,31,,,,,,,,,,,,,,,,,,,,,,,1,,,,,,,,,,10,,1,6,,1,,
05/02/2026,"End of Day/Equipment Count",Chardon,,,,,,,,,,,,,576,120,14,9,24,13,6,6,3,6,8,,,,,,,,,,,,,,,,,,,,,,,1,2,,,1,,,,,,9,,1,4,,,,"9 stax"
05/02/2026,Donors,Carrollton,,34,,,,,,,,,,,,,,,,,,,,,,,,,,,,,,,,,,,,,,,,,,,,,,,,,,,,,,,,,,,,,
05/02/2026,"End of Day/Equipment Count",Carrollton,,,,,,,,,,,,,408,180,11,3,32,2,34,14,3,2,13,,,,,,,,,,,,,,,,,,,,,,,,,,,,,,,,,2,,,1,,,,
05/02/2026,"End of Day/Equipment Count","Gordon Square",,,,,,,,,,,,,248,105,19,9,9,5,15,15,5,9,8,,,,,,,,,,,,,,,,,,,,,,,,,,,,,,,,1,10,1,,6,,,1,
05/02/2026,"End of Day/Equipment Count","North Canton",,,,,,,,,,,,,264,246,16,4,16,10,10,19,9,2,17,,,,,,,,,,,,,,,,,,,,,,,,,,,,,,,,,,,,,,,,
05/02/2026,"End of Day/Equipment Count",Foxboro,,,,,,,,,,,,,200,300,18,2,20,18,19,33,4,4,41,,,,,,,,,,,,,,,,,,,,,,,,,,,,,,,,,7,,1,6,,,1,"2 cardboard, 1 ecom apparel, 1 ecom collectibles"
05/02/2026,"End of Day/Equipment Count",Foxboro,,,,,,,,,,,,,200,300,18,2,20,18,19,33,4,4,41,,,,,,,,,,,,,,,,,,,,,,,,,,,,,,,,,,,,,,,,
05/02/2026,Donors,"Lyndhurst ADC",,49,,,,,,,,,,,,,,,,,,,,,,,,,,,,,,,,,,,,,,,,,,,,,,,,,,,,,,,,,,,,,
05/02/2026,"End of Day/Equipment Count",Wintersville,,,,,,,,,,,,,,,,,,,,,,,,,,,,,,,,,,,,,,,,,,,,,,,,,,,,,,,,3,,,1,,,1,"cardboard also going out"
05/02/2026,"End of Day/Equipment Count",Weirton,,,,,,,,,,,,,101,455,,,,,,,,,,,,,,,,,,,,,,,,,,,,,,,,,,,,,,,,,,2,,,1,,,'-1,
05/02/2026,"End of Day/Equipment Count","Outlet Canton",,,136,100,8,16,,,,,,,,,,,,,,,,,,,,,,,,,,,,,,,,,,,,,,,,,,,,,,,,,,,,,,,,,
05/02/2026,"End of Day/Equipment Count","Snow Road",,,,,,,,,,,,,102,498,6,3,6,12,20,20,5,3,17,,,,,,,,,,,,,,,,,,,,,,,,,,,,,,,,,2,,,3,,,0,
05/02/2026,Donors,"Tanglewood ADC",,71,,,,,,,,,,,,,,,,,,,,,,,,,,,,,,,,,,,,,,,,,,,,,,,,,,,,,,,,,,,,,
05/02/2026,Donors,"Chesterland ADC",,33,,,,,,,,,,,,,,,,,,,,,,,,,,,,,,,,,,,,,,,,,,,,,,,,,,,,,,,,,,,,,
05/02/2026,Donors,"North Royalton ADC",,84,,,,,,,,,,,,,,,,,,,,,,,,,,,,,,,,,,,,,,,,,,,,,,,,,,,,,,,,,,,,,
05/02/2026,"End of Day/Equipment Count","North Royalton ADC",,,,,,,,,,,,,85,,6,,9,,0,,0,,,,,,,,,,,,,,,,,,,,,,,,,,,,,,,,,,,,,,,,,,
05/02/2026,Donors,"Lincoln Way ADC",,33,,,,,,,,,,,,,,,,,,,,,,,,,,,,,,,,,,,,,,,,,,,,,,,,,,,,,,,,,,,,,
05/02/2026,Donors,"Jackson ADC",,23,,,,,,,,,,,,,,,,,,,,,,,,,,,,,,,,,,,,,,,,,,,,,,,,,,,,,,,,,,,,,"need red tote"
05/02/2026,"End of Day/Equipment Count","Jackson ADC",,,,,,,,,,,,,4,55,1,3,2,7,0,4,0,1,4,,,,,,,,,,,,,,,,,,,,,,,,,,,,,,,,,,,,,,,,"1 bag of trash"
05/02/2026,"End of Day/Equipment Count",Middleburg,,,,,,,,,,,,,220,87,20,10,21,13,21,11,9,8,21,,,,,,,,,,,,,,,,,,,,,,,,,,,,,1,,,,6,,,5,1,,3,
05/02/2026,"End of Day/Equipment Count","Washington Square",,,,,,,,,,,,,,,,,,,3,8,3,,9,,,,,,,,,,,,,,,,,,,,,,,,,,,,,,,,,,,,,,,,"Please bring at least 2 gaylords of books. Also requesting wares. Sending out 1 outlet gaylord of books,"
05/02/2026,Donors,"Hillsdale ADC",,17,,,,,,,,,,,,,,,,,,,,,,,,,,,,,,,,,,,,,,,,,,,,,,,,,,,,,,,,,,,,,
05/02/2026,"End of Day/Equipment Count","Hillsdale ADC",,,,,,,,,,,,,23,42,1,4,2,3,,,,,,,,,,,,,,,,,,,,,,,,,,,,,,,,,,,,,,,,,,,,,
05/02/2026,Donors,"Uniontown ADC",,30,,,,,,,,,,,,,,,,,,,,,,,,,,,,,,,,,,,,,,,,,,,,,,,,,,,,,,,,,,,,,
05/02/2026,"End of Day/Equipment Count","Uniontown ADC",,,,,,,,,,,,,18,58,2,3,4,6,,,,,,,,,,,,,,,,,,,,,,,,,,,,,,,,,,,,,,,,,,,,,
05/02/2026,Donors,"Outlet Cleveland",,3,,,,,,,,,,,,,,,,,,,,,,,,,,,,,,,,,,,,,,,,,,,,,,,,,,,,,,,,,,,,,
05/02/2026,"End of Day/Equipment Count","Outlet Cleveland",,,120,85,0,9,51,65,0,6,,,,,,,,,,122,,,122,,,,,,,,,,,,,,,,,,,,,,,,,,,,,,,,,,,,,,,,
05/02/2026,"End of Day/Equipment Count",Painesville,,,,,,,,,,,,,175,325,10,0,16,7,4,55,3,14,37,,,,,,,,,,,,,,,,,,,,,,,,2,,2,0,,,,,,1,,,1,1,1,3,"1 card board"
05/02/2026,"End of Day/Equipment Count","Washington Square ADC",,,,,,,,,,,,,12,,0,,3,,1,,0,0,,,,,,,,,,,,,,,,,,,,,,,,,,,,,,,,,,,,,,,,,
05/02/2026,"Transfer and Receive","Washington Square ADC",,,,,,,,,,,,,,,,,,,,,,,,,,,,,,15,1,3,0,0,0,,,,,,,,,,,,,,,,,,,,,,,,,,,,
05/02/2026,"Transfer and Receive","North Olmsted",,,,,,,,,,,,,,,,,,,,,,,,,,,,,,,,,,,,2,6,,,,4,,,,,,,,,,,,,,,,,,,,,,"HEY WE NEED OUR RED TOTES FOR HAZPAD BACK PLEASE. THANK YOU :)"
05/02/2026,"Transfer and Receive","Lyndhurst ADC",,,,,,,,,,,,,,,,,,,,,,,,,,,,,,60,1,1,0,10,0,,,,,,,,,,,,,,,,,,,,,,,,,,,,"Lyndhurst ADC needs Donation Receipts. Thank you."
05/02/2026,"Transfer and Receive",Carrollton,,,,,,,,,,,,,,,,,,,,,,,,,,,,,,,,,,,,5,,,,,,,,,,,,,,,,,,,,,,,,,,,
05/02/2026,"Transfer and Receive",Transportation,,,,,,,,,,,,,,,,,,,,,,,,,,,,,,,,,20,20,,,,,,,,,,,,,,,,,,,,,,,,,,,,,
05/02/2026,"Transfer and Receive",Transportation,,,,,,,,,,,,,,,,,,,,,,,,,,,,,,,,,,,,2,4,,,,,,,,,,,,,,,,,,,,,,,,,,
05/02/2026,"Transfer and Receive","North Royalton ADC",,,,,,,,,,,,,,,,,,,,,,,,,,,,,,60,4,6,0,10,0,,,,,1,,,,,,,,,,,,,,,,,,,,,,,
05/02/2026,"Transfer and Receive","Tanglewood ADC",,,,,,,,,,,,,,,,,,,,,,,,,,,,,,60,6,6,,10,,,,,,,,,,,,,,,,,,,,,,,,,,,,,"Plastic wrap"
05/02/2026,"Transfer and Receive",Foxboro,,,,,,,,,,,,,,,,,,,,,,,,,,,,,,,,,20,20,,4,4,,,,,,,,,,,,,,,,,,,,,,,,,,
05/02/2026,"Transfer and Receive",Weirton,,,,,,,,,,,,,,,,,,,,,,,,,,,,,,,,,20,10,,,,,,,,,,,,,,,,,,,,,,,,,,,,,
05/02/2026,"Transfer and Receive",Massillon,,,,,,,,,,,,,,,,,,,,,,,,,,,,,,,,,,,,10,,,,,,,,,,,,,,,,,,,,,,,,,,,
05/02/2026,"Transfer and Receive","New Philly",,,,,,,,,,,,,,,,,,,,,,,,,,,,,,,,,20,10,,8,8,,,,,,,,,,,,,,,,,,,,,,,,,,"please do not send Raw electrical"
05/02/2026,"Transfer and Receive","Washington Square",,,,,,,,,,,,,,,,,,,,,,,,,,,,,,,,,,,,,,,,,,,,,,,,,,,,,,,,,,,,,,,"Requesting 2 gaylords of scanned books"
05/02/2026,"Transfer and Receive",Strongsville,,,,,,,,,,,,,,,,,,,,,,,,,,,,,,,,,20,20,,,,,,,,,,,,,,,,,,,,,,,,,,,,,
05/02/2026,"Transfer and Receive",Painesville,,,,,,,,,,,,,,,,,,,,,,,,,,,,,,,,,20,20,,,,,,,,,,,,,,,,,,,,,,,,,,,,,
05/02/2026,"Transfer and Receive",Perry,,,,,,,,,,,,,,,,,,,,,,,,,,,,,,,,,20,20,4,,4,,,,,,,,,,,,,,,,,,,,,,,,,,
05/02/2026,"Transfer and Receive",Alliance,,,,,,,,,,,,,,,,,,,,,,,,,,,,,,,,,,,,4,,,,,2,,,,,,,,,,,,,,,,,,,,,,
05/02/2026,"Transfer and Receive",Middleburg,,,,,,,,,,,,,,,,,,,,,,,,,,,,,,,,,25,10,,6,,,,,,,,,,,,,,,,,,,,,,,,,,,
05/02/2026,"Transfer and Receive","Snow Road",,,,,,,,,,,,,,,,,,,,,,,,,,,,,,,,,,,,6,4,,,,,,,,,,,,,,,,,,,,,,,,,,
05/02/2026,"Transfer and Receive",Wintersville,,,,,,,,,,,,,,,,,,,,,,,,,,,,,,,,,20,,,,,,,,,,,,,,,,,,,,,,,,,,,,,,
05/02/2026,"Transfer and Receive",University,,,,,,,,,,,,,,,,,,,,,,,,,,,,,,,,,25,25,,,,,,,,,,,,,,,,,,,,,,,,,,,,,
05/02/2026,"Transfer and Receive",Chardon,,,,,,,,,,,,,,,,,,,,,,,,,,,,,,,,,20,20,,,,,,,,,,,,,,,,,,,,,,,,,,,,,
05/01/2026,"End of Day/Equipment Count",University,,,,,,,,,,,,,255,135,10,0,8,12,21,62,6,8,54,,,,,,,,,,,,,,,,,,,,,,,,3,,,,1,,,,,2,,,3,,1,,"Salvage Cardboard = 1, Outlet Media = 1"
05/01/2026,"End of Day/Equipment Count",Willowick,,,,,,,,,,,,,1203,136,16,3,16,9,0,16,12,12,25,,,,,,,,,,,,,,,,,,,,,,,2,1,,,,,,,,,8,,,4,1,,0,"1 cardboard gaylord"
05/01/2026,"End of Day/Equipment Count",Middleburg,,,,,,,,,,,,,125,256,11,12,10,13,6,5,7,8,26,,,,,,,,,,,,,,,,,,,,,,,,,,,,,,,,,9,1,,4,,1,,
05/01/2026,"End of Day/Equipment Count","Snow Road",,,,,,,,,,,,,107,393,7,2,10,10,28,29,7,4,19,,,,,,,,,,,,,,,,,,,,,,,1,7,,,1,1,,,,,,,,,,,,
05/01/2026,"End of Day/Equipment Count",Mayfield,,,,,,,,,,,,,,,,,,,,,,,,,,,,,,,,,,,,,,,,,,,,,,,3,,,,1,,,,,1,,,4,,,,"1 salvage cardboard"
05/01/2026,"End of Day/Equipment Count",Massillon,,,,,,,,,,,,,204,296,18,2,5,15,29,30,5,4,22,,,,,,,,,,,,,,,,,,,,,,,,,,,,,,,,,3,,,6,,,2,"1 Gaylord of books going out, 2 Gaylords of seasonal going out"
05/01/2026,"End of Day/Equipment Count","New Philly",,,,,,,,,,,,,120,380,11,9,15,5,59,20,3,5,35,,,,,,,,,,,,,,,,,,,,,,,,,,,,,,,,,11,,1,2,,,,
05/01/2026,Donors,Wintersville,,14,,,,,,,,,,,,,,,,,,,,,,,,,,,,,,,,,,,,,,,,,,,,,,,,,,,,,,,,,,,,,
05/01/2026,Donors,"Washington Square ADC",,20,,,,,,,,,,,,,,,,,,,,,,,,,,,,,,,,,,,,,,,,,,,,,,,,,,,,,,,,,,,,,
05/01/2026,"End of Day/Equipment Count","Washington Square",,,,,,,,,,,,,,,,,,,4,9,3,,10,,,,,,,,,,,,,,,,,,,,,,,,,,,,,,,,,,,,,,,,"Requesting 2 gaylords of scanned books"
05/01/2026,"End of Day/Equipment Count",Alliance,,,,,,,,,,,,,333,167,20,0,13,9,20,18,15,7,25,,,,,,,,,,,,,,,,,,,,,,,,,,,,,,,,,4,,,3,,,1,"Sending out 3 blue bins for adc..Thank you"
05/01/2026,Donors,"Westlake ADC",,38,,,,,,,,,,,,,,,,,,,,,,,,,,,,,,,,,,,,,,,,,,,,,,,,,,,,,,,,,,,,,
05/01/2026,"End of Day/Equipment Count",Strongsville,,,,,,,,,,,,,,,,,,,,,,,,,,,,,,,,,,,,,,,,,,,,,,1,1,,,,,,,,,5,,,1,,,1,
05/01/2026,"End of Day/Equipment Count","Route 62",,,,,,,,,,,,,279,204,12,11,23,5,18,17,10,2,14,,,,,,,,,,,,,,,,,,,,,,,,,,,,,,,,,3,,,3,,,1,
05/01/2026,"End of Day/Equipment Count",Perry,,,,,,,,,,,,,400,100,5,9,15,12,25,8,4,5,13,,,,,,,,,,,,,,,,,,,,,,,,,,,,,1,,,,5,,,2,,1,3,"Trash to nolberto--3"
05/01/2026,"Transfer and Receive","Westlake ADC",,,,,,,,,,,,,,,,,,,,,,,,20,1,1,,1,,40,1,1,,1,,,,,,,,,,,,,,,,,,,,,,,,,,,,,
05/01/2026,"End of Day/Equipment Count","North Canton",,,,,,,,,,,,,176,334,13,7,10,14,6,22,6,2,24,,,,,,,,,,,,,,,,,,,,,,,,,,,,,,,,,,,,,,,,
05/01/2026,Donors,Carrollton,,37,,,,,,,,,,,,,,,,,,,,,,,,,,,,,,,,,,,,,,,,,,,,,,,,,,,,,,,,,,,,,
05/01/2026,"End of Day/Equipment Count",Carrollton,,,,,,,,,,,,,420,172,14,0,29,0,41,15,3,2,12,,,,,,,,,,,,,,,,,,,,,,,,,,,,,,,,,5,,,2,,,,
05/01/2026,"End of Day/Equipment Count",Chardon,,,,,,,,,,,,,557,240,18,17,19,13,6,22,1,5,19,,,,,,,,,,,,,,,,,,,,,,,2,1,,,,,,,,,4,,,2,,1,,"2 empty totes, 4, duro, and 12 blue bin sent"
05/01/2026,"End of Day/Equipment Count",Foxboro,,,,,,,,,,,,,120,380,16,4,10,25,18,21,4,0,28,,,,,,,,,,,,,,,,,,,,,,,,,,,,,1,,,1,15,1,,9,1,,2,"1 outlet media, 1 cardboard, 1 ecom collectibles, 1 glass pilot"
05/01/2026,"End of Day/Equipment Count",Wintersville,,,,,,,,,,,,,,,,,,,,,,,,,,,,,,,,,,,,,,,,,,,,,,,,,,,,,,,,4,1,,1,1,,1,
04/30/2026,Donors,"Chesterland ADC",,16,,,,,,,,,,,,,,,,,,,,,,,,,,,,,,,,,,,,,,,,,,,,,,,,,,,,,,,,,,,,,
05/01/2026,Donors,"North Royalton ADC",,76,,,,,,,,,,,,,,,,,,,,,,,,,,,,,,,,,,,,,,,,,,,,,,,,,,,,,,,,,,,,,
05/01/2026,Donors,"Jackson ADC",,13,,,,,,,,,,,,,,,,,,,,,,,,,,,,,,,,,,,,,,,,,,,,,,,,,,,,,,,,,,,,,
05/01/2026,Donors,"Tanglewood ADC",,37,,,,,,,,,,,,,,,,,,,,,,,,,,,,,,,,,,,,,,,,,,,,,,,,,,,,,,,,,,,,,
05/01/2026,Donors,"Lincoln Way ADC",,26,,,,,,,,,,,,,,,,,,,,,,,,,,,,,,,,,,,,,,,,,,,,,,,,,,,,,,,,,,,,,
05/01/2026,"End of Day/Equipment Count","Outlet Canton",,,136,100,8,16,,,,,,,,,,,,,,,,,,,,,,,,,,,,,,,,,,,,,,,,,,,,,,,,,,,,,,,,,
05/01/2026,"End of Day/Equipment Count","North Royalton ADC",,,,,,,,,,,,,54,,3,,5,,2,,1,,,,,,,,,,,,,,,,,,,,,,,,,,,,,,,,,,,,,,,,,,
05/01/2026,"End of Day/Equipment Count","Jackson ADC",,,,,,,,,,,,,8,59,0,4,0,10,2,4,'-1,0,4,,,,,,,,,,,,,,,,,,,,,,,,,,,,,,,,,,,,,,,,
05/01/2026,Donors,"Hillsdale ADC",,4,,,,,,,,,,,,,,,,,,,,,,,,,,,,,,,,,,,,,,,,,,,,,,,,,,,,,,,,,,,,,
05/01/2026,"End of Day/Equipment Count","Hillsdale ADC",,,,,,,,,,,,,12,,0,,0,,,,,,,,,,,,,,,,,,,,,,,,,,,,,,,,,,,,,,,,,,,,,,
05/01/2026,"End of Day/Equipment Count",Transportation,,,,,,,,,,,,,124,345,8,14,9,13,51,29,8,6,11,,,,,,,,,,,,,,,,,,,,,,,,,,,,,,,,,4,4,,,,,,
05/01/2026,Donors,"Uniontown ADC",,8,,,,,,,,,,,,,,,,,,,,,,,,,,,,,,,,,,,,,,,,,,,,,,,,,,,,,,,,,,,,,
05/01/2026,"End of Day/Equipment Count","Uniontown ADC",,,,,,,,,,,,,4,71,0,5,0,10,,,,,,,,,,,,,,,,,,,,,,,,,,,,,,,,,,,,,,,,,,,,,
05/01/2026,Donors,"Outlet Cleveland",,5,,,,,,,,,,,,,,,,,,,,,,,,,,,,,,,,,,,,,,,,,,,,,,,,,,,,,,,,,,,,,
05/01/2026,"End of Day/Equipment Count","Outlet Cleveland",,,72,55,0,6,32,36,0,3,,,,,,,,,,71,,,71,,,,,,,,,,,,,,,,,,,,,,,,,,,,,,,,,,,,,,,,
05/01/2026,"End of Day/Equipment Count","Tanglewood ADC",,,,,,,,,,,,,55,105,4,5,5,11,0,12,0,2,7,,,,,,,,,,,,,,,,,,,,,,,,,,,,,,,,,,,,,,,,"Tanglewood ADC needs Pallets and a roll of Plastic Wrap, please. Thank you."
05/01/2026,"End of Day/Equipment Count",Painesville,,,,,,,,,,,,,146,354,10,0,7,16,3,51,0,10,31,,,,,,,,,,,,,,,,,,,,,,,2,1,1,1,,,,,,,2,1,,8,1,2,,"1 card boarrd"
05/01/2026,"End of Day/Equipment Count","North Olmsted",,,,,,,,,,,,,57,229,0,15,10,17,8,46,0,11,40,,,,,,,,,,,,,,,,,,,,,,,,,,,,,,,,,4,,,3,,,0,
05/01/2026,"End of Day/Equipment Count","Washington Square ADC",,,,,,,,,,,,,32,,0,,4,,0,,1,0,,,,,,,,,,,,,,,,,,,,,,,,,,,,,,,,,,,,,,,,,
05/01/2026,"Transfer and Receive","Gordon Square",,,,,,,,,,,,,,,,,,,,,,,,,,,,,,,,,,,,10,8,,,,,,,,,,,,,,,,,,,,,,,,,,
05/01/2026,"Transfer and Receive","New Philly",,,,,,,,,,,,,,,,,,,,,,,,,,,,,,,,,,,,8,8,,,,,,,,,,,,,,,,,,,,,,,,,,"please do not send Raw electrical"
05/01/2026,"Transfer and Receive","Lincoln Way ADC",,,,,,,,,,,,,,,,,,,,,,,,0,0,0,0,0,0,,,,,,,,,,,,,,,,,,,,,,,,,,,,,,,,,,
05/01/2026,"Transfer and Receive","North Royalton ADC",,,,,,,,,,,,,,,,,,,,,,,,,,,,,,120,6,8,0,0,0,,,,,1,,,,,,,,,,,,,,,,,,,,,,,
05/01/2026,"Transfer and Receive","Washington Square ADC",,,,,,,,,,,,,,,,,,,,,,,,,,,,,,15,0,2,0,0,0,,,,,,,,,,,,,,,,,,,,,,,,,,,,
05/01/2026,"Transfer and Receive",Massillon,,,,,,,,,,,,,,,,,,,,,,,,,,,,,,,,,,,,6,4,,,,,,,,,,,,,,,,,,,,,,,,,,
05/01/2026,"Transfer and Receive","Tanglewood ADC",,,,,,,,,,,,,,,,,,,,,,,,,,,,,,60,1,2,0,10,0,,,,,,,,,,,,,,,,,,,,,,,,,,,,"Thank you."
05/01/2026,"Transfer and Receive",Middleburg,,,,,,,,,,,,,,,,,,,,,,,,,,,,,,,,,25,,,,,,,,,,,,,,,,,,,,,,,,,,,,,,
05/01/2026,Donors,Wintersville,,21,,,,,,,,,,,,,,,,,,,,,,,,,,,,,,,,,,,,,,,,,,,,,,,,,,,,,,,,,,,,,"House of Carpenter- 3 Gaylords"
05/01/2026,"Transfer and Receive","Hillsdale ADC",,,,,,,,,,,,,,,,,,,,,,,,,,,,,,0,0,0,,,,,,,,,,,,,,,,,,,,,,,,,,,,,,,"Need rubber bands for trailer and propane tank 1 empty tank"
05/01/2026,"Transfer and Receive",Foxboro,,,,,,,,,,,,,,,,,,,,,,,,,,,,,,,,,20,20,5,10,,,,,,,,,,,,,,,,,,,,,,,,,,,
05/01/2026,"Transfer and Receive",Willowick,,,,,,,,,,,,,,,,,,,,,,,,60,,,,,,,,,20,20,,,,,,,,,,,,,,,,,,,,,,,,,,,,,
05/01/2026,"Transfer and Receive",Perry,,,,,,,,,,,,,,,,,,,,,,,,,,,,,,,,,,,,,2,,,,,,,,,,,,,,,,,,,,,,,,,,
05/01/2026,"Transfer and Receive","Washington Square",,,,,,,,,,,,,,,,,,,,,,,,,,,,,,,,,,,,,,,,,,,,,,,,,,,,,,,,,,,,,,,"Requesting 2 gaylords of scanned books"
05/01/2026,"Transfer and Receive",Westlake,,,,,,,,,,,,,,,,,,,,,,,,,,,,,,,,,,,,,,,,,,,,,,,,,,,,,,,,,,,,,,,"Please send 2 containers of books. Thank you"
05/01/2026,"Transfer and Receive",Mayfield,,,,,,,,,,,,,,,,,,,,,,,,,,,,,,,,,30,29,,,,,,,,,,,,,,,,,,,,,,,,,,,,,
05/01/2026,"Transfer and Receive",Painesville,,,,,,,,,,,,,,,,,,,,,,,,,,,,,,,,,20,20,,,,,,,,,,,,,,,,,,,,,,,,,,,,,
05/01/2026,"Transfer and Receive","Snow Road",,,,,,,,,,,,,,,,,,,,,,,,,,,,,,,,,,,,,,,2,,,,,,,,,,,,,,,,,,,,,,,,
05/01/2026,"Transfer and Receive","Route 62",,,,,,,,,,,,,,,,,,,,,,,,,,,,,,,,,20,20,,,,,,,,,,,,,,,,,,,,,,,,,,,,,
05/01/2026,"Transfer and Receive","North Olmsted",,,,,,,,,,,,,,,,,,,,,,,,,,,,,,,,,25,25,,4,6,,,,,,,,,,,,,,,,,,,,,,,,,,"I still need my red totes for HAZPAD please. Thank you! :)"
04/30/2026,"End of Day/Equipment Count",University,,,,,,,,,,,,,235,105,10,0,12,12,23,47,6,7,40,,,,,,,,,,,,,,,,,,,,,,,2,4,,1,1,1,,,,,5,,,2,1,,,"Salvage - Cardboard = 2;"
04/30/2026,"End of Day/Equipment Count",Foxboro,,,,,,,,,,,,,115,385,16,4,10,15,24,25,4,3,33,,,,,,,,,,,,,,,,,,,,,,,,,,,,,,,,,,,,,,,,
04/30/2026,"End of Day/Equipment Count",Willowick,,,,,,,,,,,,,1400,180,27,0,16,4,4,21,9,12,22,,,,,,,,,,,,,,,,,,,,,,,2,,,,1,2,,,,,7,,1,4,,1,3,
04/30/2026,"End of Day/Equipment Count","Gordon Square",,,,,,,,,,,,,128,120,26,3,12,8,15,14,4,8,12,,,,,,,,,,,,,,,,,,,,,,,,,,,,,1,,1,1,9,,,7,,,,
04/30/2026,"End of Day/Equipment Count",Mayfield,,,,,,,,,,,,,,,,,,,,,,,,,,,,,,,,,,,,,,,,,,,,,,,6,,,1,,,,,,4,1,,6,,,2,
04/30/2026,"End of Day/Equipment Count","New Philly",,,,,,,,,,,,,145,355,10,10,8,11,67,16,3,3,26,,,,,,,,,,,,,,,,,,,,,,,,,,,,,,,,,5,0,0,2,0,'-2,'-2,"shipping 1 cardboard salvage"
04/30/2026,"End of Day/Equipment Count","Route 62",,,,,,,,,,,,,314,180,13,5,28,2,20,22,7,3,23,,,,,,,,,,,,,,,,,,,,,,,,,,,,,,,,,3,,,3,,,,"food to warehouse"
04/30/2026,"End of Day/Equipment Count","North Canton",,,,,,,,,,,,,200,310,16,4,8,14,13,14,6,4,11,,,,,,,,,,,,,,,,,,,,,,,,,,,,,,,,,11,1,,6,1,,2,
04/30/2026,Donors,"Washington Square ADC",,20,,,,,,,,,,,,,,,,,,,,,,,,,,,,,,,,,,,,,,,,,,,,,,,,,,,,,,,,,,,,,
04/30/2026,Donors,Carrollton,,22,,,,,,,,,,,,,,,,,,,,,,,,,,,,,,,,,,,,,,,,,,,,,,,,,,,,,,,,,,,,,
04/30/2026,Donors,Wintersville,,11,,,,,,,,,,,,,,,,,,,,,,,,,,,,,,,,,,,,,,,,,,,,,,,,,,,,,,,,,,,,,
04/30/2026,"End of Day/Equipment Count",Carrollton,,,,,,,,,,,,,474,85,11,3,24,6,30,16,2,3,12,,,,,,,,,,,,,,,,,,,,,,,,,,,,,,,,,4,,,4,,,2,"1- cardboard"
04/30/2026,"End of Day/Equipment Count","Snow Road",,,,,,,,,,,,,101,399,9,0,6,13,27,29,4,6,21,,,,,,,,,,,,,,,,,,,,,,,1,2,,,,1,1,,,,,,,,,,1,
04/30/2026,"End of Day/Equipment Count",Alliance,,,,,,,,,,,,,373,165,19,1,5,17,22,2,13,7,7,,,,,,,,,,,,,,,,,,,,,,,,,,,,,,,,,1,,,4,,,1,"sending 60 totes,4 blue bins"
04/30/2026,"End of Day/Equipment Count",Perry,,,,,,,,,,,,,521,60,14,6,9,15,34,0,6,6,3,,,,,,,,,,,,,,,,,,,,,,,,,,,,,,,,,4,,,2,,,,
04/30/2026,"End of Day/Equipment Count","Washington Square",,,,,,,,,,,,,,,,,,,4,7,3,1,8,,,,,,,,,,,,,,,,,,,,,,,,,,,,,,,,,,,,,,,'-4,"sending 1 outlet books, requesting 2 scanned books"
04/30/2026,"End of Day/Equipment Count",Weirton,,,,,,,,,,,,,119,419,,,,,,,,,,,,,,,,,,,,,,,,,,,,,,,,,,,,,,,,,,3,1,,1,,,2,"1 Ebook"
04/30/2026,Donors,"Westlake ADC",,33,,,,,,,,,,,,,,,,,,,,,,,,,,,,,,,,,,,,,,,,,,,,,,,,,,,,,,,,,,,,,
04/30/2026,"End of Day/Equipment Count","Washington Square ADC",,,,,,,,,,,,,3,4,1,3,1,4,,,,,,,,,,,,,,,,,,,,,,,,,,,,,,,,,,,,,,,,,,,,,
04/30/2026,"End of Day/Equipment Count",Painesville,,,,,,,,,,,,,157,343,7,3,10,13,20,34,8,11,19,,,,,,,,,,,,,,,,,,,,,,,3,2,1,1,1,,,,,,5,,,9,,2,,
04/30/2026,"Transfer and Receive","Westlake ADC",,,,,,,,,,,,,,,,,,,,,,,,20,2,1,,1,,30,2,1,,1,,,,,,,,,,,,,,,,,,,,,,,,,,,,,
04/30/2026,"End of Day/Equipment Count",Middleburg,,,,,,,,,,,,,155,485,23,14,9,18,23,20,13,7,23,,,,,,,,,,,,,,,,,,,,,,,,2,,,,,,,,,11,,,8,,,2,
04/30/2026,"Transfer and Receive","Washington Square ADC",,,,,,,,,,,,,,,,,,,,,,,,3,1,1,,,,,,,,,,,,,,,,,,,,,,,,,,,,,,,,,,,,,
04/30/2026,"End of Day/Equipment Count",Wintersville,,,,,,,,,,,,,,,,,,,,,,,,,,,,,,,,,,,,,,,,,,,,,,,,,,,,,,,,5,,,2,,,2,
04/30/2026,"End of Day/Equipment Count",Chardon,,,,,,,,,,,,,456,300,22,9,10,32,0,27,3,7,25,,,,,,,,,,,,,,,,,,,,,,,2,4,,,,,,,,,4,,4,2,,,,"1 container shelves 1 stack containers"
04/30/2026,"End of Day/Equipment Count",Transportation,,,,,,,,,,,,,144,373,4,17,7,18,39,38,8,6,14,,,,,,,,,,,,,,,,,,,,,,,,'-2,,,,,,,,,7,,,0,,,,
04/30/2026,Donors,"Lyndhurst ADC",,32,,,,,,,,,,,,,,,,,,,,,,,,,,,,,,,,,,,,,,,,,,,,,,,,,,,,,,,,,,,,,
04/30/2026,Donors,"Tanglewood ADC",,45,,,,,,,,,,,,,,,,,,,,,,,,,,,,,,,,,,,,,,,,,,,,,,,,,,,,,,,,,,,,,
04/30/2026,"End of Day/Equipment Count",Massillon,,,,,,,,,,,,,245,255,13,7,4,16,49,11,5,7,25,,,,,,,,,,,,,,,,,,,,,,,,,,,,,,,,,2,,,2,,,1,
04/30/2026,"End of Day/Equipment Count","Chesterland ADC",,,,,,,,,,,,,49,,3,,5,,,,1,,,,,,,,,,,,,,,,,,,,,,,,,,,,,,,,,,,,,,,,,,
04/30/2026,Donors,"Lincoln Way ADC",,28,,,,,,,,,,,,,,,,,,,,,,,,,,,,,,,,,,,,,,,,,,,,,,,,,,,,,,,,,,,,,
04/30/2026,Donors,"Jackson ADC",,11,,,,,,,,,,,,,,,,,,,,,,,,,,,,,,,,,,,,,,,,,,,,,,,,,,,,,,,,,,,,,
04/30/2026,"End of Day/Equipment Count","Jackson ADC",,,,,,,,,,,,,4,71,1,3,0,10,1,4,0,0,4,,,,,,,,,,,,,,,,,,,,,,,,,,,,,,,,,,,,,,,,
04/30/2026,"End of Day/Equipment Count","North Royalton ADC",,,,,,,,,,,,,67,,4,,7,,5,,0,,,,,,,,,,,,,,,,,,,,,,,,,,,,,,,,,,,,,,,,,,"One pallet of furniture"
04/30/2026,"End of Day/Equipment Count","North Olmsted",,,,,,,,,,,,,93,283,7,7,7,16,9,39,3,3,34,,,,,,,,,,,,,,,,,,,,,,,,,,,,,,,,,6,,1,,,,1,"1 salvage books"
04/30/2026,Donors,"Uniontown ADC",,13,,,,,,,,,,,,,,,,,,,,,,,,,,,,,,,,,,,,,,,,,,,,,,,,,,,,,,,,,,,,,
04/30/2026,"End of Day/Equipment Count","Tanglewood ADC",,,,,,,,,,,,,46,81,5,4,4,13,3,3,0,0,8,,,,,,,,,,,,,,,,,,,,,,,,,,,,,,,,,,,,,,,,
04/30/2026,"End of Day/Equipment Count","Uniontown ADC",,,,,,,,,,,,,12,60,1,4,2,9,,,,,,,,,,,,,,,,,,,,,,,,,,,,,,,,,,,,,,,,,,,,,
04/30/2026,Donors,"Hillsdale ADC",,11,,,,,,,,,,,,,,,,,,,,,,,,,,,,,,,,,,,,,,,,,,,,,,,,,,,,,,,,,,,,,"Empty propane tank"
04/30/2026,"End of Day/Equipment Count","Outlet Canton",,,136,100,8,16,,,,,,,,,,,,,,,,,,,,,,,,,,,,,,,,,,,,,,,,,,,,,,,,,,,,,,,,,
04/30/2026,"End of Day/Equipment Count","Hillsdale ADC",,,,,,,,,,,,,4,,0,,0,,,,,,,,,,,,,,,,,,,,,,,,,,,,,,,,,,,,,,,,,,,,,,
04/30/2026,"End of Day/Equipment Count","Lyndhurst ADC",,,,,,,,,,,,,42,66,2,3,1,9,0,6,0,2,7,,,,,,,,,,,,,,,,,,,,,,,,,,,,,,,,,,,,,,,,"Lyndhurst ADC needs Donation Receipts and Pallets. Thank you."
04/30/2026,"End of Day/Equipment Count",Strongsville,,,,,,,,,,,,,,,,,,,,,,,,,,,,,,,,,,,,,,,,,,,,,,,1,,,0,,,,,,4,,,3,,,2,
04/30/2026,Donors,"Outlet Cleveland",,5,,,,,,,,,,,,,,,,,,,,,,,,,,,,,,,,,,,,,,,,,,,,,,,,,,,,,,,,,,,,,
04/30/2026,"End of Day/Equipment Count","Outlet Cleveland",,,90,62,0,9,45,40,0,3,,,,,,,,,,88,,,88,,,,,,,,,,,,,,,,,,,,,,,,,,,,,,,,,,,,,,,,
04/30/2026,"Transfer and Receive","Jackson ADC",,,,,,,,,,,,,,,,,,,,,,,,,,,,,,0,0,2,0,0,0,,,,,,,,,,,,,,,,,,,,,,,,,,,,
04/30/2026,"Transfer and Receive",Carrollton,,,,,,,,,,,,,,,,,,,,,,,,,,,,,,,,,,,,10,,,,,,,,,,,,,,,,,,,,,,,,,,,
04/30/2026,"Transfer and Receive",Massillon,,,,,,,,,,,,,,,,,,,,,,,,,,,,,,,,,20,,,,,,,,,,,,,,,,,,,,,,,,,,,,,,
04/30/2026,"Transfer and Receive","Gordon Square",,,,,,,,,,,,,,,,,,,,,,,,,,,,,9,,,,,,,4,6,,,,,,,,,,,,,,,,,,,,,,,,,,
04/30/2026,"Transfer and Receive","Hillsdale ADC",,,,,,,,,,,,,,,,,,,,,,,,,,,,,,15,1,1,,,,,,,,,,,,,,,,,,,,,,,,,,,,,,,
04/30/2026,"Transfer and Receive","Lyndhurst ADC",,,,,,,,,,,,,,,,,,,,,,,,,,,,,,60,2,2,0,10,0,,,,,,,,,,,,,,,,,,,,,,,,,,,,"Lyndhurst ADC needs Donation Receipts and Pallets. Thank you."
04/30/2026,"Transfer and Receive","Lincoln Way ADC",,,,,,,,,,,,,,,,,,,,,,,,0,0,0,0,0,0,0,0,0,0,0,0,,,,,,,,,,,,,,,,,,,,,,,,,,,,
04/30/2026,"Transfer and Receive","Chesterland ADC",,,,,,,,,,,,,,,,,,,,,,,,,,,,,,75,4,0,0,0,0,,,,,,,,,,,,,,,,,,,,,,,,,,,,"Glass cleaner"
04/30/2026,"Transfer and Receive",University,,,,,,,,,,,,,,,,,,,,,,,,,,,,,,,,,25,25,,,,,,,,,,,,,,,,,,,,,,,,,,,,,
04/30/2026,"Transfer and Receive","North Royalton ADC",,,,,,,,,,,,,,,,,,,,,,,,,,,,,,60,6,8,0,0,0,,,,,2,,,,,,,,,,,,,,,,,,,,,,,
04/30/2026,"Transfer and Receive",Perry,,,,,,,,,,,,,,,,,,,,,,,,,,,,,,,,,20,20,,,,,,,,,,,,,,,,,,,,,,,,,,,,,
04/30/2026,"Transfer and Receive","Washington Square",,,,,,,,,,,,,,,,,,,,,,,,,,,,,,,,,,,,,,,,,,,,,,,,,,,,,,,,,,,,,,,"Requesting 2 gaylords of scanned books"
04/30/2026,"Transfer and Receive",Westlake,,,,,,,,,,,,,,,,,,,,,,,,,,,,,,,,,,,,,,,,,,,,,,,,,,,,,,,,,,,,,,,"1 book container please"
04/30/2026,"Transfer and Receive","Tanglewood ADC",,,,,,,,,,,,,,,,,,,,,,,,,,,,,,60,3,4,10,0,0,,,,,,,,,,,,,,,,,,,,,,,,,,,,"Tanglewood needs ; Brown paper towels rolls 2- TP- and Plastic wrap please. Thank you!"
04/30/2026,"Transfer and Receive",Weirton,,,,,,,,,,,,,,,,,,,,,,,,,,,,,,,,,,,,,6,,,,,,,,,,,,,,,,,,,,,,,,,,
04/30/2026,"Transfer and Receive",Transportation,,,,,,,,,,,,,,,,,,,,,,,,,,,,,,,,,,,,2,6,,,,,,,,,,,,,,,,,,,,,,,,,,
04/30/2026,"Transfer and Receive","North Olmsted",,,,,,,,,,,,,,,,,,,,,,,,,,,,,,,,,25,25,,,,,,,,,,,,,,,,,,,,,,,,,,,,,"Thank you! :)"
04/30/2026,"Transfer and Receive",Painesville,,,,,,,,,,,,,,,,,,,,,,,,,,,,,,,,,20,20,,,,,,,,,,,,,,,,,,,,,,,,,,,,,
04/30/2026,"Transfer and Receive","North Canton",,,,,,,,,,,,,,,,,,,,,,,,,,,,,,,,,20,20,,,,,,,,,,,,,,,,,,,,,,,,,,,,,
04/30/2026,"Transfer and Receive",Alliance,,,,,,,,,,,,,,,,,,,,,,,,60,,4,,,,,,,20,20,,,,,,,,,,,,,,,,,,,,,,,,,,,,,
04/30/2026,"Transfer and Receive","Snow Road",,,,,,,,,,,,,,,,,,,,,,,,,,,,,,,,,,,,4,2,,,,,,,,,,,,,,,,,,,,,,,,,,
04/29/2026,"End of Day/Equipment Count",Painesville,,,,,,,,,,,,,198,352,9,1,19,4,,25,,10,15,,,,,,,,,,,,,,,,,,,,,,,5,3,2,,,,,,,,5,1,,3,,,,"1 cardboard"
04/29/2026,"End of Day/Equipment Count",University,,,,,,,,,,,,,225,165,10,0,10,10,24,44,4,4,33,,,,,,,,,,,,,,,,,,,,,,,7,5,,,,1,,,,,2,,,3,,1,5,"Salvage Cardboard = 1, eCom North = 3, eCom South = 1"
04/29/2026,"End of Day/Equipment Count","Gordon Square",,,,,,,,,,,,,216,120,26,2,14,4,15,22,5,17,17,,,,,,,,,,,,,,,,,,,,,,,,,,,,,,,,,3,,,2,,,,
04/29/2026,"End of Day/Equipment Count",Willowick,,,,,,,,,,,,,1264,232,29,0,15,5,8,13,13,3,17,,,,,,,,,,,,,,,,,,,,,,,,,,,,,,,,,15,0,1,7,2,2,0,
04/29/2026,"End of Day/Equipment Count","New Philly",,,,,,,,,,,,,150,350,9,11,6,14,68,18,3,4,32,,,,,,,,,,,,,,,,,,,,,,,,,,,,,,,,,5,2,,3,,,1,"shipping 1 media outlet"
04/29/2026,"End of Day/Equipment Count","North Canton",,,,,,,,,,,,,278,232,17,3,9,11,11,23,6,4,20,,,,,,,,,,,,,,,,,,,,,,,,,,,,,,,,,,,,,,,,
04/29/2026,Donors,Carrollton,,17,,,,,,,,,,,,,,,,,,,,,,,,,,,,,,,,,,,,,,,,,,,,,,,,,,,,,,,,,,,,,
04/29/2026,"End of Day/Equipment Count",Carrollton,,,,,,,,,,,,,393,127,14,0,17,3,9,19,0,4,5,,,,,,,,,,,,,,,,,,,,,,,,,,2,,,1,,,1,4,1,0,1,0,1,0,
04/29/2026,"End of Day/Equipment Count",Mayfield,,,,,,,,,,,,,,,,,,,,,,,,,,,,,,,,,,,,,,,,,,,,,,,4,,,,,,,,,1,1,,2,,,2,"1 apparel 1 collectable"
04/29/2026,"End of Day/Equipment Count","Washington Square",,,,,,,,,,,,,,,,,,,5,8,1,,9,,,,,,,,,,,,,,,,,,,,,,,,,,,,,,,,,,,,,,,,
04/29/2026,"End of Day/Equipment Count",Chardon,,,,,,,,,,,,,617,180,19,2,9,38,,14,4,14,27,,,,,,,,,,,,,,,,,,,,,,,6,1,,,1,,,,,,3,,,,,,,"2 stacks totes, 2 duros, 6 blue bins, 1 metal scrap all sent today."
04/29/2026,Donors,"Westlake ADC",,32,,,,,,,,,,,,,,,,,,,,,,,,,,,,,,,,,,,,,,,,,,,,,,,,,,,,,,,,,,,,,
04/29/2026,"Transfer and Receive","Westlake ADC",,,,,,,,,,,,,,,,,,,,,,,,,1,1,,,,10,1,1,,4,,,,,,,,,,,,,,,,,,,,,,,,,,,,,
04/29/2026,"End of Day/Equipment Count",Alliance,,,,,,,,,,,,,347,153,17,3,12,8,45,8,14,8,10,,,,,,,,,,,,,,,,,,,,,,,,,,,,,,,,,5,,,3,1,,,"Sending out 1 Gaylord of E Books"
04/29/2026,"End of Day/Equipment Count",Massillon,,,,,,,,,,,,,272,228,18,2,6,14,33,13,4,6,9,,,,,,,,,,,,,,,,,,,,,,,,,,,,,,,,,,,,2,,,2,"1 glass pilot. 1 gaylord of cardboard, 2 ecom"
04/29/2026,"End of Day/Equipment Count",Weirton,,,,,,,,,,,,,159,353,,,13,,,23,,,13,,,,,,,,,,,,,,,,,,,,,,,,,,,,,,,,,3,,,3,1,,,
04/29/2026,"End of Day/Equipment Count",Perry,,,,,,,,,,,,,414,86,18,1,15,9,27,8,1,8,10,,,,,,,,,,,,,,,,,,,,,,,,,,,,,,,,,3,1,,1,1,1,,"1 Salvage Cardboard, 4 Trash to Nolberto"
04/29/2026,"End of Day/Equipment Count","Snow Road",,,,,,,,,,,,,82,518,8,1,6,12,20,6,7,5,11,,,,,,,,,,,,,,,,,,,,,,,,,,,,,,,,,4,,,1,,,3,
04/29/2026,"End of Day/Equipment Count","North Olmsted",,,,,,,,,,,,,115,147,13,7,16,16,25,20,5,6,19,,,,,,,,,,,,,,,,,,,,,,,0,0,0,0,1,0,0,0,0,0,5,0,0,6,0,0,0,"2 salvage books"
04/29/2026,"End of Day/Equipment Count",Foxboro,,,,,,,,,,,,,180,320,16,4,3,22,26,26,4,3,33,,,,,,,,,,,,,,,,,,,,,,,,,,,,,1,,,,7,1,,6,'-1,,3,"1 cardboard, 1 collectable, 1 apparel, & 1, books"
04/29/2026,Donors,"Tanglewood ADC",,51,,,,,,,,,,,,,,,,,,,,,,,,,,,,,,,,,,,,,,,,,,,,,,,,,,,,,,,,,,,,,
04/29/2026,"End of Day/Equipment Count","Tanglewood ADC",,,,,,,,,,,,,40,127,6,6,9,7,2,4,1,0,13,,,,,,,,,,,,,,,,,,,,,,,,,,,,,,,,,,,,,,,,"We have a lot to P/UP! Thank you!"
04/29/2026,Donors,"Lyndhurst ADC",,37,,,,,,,,,,,,,,,,,,,,,,,,,,,,,,,,,,,,,,,,,,,,,,,,,,,,,,,,,,,,,
04/29/2026,Donors,"Chesterland ADC",,33,,,,,,,,,,,,,,,,,,,,,,,,,,,,,,,,,,,,,,,,,,,,,,,,,,,,,,,,,,,,,
04/29/2026,"End of Day/Equipment Count","Lyndhurst ADC",,,,,,,,,,,,,13,,1,,,,,,,,,,,,,,,,,,,,,,,,,,,,,,,,,,,,,,,,,,,,,,,,
04/29/2026,Donors,"North Royalton ADC",,67,,,,,,,,,,,,,,,,,,,,,,,,,,,,,,,,,,,,,,,,,,,,,,,,,,,,,,,,,,,,,
04/29/2026,Donors,"Lincoln Way ADC",,20,,,,,,,,,,,,,,,,,,,,,,,,,,,,,,,,,,,,,,,,,,,,,,,,,,,,,,,,,,,,,
04/29/2026,Donors,"Jackson ADC",,16,,,,,,,,,,,,,,,,,,,,,,,,,,,,,,,,,,,,,,,,,,,,,,,,,,,,,,,,,,,,,
04/29/2026,Donors,"Uniontown ADC",,13,,,,,,,,,,,,,,,,,,,,,,,,,,,,,,,,,,,,,,,,,,,,,,,,,,,,,,,,,,,,,
04/29/2026,"End of Day/Equipment Count","Uniontown ADC",,,,,,,,,,,,,8,57,1,4,2,9,,,,,,,,,,,,,,,,,,,,,,,,,,,,,,,,,,,,,,,,,,,,,
04/29/2026,"End of Day/Equipment Count",Middleburg,,,,,,,,,,,,,217,469,29,3,20,13,45,39,5,6,7,,,,,,,,,,,,,,,,,,,,,,,,,,,,,1,,1,0,,,,,,,,
04/29/2026,"End of Day/Equipment Count","Jackson ADC",,,,,,,,,,,,,6,45,1,3,0,9,1,3,0,0,3,,,,,,,,,,,,,,,,,,,,,,,,,,,,,,,,,,,,,,,,
04/29/2026,"End of Day/Equipment Count","North Royalton ADC",,,,,,,,,,,,,61,,4,,4,,6,,0,,,,,,,,,,,,,,,,,,,,,,,,,,,,,,,,,,,,,,,,,,
04/29/2026,"End of Day/Equipment Count",Transportation,,,,,,,,,,,,,68,403,9,13,7,15,58,28,12,4,14,,,,,,,,,,,,,,,,,,,,,,,,,,,,,,,,,4,4,,,,,3,
04/29/2026,Donors,"Hillsdale ADC",,10,,,,,,,,,,,,,,,,,,,,,,,,,,,,,,,,,,,,,,,,,,,,,,,,,,,,,,,,,,,,,
04/29/2026,"End of Day/Equipment Count","Hillsdale ADC",,,,,,,,,,,,,8,52,1,4,1,4,,,,,,,,,,,,,,,,,,,,,,,,,,,,,,,,,,,,,,,,,,,,,"Propane tank and rubber bands"
04/29/2026,"End of Day/Equipment Count","Outlet Cleveland",,,80,60,0,6,38,33,0,4,,,,,,,,,,75,,,75,,,,,,,,,,,,,,,,,,,,,,,,,,,,,,,,,,,,,,,,
04/29/2026,Donors,"Outlet Cleveland",,3,,,,,,,,,,,,,,,,,,,,,,,,,,,,,,,,,,,,,,,,,,,,,,,,,,,,,,,,,,,,,
04/29/2026,"End of Day/Equipment Count","Outlet Canton",,,136,100,8,16,,,,,,,,,,,,,,,,,,,,,,,,,,,,,,,,,,,,,,,,,,,,,,,,,,,,,,,,,
04/29/2026,"End of Day/Equipment Count",Strongsville,,,,,,,,,,,,,,,,,,,,,,,,,,,,,,,,,,,,,,,,,,,,,,,,,,,,,,,,3,1,,,,,,
04/29/2026,"End of Day/Equipment Count","Route 62",,,,,,,,,,,,,295,188,9,8,30,1,29,22,12,3,23,,,,,,,,,,,,,,,,,,,,,,,,,,,2,,,,,,5,,,2,,,,
04/29/2026,Donors,"Washington Square ADC",,9,,,,,,,,,,,,,,,,,,,,,,,,,,,,,,,,,,,,,,,,,,,,,,,,,,,,,,,,,,,,,
04/29/2026,"End of Day/Equipment Count","Washington Square ADC",,,,,,,,,,,,,20,,0,,2,,0,,0,0,,,,,,,,,,,,,,,,,,,,,,,,,,,,,,,,,,,,,,,,,"Need green adc labels donation receipts"
04/29/2026,"Transfer and Receive","Jackson ADC",,,,,,,,,,,,,,,,,,,,,,,,,,,,,,30,1,2,0,0,'-1,,,,,,,,,,,,,,,,,,,,,,,,,,,,
04/29/2026,"Transfer and Receive","Lyndhurst ADC",,,,,,,,,,,,,,,,,,,,,,,,,,,,,,120,8,,,,,,,,,,,,,,,,,,,,,,,,,,,,,,,,
04/29/2026,"Transfer and Receive",Perry,,,,,,,,,,,,,,,,,,,,,,,,,,,,,,,,,20,20,,,,,,,,,,,,,,,,,,,,,,,,,,,,,
04/29/2026,"Transfer and Receive",Strongsville,,,,,,,,,,,,,,,,,,,,,,,,,,,,,,,,,20,20,,,,,,,,,,,,,,,,,,,,,,,,,,,,,
04/29/2026,"Transfer and Receive","North Olmsted",,,,,,,,,,,,,,,,,,,,,,,,,,,,,,,,,25,25,,,,,,,,,,,,,,,,,,,,,,,,,,,,,
04/29/2026,"Transfer and Receive","Gordon Square",,,,,,,,,,,,,,,,,,,,,,,,,,,,,,,,,,,,10,5,,,,,,,,,,,,,,,,,,,,,,,,,,"City missions if available Thank you!! have a good day"
04/29/2026,"Transfer and Receive",Willowick,,,,,,,,,,,,,,,,,,,,,,,,,,,,,,,,,20,20,,,,,,,,,,,,,,,,,,,,,,,,,,,,,
04/29/2026,"Transfer and Receive","Washington Square ADC",,,,,,,,,,,,,,,,,,,,,,,,,,,,,,15,0,2,0,0,0,,,,,,,,,,,,,,,,,,,,,,,,,,,,"Need green labels adc donation receipts"
04/29/2026,"Transfer and Receive",Massillon,,,,,,,,,,,,,,,,,,,,,,,,,,,,,,,,,,20,,,,,,,,,,,,,,,,,,,,,,,,,,,,,
04/29/2026,"Transfer and Receive","Lincoln Way ADC",,,,,,,,,,,,,,,,,,,,,,,,0,0,0,0,0,0,,,,,,,,,,,,,,,,,,,,,,,,,,,,,,,,,,
04/29/2026,"Transfer and Receive","New Philly",,,,,,,,,,,,,,,,,,,,,,,,,,,,,,,,,,,,5,8,,,,,,,,,,,,,,,,,,,,,,,,,,
04/29/2026,"Transfer and Receive",Mayfield,,,,,,,,,,,,,,,,,,,,,,,,,,,,,,,,,50,50,,,,,,,,,,,,,,,,,,,,,,,,,,,,,
04/29/2026,"Transfer and Receive",Middleburg,,,,,,,,,,,,,,,,,,,,,,,,,,,,,,,,,,20,,,,,,,,,,,,,,,,,,,,,,,,,,,,,
04/29/2026,"Transfer and Receive",Perry,,,,,,,,,,,,,,,,,,,,,,,,,,,,,,,,,,,,,2,,,,,,,,,,,,,,,,,,,,,,,,,,
04/29/2026,"Transfer and Receive","North Royalton ADC",,,,,,,,,,,,,,,,,,,,,,,,,,,,,,60,4,8,0,10,0,,,,,,,,,,,,,,,,,,,,,,,,,,,,
04/29/2026,"Transfer and Receive","Tanglewood ADC",,,,,,,,,,,,,,,,,,,,,,,,,,,,,,0,0,8,0,0,0,,,,,,,,,,,,,,,,,,,,,,,,,,,,"Plastic wrap please! Thank you!"
04/29/2026,"Transfer and Receive",Carrollton,,,,,,,,,,,,,,,,,,,,,,,,,,,,,,,,,,10,,8,8,,,,,,,,,,,,,,,,,,,,,,,,,,
04/29/2026,"Transfer and Receive","Washington Square",,,,,,,,,,,,,,,,,,,,,,,,,,,,,,,,,,,,,,,,,,,,,,,,,,,,,,,,,,,,,,,"requesting 2 scanned books"
04/24/2026,"Supplemental production","North Canton",YES,,,,,,,,,,,464,,,,,,,,,,,,,,,,,,,,,,,,,,,,,,,,,,,,,,,,,,,,,,,,,,,"Kylie Kemp's production was not credited to N Canton"
04/29/2026,"Transfer and Receive",Chardon,,,,,,,,,,,,,,,,,,,,,,,,,,,,,,,,,20,10,,,,,,,,,,,,,,,,,,,,,,,,,,,,,"1 propane"
04/29/2026,"Transfer and Receive",Wintersville,,,,,,,,,,,,,,,,,,,,,,,,,,,,,,,,,20,20,,,,,,,,,,,,,,,,,,,,,,,,,,,,,
04/29/2026,"Transfer and Receive",Painesville,,,,,,,,,,,,,,,,,,,,,,,,,,,,,,,,,20,20,,,,,,,,,,,,,,,,,,,,,,,,,,,,,
04/29/2026,"Transfer and Receive",University,,,,,,,,,,,,,,,,,,,,,,,,,,,,,,,,,25,25,3,,,,,,,,,,,,,,,,,,,,,,,,,,,,
04/29/2026,"Transfer and Receive",Transportation,,,,,,,,,,,,,,,,,,,,,,,,,,,,,,,,,,,,5,,,,,,,,,,,,,,,,,,,,,,,,,,,
04/29/2026,"Transfer and Receive","Snow Road",,,,,,,,,,,,,,,,,,,,,,,,,,,,,,,,,15,10,,3,,,,,2,,,,,,,,,,,,,,,,,,,,,,
04/28/2026,"End of Day/Equipment Count",Willowick,,,,,,,,,,,,,1320,64,23,2,7,4,0,24,10,12,24,,,,,,,,,,,,,,,,,,,,,,,,,,,2,,,,,,11,,2,9,1,6,0,
04/28/2026,"End of Day/Equipment Count",University,,,,,,,,,,,,,190,150,10,0,16,8,37,27,5,3,24,,,,,,,,,,,,,,,,,,,,,,,7,6,,1,1,,,,,,5,,,6,,1,,"Salvage - Cardboard = 1;"
04/28/2026,"End of Day/Equipment Count",Massillon,,,,,,,,,,,,,274,226,19,1,8,12,30,19,5,6,16,,,,,,,,,,,,,,,,,,,,,,,,,,,,,,,,,4,1,,2,,,,
04/28/2026,"End of Day/Equipment Count","Washington Square",,,,,,,,,,,,,,,,,,,6,8,1,,7,,,,,,,,,,,,,,,,,,,,,,,,,,,,,,,,,,,,,,,,"sending out 1 full outlet gaylord of books"
04/28/2026,"End of Day/Equipment Count","Gordon Square",,,,,,,,,,,,,264,88,3,12,12,9,12,26,25,5,20,,,,,,,,,,,,,,,,,,,,,,,,,,,,,,,,,7,1,,3,,,2,
04/28/2026,"End of Day/Equipment Count",Strongsville,,,,,,,,,,,,,,,,,,,,,,,,,,,,,,,,,,,,,,,,,,,,,,,,,,,,,,,,3,,,1,,,1,"3-Raw to Snow Rd, 1-Raw to Central Processing"
04/28/2026,Donors,"Washington Square ADC",,18,,,,,,,,,,,,,,,,,,,,,,,,,,,,,,,,,,,,,,,,,,,,,,,,,,,,,,,,,,,,,
04/28/2026,Donors,"Westlake ADC",,39,,,,,,,,,,,,,,,,,,,,,,,,,,,,,,,,,,,,,,,,,,,,,,,,,,,,,,,,,,,,,
04/28/2026,"End of Day/Equipment Count",Alliance,,,,,,,,,,,,,405,95,20,0,8,12,29,18,15,7,22,,,,,,,,,,,,,,,,,,,,,,,,,,,,,,,,,2,,,5,,,,"sending out 60 totes and 6 bins for ADC..Thank you.."
04/28/2026,"End of Day/Equipment Count","North Canton",,,,,,,,,,,,,315,195,17,3,10,14,28,11,6,6,16,,,,,,,,,,,,,,,,,,,,,,,,3,,,,,,,,,9,,,7,,,2,
04/28/2026,"End of Day/Equipment Count",Mayfield,,,,,,,,,,,,,,,,,,,,,,,,,,,,,,,,,,,,,,,,,,,,,,,,,1,,,,,,,3,,,5,1,,5,
04/28/2026,"End of Day/Equipment Count","Snow Road",,,,,,,,,,,,,120,380,9,0,15,13,24,5,5,3,13,,,,,,,,,,,,,,,,,,,,,,,,,,,'-1,,,,,,4,1,,3,2,,,"1 cardboard"
04/28/2026,Donors,Carrollton,,29,,,,,,,,,,,,,,,,,,,,,,,,,,,,,,,,,,,,,,,,,,,,,,,,,,,,,,,,,,,,,
04/28/2026,"End of Day/Equipment Count",Perry,,,,,,,,,,,,,430,70,16,2,21,5,22,15,4,6,18,,,,,,,,,,,,,,,,,,,,,,,,,,,,,,,,,4,,,3,,,2,"1 cardboard"
04/28/2026,"End of Day/Equipment Count",Carrollton,,,,,,,,,,,,,397,106,10,4,19,7,18,21,0,4,6,,,,,,,,,,,,,,,,,,,,,,,,,,,,,,,,,3,0,0,4,0,0,0,"14 blue bin returned"
04/28/2026,"End of Day/Equipment Count","Washington Square ADC",,,,,,,,,,,,,0,4.5,1.5,4,1,8,,,,,,,,,,,,,,,,,,,,,,,,,,,,,,,,,,,,,,,,,,,,,
04/28/2026,Donors,Wintersville,,14,,,,,,,,,,,,,,,,,,,,,,,,,,,,,,,,,,,,,,,,,,,,,,,,,,,,,,,,,,,,,
04/28/2026,"Transfer and Receive","Washington Square ADC",,,,,,,,,,,,,,,,,,,,,,,,0,,1,,,,1,,,,,,,,,,,,,,,,,,,,,,,,,,,,,,,,,
04/28/2026,"End of Day/Equipment Count",Weirton,,,,,,,,,,,,,159,360,,,14,,,7,,,7,,,,,,,,,,,,,,,,,,,,,,,,,,,,,,,,,2,,,,,,,"60 totes."
04/28/2026,"End of Day/Equipment Count",Foxboro,,,,,,,,,,,,,360,240,19,1,19,16,26,33,4,5,38,,,,,,,,,,,,,,,,,,,,,,,,,,,,,,,,,,,,,,,,
04/28/2026,"End of Day/Equipment Count","Route 62",,,,,,,,,,,,,307,137,12,7,30,0,23,14,14,3,13,,,,,,,,,,,,,,,,,,,,,,,,,,,,,,,,,4,,,1,1,,,
04/28/2026,"End of Day/Equipment Count",Wintersville,,,,,,,,,,,,,,,,,,,,,,,,,,,,,,,,,,,,,,,,,,,,,,,,,,,,,,,,5,,,0,,,,
04/28/2026,"End of Day/Equipment Count",Painesville,,,,,,,,,,,,,244,256,10,0,14,9,10,21,0,10,4,,,,,,,,,,,,,,,,,,,,,,,5,5,,,0,,,,,,1,,,4,,2,1,"1card board"
04/28/2026,"End of Day/Equipment Count","Lyndhurst ADC",,,,,,,,,,,,,29,,2,,2,,,,,,,,,,,,,,,,,,,,,,,,,,,,,,,,,,,,,,,,,,,,,,
04/28/2026,Donors,"North Royalton ADC",,90,,,,,,,,,,,,,,,,,,,,,,,,,,,,,,,,,,,,,,,,,,,,,,,,,,,,,,,,,,,,,
04/28/2026,"End of Day/Equipment Count",Transportation,,,,,,,,,,,,,148,300,5,14,5,14,55,38,10,4,24,,,,,,,,,,,,,,,,,,,,,,,,,,,,,,,,,4,4,,,,,2,
04/28/2026,Donors,"Lyndhurst ADC",,32,,,,,,,,,,,,,,,,,,,,,,,,,,,,,,,,,,,,,,,,,,,,,,,,,,,,,,,,,,,,,
04/28/2026,"Transfer and Receive","Lyndhurst ADC",,,,,,,,,,,,,,,,,,,,,,,,,,,,,,60,6,2,,4,,,,,,,,,,,,,,,,,,,,,,,,,,,,,
04/28/2026,"End of Day/Equipment Count","North Royalton ADC",,,,,,,,,,,,,74,,3,,6,,2,,0,,,,,,,,,,,,,,,,,,,,,,,,,,,,,,,,,,,,,,,,,,
04/28/2026,Donors,"Jackson ADC",,16,,,,,,,,,,,,,,,,,,,,,,,,,,,,,,,,,,,,,,,,,,,,,,,,,,,,,,,,,,,,,
04/28/2026,Donors,"Tanglewood ADC",,79,,,,,,,,,,,,,,,,,,,,,,,,,,,,,,,,,,,,,,,,,,,,,,,,,,,,,,,,,,,,,
04/28/2026,Donors,"Lincoln Way ADC",,19,,,,,,,,,,,,,,,,,,,,,,,,,,,,,,,,,,,,,,,,,,,,,,,,,,,,,,,,,,,,,
04/28/2026,"End of Day/Equipment Count","Lincoln Way ADC",,,,,,,,,,,,,15,,1,,1,,,,,,,,,,,,,,,,,,,,,,,,,,,,,,,,,,,,,,,,,,,,,,
04/28/2026,"End of Day/Equipment Count","Outlet Canton",,,136,100,8,15,,,,,,,,,,,,,,,,,,,,,,,,,,,,,,,,,,,,,,,,,,,,,,,,,,,,,,,,,
04/28/2026,"End of Day/Equipment Count","Jackson ADC",,,,,,,,,,,,,4,59,0,4,0,10,1,3,0,0,3,,,,,,,,,,,,,,,,,,,,,,,,,,,,,,,,,,,,,,,,"1 bag of trash"
04/28/2026,Donors,"Uniontown ADC",,20,,,,,,,,,,,,,,,,,,,,,,,,,,,,,,,,,,,,,,,,,,,,,,,,,,,,,,,,,,,,,
04/28/2026,"End of Day/Equipment Count","Uniontown ADC",,,,,,,,,,,,,22,48,0,5,1,9,,,,,,,,,,,,,,,,,,,,,,,,,,,,,,,,,,,,,,,,,,,,,
04/28/2026,Donors,"Hillsdale ADC",,11,,,,,,,,,,,,,,,,,,,,,,,,,,,,,,,,,,,,,,,,,,,,,,,,,,,,,,,,,,,,,
04/28/2026,"End of Day/Equipment Count","Hillsdale ADC",,,,,,,,,,,,,5,58,0,5,1,3,,,,,,,,,,,,,,,,,,,,,,,,,,,,,,,,,,,,,,,,,,,,,
04/28/2026,"End of Day/Equipment Count",Chardon,,,,,,,,,,,,,640,237,16,8,23,6,6,13,2,12,31,,,,,,,,,,,,,,,,,,,,,,,2,,,,,,,,,,8,,,4,,,'-1,"2 cardboard sent out"
04/28/2026,Donors,"Outlet Cleveland",,6,,,,,,,,,,,,,,,,,,,,,,,,,,,,,,,,,,,,,,,,,,,,,,,,,,,,,,,,,,,,,
04/28/2026,"End of Day/Equipment Count",Middleburg,,,,,,,,,,,,,298,260,32,18,20,32,61,31,4,,5,,,,,,,,,,,,,,,,,,,,,,,,,,,,,1,,1,,,,,,,,,
04/28/2026,"End of Day/Equipment Count","Outlet Cleveland",,,112,66,2,3,44,56,1,1,,,,,,,,,,102,,,102,,,,,,,,,,,,,,,,,,,,,,,,,,,,,,,,,,,,,,,,
04/28/2026,"End of Day/Equipment Count","North Olmsted",,,,,,,,,,,,,152,81,3,9,14,11,28,5,5,7,3,,,,,,,,,,,,,,,,,,,,,,,,,,,,,,,,,9,,,5,1,,2,
04/28/2026,"End of Day/Equipment Count","New Philly",,,,,,,,,,,,,155,345,6,14,7,13,64,16,3,3,26,,,,,,,,,,,,,,,,,,,,,,,,,,,,,,,,,8,,,2,,,1,"1 carboard"
04/25/2026,Donors,"Pepper Pike ADC",,62,,,,,,,,,,,,,,,,,,,,,,,,,,,,,,,,,,,,,,,,,,,,,,,,,,,,,,,,,,,,,
04/24/2026,Donors,"Pepper Pike ADC",,35,,,,,,,,,,,,,,,,,,,,,,,,,,,,,,,,,,,,,,,,,,,,,,,,,,,,,,,,,,,,,
04/23/2026,Donors,"Pepper Pike ADC",,32,,,,,,,,,,,,,,,,,,,,,,,,,,,,,,,,,,,,,,,,,,,,,,,,,,,,,,,,,,,,,
04/22/2026,Donors,"Pepper Pike ADC",,35,,,,,,,,,,,,,,,,,,,,,,,,,,,,,,,,,,,,,,,,,,,,,,,,,,,,,,,,,,,,,
04/21/2026,Donors,"Pepper Pike ADC",,47,,,,,,,,,,,,,,,,,,,,,,,,,,,,,,,,,,,,,,,,,,,,,,,,,,,,,,,,,,,,,
04/20/2026,Donors,"Pepper Pike ADC",,43,,,,,,,,,,,,,,,,,,,,,,,,,,,,,,,,,,,,,,,,,,,,,,,,,,,,,,,,,,,,,
04/19/2026,Donors,"Pepper Pike ADC",,40,,,,,,,,,,,,,,,,,,,,,,,,,,,,,,,,,,,,,,,,,,,,,,,,,,,,,,,,,,,,,
04/19/2026,Donors,"Lyndhurst ADC",,49,,,,,,,,,,,,,,,,,,,,,,,,,,,,,,,,,,,,,,,,,,,,,,,,,,,,,,,,,,,,,
04/20/2026,Donors,"Lincoln Way ADC",,30,,,,,,,,,,,,,,,,,,,,,,,,,,,,,,,,,,,,,,,,,,,,,,,,,,,,,,,,,,,,,
04/23/2026,Donors,"Chesterland ADC",,30,,,,,,,,,,,,,,,,,,,,,,,,,,,,,,,,,,,,,,,,,,,,,,,,,,,,,,,,,,,,,
04/25/2026,Donors,"Jackson ADC",,20,,,,,,,,,,,,,,,,,,,,,,,,,,,,,,,,,,,,,,,,,,,,,,,,,,,,,,,,,,,,,
04/24/2026,Donors,"Jackson ADC",,18,,,,,,,,,,,,,,,,,,,,,,,,,,,,,,,,,,,,,,,,,,,,,,,,,,,,,,,,,,,,,
04/22/2026,Donors,"Jackson ADC",,26,,,,,,,,,,,,,,,,,,,,,,,,,,,,,,,,,,,,,,,,,,,,,,,,,,,,,,,,,,,,,
04/19/2026,Donors,"Jackson ADC",,27,,,,,,,,,,,,,,,,,,,,,,,,,,,,,,,,,,,,,,,,,,,,,,,,,,,,,,,,,,,,,
04/28/2026,"Transfer and Receive","Jackson ADC",,,,,,,,,,,,,,,,,,,,,,,,'-1,,,,,,15,0,1,0,0,'-1,,,,,'-1,,,,,,,,,,,,,,,,,,,,,,,"1 box of books"
04/28/2026,"Transfer and Receive",Chardon,,,,,,,,,,,,,,,,,,,,,,,,,,,,,,,,,,,,,,,,,,,,,,,,,,,,,,,,,,,,,,,"We need propane, none on hand"
04/28/2026,"Transfer and Receive","Westlake ADC",,,,,,,,,,,,,,,,,,,,,,,,20,1,1,0,1,,30,1,0,8,0,,,,,,,,,,,,,,,,,,,,,,,,,,,,,
04/28/2026,"Transfer and Receive","Route 62",,,,,,,,,,,,,,,,,,,,,,,,,,,,,,,,,20,20,,,2,,,,,,,,,,,,,,,,,,,,,,,,,,
04/28/2026,"Transfer and Receive",Weirton,,,,,,,,,,,,,,,,,,,,,,,,,,,,,,,,,20,10,,,5,,,,,,,,,,,,,,,,,,,,,,,,,,
04/28/2026,"Transfer and Receive","Route 62",,,,,,,,,,,,,,,,,,,,,,,,,,,,,,,,,20,20,,,,,,,,,,,,,,,,,,,,,,,,,,,,,
04/28/2026,"Transfer and Receive","North Royalton ADC",,,,,,,,,,,,,,,,,,,,,,,,,,,,,,180,6,8,0,0,0,,,,,1,,,,,,,,,,,,,,,,,,,,,,,
04/28/2026,"Transfer and Receive",Strongsville,,,,,,,,,,,,,,,,,,,,,,,,,,,,,,,,,,10,3,,,,,,,,,,,,,,,,,,,,,,,,,,,,
04/28/2026,"Transfer and Receive","Tanglewood ADC",,,,,,,,,,,,,,,,,,,,,,,,,,,,,,60,4,8,,10,,,,,,,,,,,,,,,,,,,,,,,,,,,,,"Have lots to pick up driver left 8 blue bins 2 full Duros and one full gaylord Tuesday. Will have several pallets for Wednesday"
04/28/2026,"Transfer and Receive",Massillon,,,,,,,,,,,,,,,,,,,,,,,,,,,,,,,,,20,,,6,6,,,,,,,,,,,,,,,,,,,,,,,,,,
04/28/2026,"Transfer and Receive","Lincoln Way ADC",,,,,,,,,,,,,,,,,,,,,,,,,,,,,,0,0,0,,,,,,,,,,,,,,,,,,,,,,,,,,,,,,,
04/28/2026,"Transfer and Receive",Perry,,,,,,,,,,,,,,,,,,,,,,,,,,,,,,,,,,,,,2,,,,,,,,,,,,,,,,,,,,,,,,,,
04/28/2026,"Transfer and Receive",Chardon,,,,,,,,,,,,,,,,,,,,,,,,,,,,,,,,,20,20,,,,,,,,,,,,,,,,,,,,,,,,,,,,,
04/28/2026,"Transfer and Receive","New Philly",,,,,,,,,,,,,,,,,,,,,,,,,,,,,,,,,,,,4,10,,,,,,,,,,,,,,,,,,,,,,,,,,"please do not send raw electrical"
04/28/2026,"Transfer and Receive","Chesterland ADC",,,,,,,,,,,,,,,,,,,,,,,,,,,,,,,,,,,,,,,,,,,,,,,,,,,,,,,,,,,,,,,"Hi my apologies we only have 1 Gaylord left. We are out of duros. Urgent need. Thank you!"
04/28/2026,Donors,Wintersville,,28,,,,,,,,,,,,,,,,,,,,,,,,,,,,,,,,,,,,,,,,,,,,,,,,,,,,,,,,,,,,,"house of Carpenter- 4 Gaylords"
04/28/2026,"Transfer and Receive",University,,,,,,,,,,,,,,,,,,,,,,,,,,,,,,,,,25,25,,,,,,,,,,,,,,,,,,,,,,,,,,,,,
04/28/2026,"Transfer and Receive","Washington Square",,,,,,,,,,,,,,,,,,,,,,,,,,,,,,,,,,,,,,,,,,,,,,,,,,,,,,,,,,,,,,,
04/28/2026,"Transfer and Receive",Middleburg,,,,,,,,,,,,,,,,,,,,,,,,,,,,,,,,,25,30,8,,,,,,,,,,,,,,,,,,,,,,,,,,,,
04/28/2026,"Transfer and Receive",Westlake,,,,,,,,,,,,,,,,,,,,,,,,,,,,,,,,,,,,,,,,,,,,,,,,,,,,,,,,,,,,,,,"2 containers of books please"
04/28/2026,"Transfer and Receive","North Olmsted",,,,,,,,,,,,,,,,,,,,,,,,,,,,,,,,,25,25,,,,,,,,,,,,,,,,,,,,,,,,,,,,,
04/28/2026,"Transfer and Receive","Chesterland ADC",,,,,,,,,,,,,,,,,,,,,,,,,,,,,,100,7,0,20,0,0,,,,,,,,,,,,,,,,,,,,,,,,,,,,"Need glass cleaner. We are in need of totes duros and Gaylord’s. We are OUT of totes and duros. We only have 3 Gaylords left. Thank you"
04/27/2026,"End of Day/Equipment Count","Outlet Canton",,,136,100,8,16,,,,,,,,,,,,,,,,,,,,,,,,,,,,,,,,,,,,,,,,,,,,,,,,,,,,,,,,,
04/28/2026,"Transfer and Receive",Painesville,,,,,,,,,,,,,,,,,,,,,,,,,,,,,,,,,20,20,,,,,,,,,,,,,,,,,,,,,,,,,,,,,
04/28/2026,"Transfer and Receive","Snow Road",,,,,,,,,,,,,,,,,,,,,,,,,,,,,,,,,,,,4,,,,,,,,,,,,,,,,,,,,,,,,,,,
04/28/2026,"Transfer and Receive","North Canton",,,,,,,,,,,,,,,,,,,,,,,,,,,,,,,,,20,10,,,,,,,,,,,,,,,,,,,,,,,,,,,,,
04/27/2026,"End of Day/Equipment Count",Painesville,,,,,,,,,,,,,263,236,10,,13,10,,29,1,10,0,,,,,,,,,,,,,,,,,,,,,,,7,7,,,,,,,,,4,,,1,,2,2,"One cardboard one wired up"
04/27/2026,"End of Day/Equipment Count",University,,,,,,,,,,,,,192,142,10,,22,2,24,10,2,3,11,,,,,,,,,,,,,,,,,,,,,,,5,10,,,,,,,,,2,,,3,,,,
04/27/2026,"End of Day/Equipment Count",Middleburg,,,,,,,,,,,,,203,186,32,4,8,15,21,20,6,,1,,,,,,,,,,,,,,,,,,,,,,,,2,,,,,,,,,11,1,,10,1,1,0,
04/27/2026,"End of Day/Equipment Count","Route 62",,,,,,,,,,,,,377,105,10,8,26,1,21,19,7,4,21,,,,,,,,,,,,,,,,,,,,,,,,,,,,,,,1,,,,,5,1,,1,"1 ecom of accessories apparel and 2 outlet books"
04/27/2026,"End of Day/Equipment Count",Mayfield,,,,,,,,,,,,,,,,,,,,,,,,,,,,,,,,,,,,,,,,,,,,,,,3,,,,,,,,,5,1,,3,,,2,
04/27/2026,"End of Day/Equipment Count","New Philly",,,,,,,,,,,,,171,329,8,12,12,6,68,17,3,4,29,,,,,,,,,,,,,,,,,,,,,,,,,,,,,,,,1,6,,1,2,1,,2,
04/27/2026,"End of Day/Equipment Count",Strongsville,,,,,,,,,,,,,,,,,,,,,,,,,,,,,,,,,,,,,,,,,,,,,,2,2,,,,,,,,,,,,,,,,"3 blue bins with shelving and hardware pieces"
04/27/2026,"End of Day/Equipment Count",Perry,,,,,,,,,,,,,409,91,16,3,20,0,16,24,2,6,27,,,,,,,,,,,,,,,,,,,,,,,,,,,,,,,,,8,,,1,1,,,"sending 3 gaylords of trash"
04/27/2026,Donors,"Westlake ADC",,60,,,,,,,,,,,,,,,,,,,,,,,,,,,,,,,,,,,,,,,,,,,,,,,,,,,,,,,,,,,,,
04/27/2026,Donors,Carrollton,,42,,,,,,,,,,,,,,,,,,,,,,,,,,,,,,,,,,,,,,,,,,,,,,,,,,,,,,,,,,,,,
04/27/2026,"End of Day/Equipment Count",Carrollton,,,,,,,,,,,,,380,150,11,4,31,7,38,18,3,0,6,,,,,,,,,,,,,,,,,,,,,,,,,,,,,,,,,3,,,4,,,2,"1 gaylord of cardboard"
04/27/2026,"End of Day/Equipment Count",Weirton,,,,,,,,,,,,,150,350,,,,,,,,,,,,,,,,,,,,,,,,,,,,,,,,,,,,,,,,,,5,,,,,,2,"1 gaylord cardboard"
04/27/2026,"End of Day/Equipment Count","Snow Road",,,,,,,,,,,,,140,360,9,0,15,8,21,12,8,1,20,,,,,,,,,,,,,,,,,,,,,,,,,,,,,,,,,4,1,,2,,,2,
04/27/2026,"End of Day/Equipment Count",Alliance,,,,,,,,,,,,,399,101,20,0,17,4,25,5,16,9,8,,,,,,,,,,,,,,,,,,,,,,,,,,,,,,,,1,1,1,,3,,,,"sending out 1 Pallet of christmas trees ...1Gaylord of cardboard and 8 bkue bins for ADC..Thank you"
04/27/2026,"End of Day/Equipment Count","North Canton",,,,,,,,,,,,,383,127,19,1,14,14,14,20,8,5,21,,,,,,,,,,,,,,,,,,,,,,,,,,,,,,,,,,,,,,,,
04/27/2026,"End of Day/Equipment Count","Gordon Square",,,,,,,,,,,,,228,75,24,4,19,3,15,24,5,10,22,,,,,,,,,,,,,,,,,,,,,,,,,,,1,,,,,,9,,,3,,,,1cardboard
04/27/2026,"End of Day/Equipment Count",Foxboro,,,,,,,,,,,,,238,262,19,1,11,19,47,17,2,6,21,,,,,,,,,,,,,,,,,,,,,,,,,,,,,,,,,15,1,,14,1,,5,"Ecom - 2 collectibles, 1 apparel, 2 books"
04/27/2026,"End of Day/Equipment Count","Washington Square",,,,,,,,,,,,,,,,,,,6,8,,,9,,,,,,,,,,,,,,,,,,,,,,,,,,,,,,,,,,,,,,,,
04/27/2026,"End of Day/Equipment Count","North Olmsted",,,,,,,,,,,,,186,67,8,11,20,11,35,27,6,6,17,,,,,,,,,,,,,,,,,,,,,,,0,0,0,0,1,0,0,0,0,0,7,0,0,4,0,0,3,"1 salvage books and 1 salvage media"
04/27/2026,"End of Day/Equipment Count",Massillon,,,,,,,,,,,,,260,240,14,6,12,8,44,5,7,7,9,,,,,,,,,,,,,,,,,,,,,,,,,,,,,,,,,3,1,,2,,,2,"1 pallet of furniture going out"
04/27/2026,"End of Day/Equipment Count",Chardon,,,,,,,,,,,,,643,180,16,3,25,6,6,8,0,11,21,,,,,,,,,,,,,,,,,,,,,,,,,,,,,,,,,,,,,,,3,"6 Duro, 4 pallets empty tote, 2 stacks of blue bins, and 2 glass sent"
04/27/2026,Donors,"Lyndhurst ADC",,44,,,,,,,,,,,,,,,,,,,,,,,,,,,,,,,,,,,,,,,,,,,,,,,,,,,,,,,,,,,,,
04/27/2026,Donors,"North Royalton ADC",,106,,,,,,,,,,,,,,,,,,,,,,,,,,,,,,,,,,,,,,,,,,,,,,,,,,,,,,,,,,,,,
04/27/2026,Donors,"Chesterland ADC",,44,,,,,,,,,,,,,,,,,,,,,,,,,,,,,,,,,,,,,,,,,,,,,,,,,,,,,,,,,,,,,
04/27/2026,Donors,"Tanglewood ADC",,82,,,,,,,,,,,,,,,,,,,,,,,,,,,,,,,,,,,,,,,,,,,,,,,,,,,,,,,,,,,,,
04/27/2026,Donors,"Jackson ADC",,20,,,,,,,,,,,,,,,,,,,,,,,,,,,,,,,,,,,,,,,,,,,,,,,,,,,,,,,,,,,,,
04/27/2026,"End of Day/Equipment Count","North Royalton ADC",,,,,,,,,,,,,106,,4,,6,,3,,0,,,,,,,,,,,,,,,,,,,,,,,,,,,,,,,,,,,,,,,,,,"1 furniture pallet"
04/27/2026,Donors,"Hillsdale ADC",,11,,,,,,,,,,,,,,,,,,,,,,,,,,,,,,,,,,,,,,,,,,,,,,,,,,,,,,,,,,,,,
04/27/2026,"End of Day/Equipment Count","Hillsdale ADC",,,,,,,,,,,,,4,,1,,0,,,,,,,,,,,,,,,,,,,,,,,,,,,,,,,,,,,,,,,,,,,,,,
04/27/2026,"End of Day/Equipment Count","Jackson ADC",,,,,,,,,,,,,4,65,1,3,3,7,0,3,0,0,3,,,,,,,,,,,,,,,,,,,,,,,,,,,,,,,,,,,,,,,,
04/27/2026,"End of Day/Equipment Count","Uniontown ADC",,,,,,,,,,,,,15,52,1,4,2,8,,,,,,,,,,,,,,,,,,,,,,,,,,,,,,,,,,,,,,,,,,,,,
04/27/2026,Donors,"Lincoln Way ADC",,26,,,,,,,,,,,,,,,,,,,,,,,,,,,,,,,,,,,,,,,,,,,,,,,,,,,,,,,,,,,,,
04/27/2026,"End of Day/Equipment Count","Lincoln Way ADC",,,,,,,,,,,,,32,,1,,3,,,,,,,,,,,,,,,,,,,,,,,,,,,,,,,,,,,,,,,,,,,,,,
04/27/2026,"End of Day/Equipment Count",Transportation,,,,,,,,,,,,,145,288,15,4,14,8,50,20,3,5,20,,,,,,,,,,,,,,,,,,,,,,,,,,,,,,,,,4,2,,4,,,,
04/27/2026,Donors,"Outlet Cleveland",,8,,,,,,,,,,,,,,,,,,,,,,,,,,,,,,,,,,,,,,,,,,,,,,,,,,,,,,,,,,,,,
04/27/2026,"End of Day/Equipment Count","Outlet Cleveland",,,93,64,0,9,47,55,0,3,,,,,,,,,,105,,,105,,,,,,,,,,,,,,,,,,,,,,,,,,,,,,,,,,,,,,,,
04/27/2026,"End of Day/Equipment Count","Lyndhurst ADC",,,,,,,,,,,,,27,86,2,3,1,9,2,8,0,2,4,,,,,,,,,,,,,,,,,,,,,,,,,,,,,,,,,,,,,,,,"Thank you."
04/27/2026,"End of Day/Equipment Count",Willowick,,,,,,,,,,,,,1249,82,27,0,21,8,0,19,11,10,27,,,,,,,,,,,,,,,,,,,,,,,11,2,,,,,,,,,9,,,4,,'-3,,
04/27/2026,"End of Day/Equipment Count","Outlet Canton",,,136,100,8,16,,,,,,,,,,,,,,,,,,,,,,,,,,,,,,,,,,,,,,,,,,,,,,,,,,,,,,,,,
04/27/2026,Donors,"Washington Square ADC",,21,,,,,,,,,,,,,,,,,,,,,,,,,,,,,,,,,,,,,,,,,,,,,,,,,,,,,,,,,,,,,"Need adc green labels donation receipts"
04/27/2026,"End of Day/Equipment Count","Washington Square ADC",,,,,,,,,,,,,28,,1,,3,,0,,0,0,,,,,,,,,,,,,,,,,,,,,,,,,,,,,,,,,,,,,,,,,
04/27/2026,"Transfer and Receive","Tanglewood ADC",,,,,,,,,,,,,,,,,,,,,,,,,,,,,,60,6,6,,,,,,,,,,,,,,,,,,,,,,,,,,,,,,,
04/27/2026,"Transfer and Receive","Westlake ADC",,,,,,,,,,,,,,,,,,,,,,,,20,2,1,1,1,,30,2,1,0,0,,,,,,,,,,,,,,,,,,,,,,,,,,,,,
04/27/2026,"Transfer and Receive","Lincoln Way ADC",,,,,,,,,,,,,,,,,,,,,,,,,,,,,,15,0,1,,,,,,,,,,,,,,,,,,,,,,,,,,,,,,,
04/27/2026,"Transfer and Receive","Washington Square ADC",,,,,,,,,,,,,,,,,,,,,,,,,,,,,,30,1,2,0,0,0,,,,,,,,,,,,,,,,,,,,,,,,,,,,"Need adc green labels donation receipts"
04/27/2026,"Transfer and Receive","Hillsdale ADC",,,,,,,,,,,,,,,,,,,,,,,,,,,,,,15,0,1,,,,,,,,,,,,,,,,,,,,,,,,,,,,,,,
04/27/2026,"Transfer and Receive",Middleburg,,,,,,,,,,,,,,,,,,,,,,,,,,,,,,,,,25,20,,,,,,,,,,,,,,,,,,,,,,,,,,,,,
04/27/2026,"Transfer and Receive",Foxboro,,,,,,,,,,,,,,,,,,,,,,,,,,,,,,,,,20,20,,4,,,,,,,,,,,,,,,,,,,,,,,,,,,
04/27/2026,"Transfer and Receive","Lyndhurst ADC",,,,,,,,,,,,,,,,,,,,,,,,,,,,,,60,2,3,0,10,0,,,,,,,,,,,,,,,,,,,,,,,,,,,,"Lyndhurst ADC needs Green ADC Tags, Rubber Bands, a roll of Masking Tape, and a roll of Masking Tape. Thank you."
04/27/2026,"Transfer and Receive","North Royalton ADC",,,,,,,,,,,,,,,,,,,,,,,,,,,,,,120,6,8,0,10,0,,,,,1,,,,,,,,,,,,,,,,,,,,,,,
04/27/2026,"Transfer and Receive",Massillon,,,,,,,,,,,,,,,,,,,,,,,,,,,,,,,,,20,10,,2,,,,,,,,,,,,,,,,,,,,,,,,,,,
04/27/2026,"Transfer and Receive",Transportation,,,,,,,,,,,,,,,,,,,,,,,,,,,,,,,,,20,10,,4,,,,,,,,,,,,,,,,,,,,,,,,,,,
04/27/2026,"Transfer and Receive","Washington Square",,,,,,,,,,,,,,,,,,,,,,,,,,,,,,,,,,,,,,,,,,,,,,,,,,,,,,,,,,,,,,,
04/27/2026,"Transfer and Receive",Alliance,,,,,,,,,,,,,,,,,,,,,,,,,,,,,,,,,20,19,,,,,,,,,,,,,,,,,,,,,,,,,,,,,
04/27/2026,"Transfer and Receive","New Philly",,,,,,,,,,,,,,,,,,,,,,,,,,,,,,,,,,,,8,4,,,,,,,,,,,,,,,,,,,,,,,,,,
04/27/2026,"Transfer and Receive",Painesville,,,,,,,,,,,,,,,,,,,,,,,,,,,,,,,,,20,40,,,,,,,,,,,,,,,,,,,,,,,,,,,,,"Paines has an unequal amount of gay lords to pallets. that is the reason for ordering extra pallets, thank you"
04/27/2026,"Transfer and Receive",Chardon,,,,,,,,,,,,,,,,,,,,,,,,,,,,,,,,,20,18,,,,,,,,,,,,,,,,,,,,,,,,,,,,,
04/27/2026,"Transfer and Receive","Snow Road",,,,,,,,,,,,,,,,,,,,,,,,,,,,,,,,,,,,6,2,,,,,,,,,,,,,,,,,,,,,,,,,,
04/27/2026,"Transfer and Receive",Willowick,,,,,,,,,,,,,,,,,,,,,,,,,,,,,,,,,20,20,,,,,,,,,,,,,,,,,,,,,,,,,,,,,
04/27/2026,"Transfer and Receive",University,,,,,,,,,,,,,,,,,,,,,,,,,,,,,,,,,25,25,,,,,,,,,,,,,,,,,,,,,,,,,,,,,
04/26/2026,"End of Day/Equipment Count",Mayfield,,,,,,,,,,,,,,,,,,,,,,,,,,,,,,,,,,,,,,,,,,,,,,,2,,,,,,,,,4,,,4,,,,
04/26/2026,"End of Day/Equipment Count",University,,,,,,,,,,,,,195,135,10,0,21,3,36,37,5,3,28,,,,,,,,,,,,,,,,,,,,,,,5,10,,1,1,2,,,,,2,,,1,,,,"Outlet - Books = 1; Salvage - Cardboard = 1;"
04/26/2026,"End of Day/Equipment Count",Perry,,,,,,,,,,,,,348,152,19,0,16,7,29,16,2,3,17,,,,,,,,,,,,,,,,,,,,,,,,,,,,,1,,,,3,,,3,,,,"1 Cardboard and 2 Trash to Noberto"
04/26/2026,Donors,"Tanglewood ADC",,74,,,,,,,,,,,,,,,,,,,,,,,,,,,,,,,,,,,,,,,,,,,,,,,,,,,,,,,,,,,,,
04/26/2026,"End of Day/Equipment Count","Tanglewood ADC",,,,,,,,,,,,,48,79,7,2,8,6,2,8,0,0,1,,,,,,,,,,,,,,,,,,,,,,,,,,,,,,,,,,,,,,,,"We have a lot to p/up! Thank you!"
04/26/2026,"End of Day/Equipment Count","New Philly",,,,,,,,,,,,,115,385,11,9,14,6,69,23,4,4,34,,,,,,,,,,,,,,,,,,,,,,,,,,,,,,,,,6,,,7,,,,
04/26/2026,"End of Day/Equipment Count",Middleburg,,,,,,,,,,,,,277,135,28,13,12,10,19,23,3,4,3,,,,,,,,,,,,,,,,,,,,,,,,2,,,,,,,,,10,1,,8,,,3,
04/26/2026,"End of Day/Equipment Count",Alliance,,,,,,,,,,,,,380,120,20,0,27,1,11,14,12,6,17,,,,,,,,,,,,,,,,,,,,,,,,,,,,,,,,,2,,,1,1,,,
04/26/2026,"End of Day/Equipment Count",Painesville,,,,,,,,,,,,,,245,10,0,11,12,17,35,3,11,14,,,,,,,,,,,,,,,,,,,,,,,14,5,,1,1,2,,,,,4,,,4,,3,3,"1 CARD BOARD"
04/26/2026,"End of Day/Equipment Count",Weirton,,,,,,,,,,,,,145,396,,,10,,,15,,,15,,,,,,,,,,,,,,,,,,,,,,,,,,,,,,,,,2,,,2,,,,"20 totes, and 2 blue bins"
04/26/2026,"End of Day/Equipment Count",Massillon,,,,,,,,,,,,,293,207,19,1,10,10,32,12,9,6,7,,,,,,,,,,,,,,,,,,,,,,,,,,,,,,,,,6,1,,5,1,,2,"one gaylord of cardboard, one ecomm gaylord of books"
04/26/2026,Donors,"Lyndhurst ADC",,25,,,,,,,,,,,,,,,,,,,,,,,,,,,,,,,,,,,,,,,,,,,,,,,,,,,,,,,,,,,,,
04/26/2026,Donors,"North Royalton ADC",,78,,,,,,,,,,,,,,,,,,,,,,,,,,,,,,,,,,,,,,,,,,,,,,,,,,,,,,,,,,,,,
04/19/2026,"End of Day/Equipment Count","North Royalton ADC",,,,,,,,,,,,,96,,5,,10,,5,,1,,,,,,,,,,,,,,,,,,,,,,,,,,,,,,,,,,,,,,,,,,"One pallet of wrapped furniture"
04/26/2026,"End of Day/Equipment Count",Strongsville,,,,,,,,,,,,,,,,,,,,,,,,,,,,,,,,,,,,,,,,,,,,,,6,4,,,1,,,,,,2,2,,1,1,,2,
04/26/2026,Donors,"Lincoln Way ADC",,26,,,,,,,,,,,,,,,,,,,,,,,,,,,,,,,,,,,,,,,,,,,,,,,,,,,,,,,,,,,,,
04/26/2026,Donors,"Washington Square ADC",,20,,,,,,,,,,,,,,,,,,,,,,,,,,,,,,,,,,,,,,,,,,,,,,,,,,,,,,,,,,,,,
04/26/2026,"End of Day/Equipment Count",Transportation,,,,,,,,,,,,,120,255,16,6,11,9,33,30,3,7,26,,,,,,,,,,,,,,,,,,,,,,,,,,,,,,,,,4,1,,,,,,
04/26/2026,"End of Day/Equipment Count","Chesterland ADC",,,,,,,,,,,,,109,,5,,9,,3,,,,,,,,,,,,,,,,,,,,,,,,,,,,,,,,,,,,,,,,,,,,
04/26/2026,Donors,"Uniontown ADC",,19,,,,,,,,,,,,,,,,,,,,,,,,,,,,,,,,,,,,,,,,,,,,,,,,,,,,,,,,,,,,,"Need Rubber Bands"
04/26/2026,"End of Day/Equipment Count","Uniontown ADC",,,,,,,,,,,,,16,52,2,3,3,7,,,,,,,,,,,,,,,,,,,,,,,,,,,,,,,,,,,,,,,,,,,,,"Need Rubber Bands"
04/26/2026,Donors,"Chesterland ADC",,35,,,,,,,,,,,,,,,,,,,,,,,,,,,,,,,,,,,,,,,,,,,,,,,,,,,,,,,,,,,,,
04/26/2026,"Transfer and Receive","Chesterland ADC",,,,,,,,,,,,,,,,,,,,,,,,,,,,,,120,10,10,20,0,0,,,,,,,,,,,,,,,,,,,,,,,,,,,,
04/26/2026,Donors,"Westlake ADC",,51,,,,,,,,,,,,,,,,,,,,,,,,,,,,,,,,,,,,,,,,,,,,,,,,,,,,,,,,,,,,,
04/26/2026,Donors,Carrollton,,26,,,,,,,,,,,,,,,,,,,,,,,,,,,,,,,,,,,,,,,,,,,,,,,,,,,,,,,,,,,,,
04/26/2026,Donors,Wintersville,,13,,,,,,,,,,,,,,,,,,,,,,,,,,,,,,,,,,,,,,,,,,,,,,,,,,,,,,,,,,,,,
04/26/2026,"End of Day/Equipment Count",Carrollton,,,,,,,,,,,,,368,135,11,5,31,2,40,4,3,2,10,,,,,,,,,,,,,,,,,,,,,,,,,,,,,,,,,3,1,,6,,1,,
04/26/2026,"End of Day/Equipment Count",Chardon,,,,,,,,,,,,,648,480,17,4,20,8,6,20,2,20,35,,,,,,,,,,,,,,,,,,,,,,,11,,1,,,0,,,,,1,,,9,,,,
04/26/2026,"End of Day/Equipment Count","Washington Square ADC",,,,,,,,,,,,,2,4,,5,2,4,,,,,,,,,,,,,,,,,,,,,,,,,,,,,,,,,,,,,,,,,,,,,
04/26/2026,Donors,"Hillsdale ADC",,12,,,,,,,,,,,,,,,,,,,,,,,,,,,,,,,,,,,,,,,,,,,,,,,,,,,,,,,,,,,,,
04/26/2026,"End of Day/Equipment Count","Hillsdale ADC",,,,,,,,,,,,,7,57,1,4,1,4,,,,,,,,,,,,,,,,,,,,,,,,,,,,,,,,,,,,,,,,,,,,,
04/26/2026,"Transfer and Receive","Washington Square ADC",,,,,,,,,,,,,,,,,,,,,,,,2,2,,,,,1,0,5,,,,,,,,,,,,,,,,,,,,,,,,,,,,,,,
04/26/2026,"End of Day/Equipment Count","Washington Square",,,,,,,,,,,,,,,,,1,,5,8,,,9,,,,,,,,,,,,,,,,,,,,,,,,,,,,,,,,,,,,,,,,"Sending out 1 blue bin of kid books for corporate; sending out 1 outlet book gaylord; Please bring 2 gaylords of scanned books"
04/26/2026,"End of Day/Equipment Count",Wintersville,,,,,,,,,,,,,,,,,,,,,,,,,,,,,,,,,,,,,,,,,,,,,,,,,,,,,,,1,1,,,2,,,2,
04/26/2026,"End of Day/Equipment Count",Foxboro,,,,,,,,,,,,,276,224,20,0,10,20,26,31,4,6,33,,,,,,,,,,,,,,,,,,,,,,,,,,,,,,,,,,,,,,,,
04/26/2026,"End of Day/Equipment Count","Snow Road",,,,,,,,,,,,,101,,101,399,18,9,19,16,9,1,19,,,,,,,,,,,,,,,,,,,,,,,,,,,,,,,,,5,,,5,,,,
04/26/2026,Donors,"Outlet Cleveland",,4,,,,,,,,,,,,,,,,,,,,,,,,,,,,,,,,,,,,,,,,,,,,,,,,,,,,,,,,,,,,,
04/26/2026,"End of Day/Equipment Count","Outlet Cleveland",,,85,60,0,3,36,42,0,3,,,,,,,,,,81,,,81,,,,,,,,,,,,,,,,,,,,,,,,,,,,,,,,,,,,,,,,
04/26/2026,"End of Day/Equipment Count","North Canton",,,,,,,,,,,,,369,175,21,0,15,10,15,11,5,1,14,,,,,,,,,,,,,,,,,,,,,,,,,,,1,,,,,,11,'-1,,7,,,4,"Also sending 2 gaylords of carboard."
04/26/2026,"End of Day/Equipment Count",Willowick,,,,,,,,,,,,,1094,268,24,2,10,8,12,29,12,7,35,,,,,,,,,,,,,,,,,,,,,,,4,,,,1,,,,,,11,,1,2,,1,,
04/26/2026,"End of Day/Equipment Count","North Olmsted",,,,,,,,,,,,,191,83,8,12,25,5,33,44,4,9,13,,,,,,,,,,,,,,,,,,,,,,,0,0,0,0,1,0,0,0,0,0,5,0,2,3,0,0,0,"1 pallet of totes"
04/26/2026,"End of Day/Equipment Count","Route 62",,,,,,,,,,,,,386,83,5,12,28,0,15,25,7,6,22,,,,,,,,,,,,,,,,,,,,,,,,,,,,,,,,,5,,,2,1,,,
04/26/2026,"End of Day/Equipment Count","Lyndhurst ADC",,,,,,,,,,,,,78,86,4,1,3,7,1,8,0,2,5,,,,,,,,,,,,,,,,,,,,,,,,,,,,,,,,,,,,,,,,"Lyndhurst ADC needs Green ADC Tags, Rubber Bands, a roll of Masking Tape, and a roll of Plastic Wrap, please. Thank you."
04/26/2026,"End of Day/Equipment Count","Outlet Canton",,,136,100,8,16,,,,,,,,,,,,,,,,,,,,,,,,,,,,,,,,,,,,,,,,,,,,,,,,,,,,,,,,,
04/25/2026,"End of Day/Equipment Count","Outlet Canton",,,136,100,8,16,,,,,,,,,,,,,,,,,,,,,,,,,,,,,,,,,,,,,,,,,,,,,,,,,,,,,,,,,
04/24/2026,"End of Day/Equipment Count","Outlet Canton",,,136,100,8,16,,,,,,,,,,,,,,,,,,,,,,,,,,,,,,,,,,,,,,,,,,,,,,,,,,,,,,,,,
04/26/2026,"Transfer and Receive",Weirton,,,,,,,,,,,,,,,,,,,,,,,,20,,2,,,,,,,,,,,,,,,,,,,,,,,,,,,,,,,,,,,,,
04/26/2026,"Transfer and Receive",Perry,,,,,,,,,,,,,,,,,,,,,,,,,,,,,,,,,20,20,2,,,,,,,,,,,,,,,,,,,,,,,,,,,,
04/26/2026,"Transfer and Receive",Strongsville,,,,,,,,,,,,,,,,,,,,,,,,,,,,,,,,,20,20,3,,,,,,,,,,,,,,,,,,,,,,,,,,,,
04/26/2026,"Transfer and Receive","Westlake ADC",,,,,,,,,,,,,,,,,,,,,,,,20,2,2,0,1,,30,2,2,0,10,,,,,,,,,,,,,,,,,,,,,,,,,,,,,
04/26/2026,"Transfer and Receive","Lincoln Way ADC",,,,,,,,,,,,,,,,,,,,,,,,,,,,,,0,0,0,0,0,0,,,,,,,,,,,,,,,,,,,,,,,,,,,,
04/26/2026,"Transfer and Receive","Gordon Square",,,,,,,,,,,,,,,,,,,,,,,,,,,,,,,,,,,,6,4,,,,,,,,,,,,,,,,,,,,,,,,,,
04/26/2026,"Transfer and Receive","Tanglewood ADC",,,,,,,,,,,,,,,,,,,,,,,,,,,,,,60,5,6,0,12,0,,,,,,,,,,,,,,,,,,,,,,,,,,,,"Thank you!"
04/26/2026,"Transfer and Receive","New Philly",,,,,,,,,,,,,,,,,,,,,,,,,,,,,,,,,,,,6,4,,,,,,,,,,,,,,,,,,,,,,,,,,
04/26/2026,"Transfer and Receive",Carrollton,,,,,,,,,,,,,,,,,,,,,,,,,,,,,,,,,19,,,4,4,,,,,,,,,,,,,,,,,,,,,,,,,,
04/26/2026,"Transfer and Receive",Massillon,,,,,,,,,,,,,,,,,,,,,,,,,,,,,,,,,,10,,6,2,,,,,,,,,,,,,,,,,,,,,,,,,,
04/26/2026,"Transfer and Receive",Mayfield,,,,,,,,,,,,,,,,,,,,,,,,,,,,,,,,,30,30,,,,,,,,,,,,,,,,,,,,,,,,,,,,,
04/26/2026,"Transfer and Receive","North Royalton ADC",,,,,,,,,,,,,,,,,,,,,,,,,,,,,,180,6,10,0,0,0,,,,,2,,,,,,,,,,,,,,,,,,,,,,,"Need Rubberbands"
04/26/2026,"Transfer and Receive",Middleburg,,,,,,,,,,,,,,,,,,,,,,,,,,,,,,,,,25,20,,,,,,,,,,,,,,,,,,,,,,,,,,,,,
04/26/2026,"Transfer and Receive","Lyndhurst ADC",,,,,,,,,,,,,,,,,,,,,,,,,,,,,,60,2,3,0,10,0,,,,,,,,,,,,,,,,,,,,,,,,,,,,"Lyndhurst ADC needs Green ADC Tags and Rubber Bands. Thank you."
04/26/2026,"Transfer and Receive","Route 62",,,,,,,,,,,,,,,,,,,,,,,,,,,,,,,,,,,,2,4,,,,,,,,,,,,,,,,,,,,,,,,,,
04/26/2026,"Transfer and Receive","North Olmsted",,,,,,,,,,,,,,,,,,,,,,,,,,,,,,,,,,24,,4,,,,,,,,,,,,,,,,,,,,,,,,,,,
04/26/2026,"Transfer and Receive",Westlake,,,,,,,,,,,,,,,,,,,,,,,,,,,,,,,,,,,,,,,,,,,,,,,,,,,,,,,,,,,,,,,"2 containers of books please"
04/26/2026,"Transfer and Receive","Washington Square",,,,,,,,,,,,,,,,,,,,,,,,,,,,,,,,,,,,,,,,,,,,,,,,,,,,,,,,,,,,,,,"Requesting 2 gaylords of scanned books"
04/26/2026,"Transfer and Receive","Snow Road",,,,,,,,,,,,,,,,,,,,,,,,,,,,,,,,,,,,4,,,,,,,,,,,,,,,,,,,,,,,,,,,
04/26/2026,"Transfer and Receive","North Canton",,,,,,,,,,,,,,,,,,,,,,,,,,,,,,,,,20,20,5,,,,,,,,,,,,,,,,,,,,,,,,,,,,
04/25/2026,"End of Day/Equipment Count",Strongsville,,,,,,,,,,,,,,,,,,,,,,,,,,,,,,,,,,,,,,,,,,,,,,,,,,,,,,,,1,,,1,,,,"central processing-6"
04/25/2026,"End of Day/Equipment Count",Chardon,,,,,,,,,,,,,613,360,11,9,14,10,1,8,0,15,23,,,,,,,,,,,,,,,,,,,,,,,1,1,,,,,,,,,4,,,6,,,,"2 cardboard sent,6 empty doro,12 blue bins"
04/25/2026,"End of Day/Equipment Count","Gordon Square",,,,,,,,,,,,,244,60,18,4,12,1,15,44,5,11,29,,,,,,,,,,,,,,,,,,,,,,,,,,,,,,,,,5,,,4,,,,
04/25/2026,"End of Day/Equipment Count",Mayfield,,,,,,,,,,,,,,,,,,,,,,,,,,,,,,,,,,,,,,,,,,,,,,,4,,1,0,,,,,,2,1,,3,,,1,
04/25/2026,"End of Day/Equipment Count",University,,,,,,,,,,,,,270,120,10,0,20,0,34,15,5,3,0,,,,,,,,,,,,,,,,,,,,,,,1,3,,,,,,,,,2,,,2,,,2,"eCom North = 1, eCom South = 1"
04/25/2026,"End of Day/Equipment Count",Perry,,,,,,,,,,,,,275,225,16,4,14,11,24,27,4,3,27,,,,,,,,,,,,,,,,,,,,,,,,,,,,,,,,,2,,,3,,2,1,"1 Cardboard, 4 trash"
04/25/2026,"End of Day/Equipment Count","Route 62",,,,,,,,,,,,,439,75,5,13,24,3,17,9,8,4,19,,,,,,,,,,,,,,,,,,,,,,,,,,,,,,,,,2,2,,2,'-1,,2,"1 ecom of jewlery/clothing mix, 1 ecom book, 1 outlet book"
04/25/2026,"End of Day/Equipment Count",Foxboro,,,,,,,,,,,,,291,209,20,0,7,23,45,28,3,7,28,,,,,,,,,,,,,,,,,,,,,,,,,,,,,,,,,6,,,7,,,1,"1 cardboard, 1 outlet books, ecom- app, acces/shoes, jewelry"
04/25/2026,"End of Day/Equipment Count","New Philly",,,,,,,,,,,,,144,356,9,11,11,9,67,9,3,4,19,,,,,,,,,,,,,,,,,,,,,,,,,,,1,,,,,,6,1,,6,,,,"shipping 1 salvage cardboard"
04/25/2026,Donors,Carrollton,,25,,,,,,,,,,,,,,,,,,,,,,,,,,,,,,,,,,,,,,,,,,,,,,,,,,,,,,,,,,,,,
04/25/2026,"End of Day/Equipment Count",Massillon,,,,,,,,,,,,,347,153,20,0,19,1,27,5,6,8,19,,,,,,,,,,,,,,,,,,,,,,,,,,8,,2,1,,,,2,,,4,,,,
04/25/2026,"End of Day/Equipment Count",Carrollton,,,,,,,,,,,,,336,120,14,0,24,8,48,9,3,2,6,,,,,,,,,,,,,,,,,,,,,,,,,,,,,,,,,2,2,,1,1,1,2,"1 gaylord of ebooks and 4 blue bins"
04/25/2026,Donors,Wintersville,,10,,,,,,,,,,,,,,,,,,,,,,,,,,,,,,,,,,,,,,,,,,,,,,,,,,,,,,,,,,,,,
04/25/2026,"End of Day/Equipment Count",Weirton,,,,,,,,,,,,,150,394,,,9,,,26,,,13,,,,,,,,,,,,,,,,,,,,,,,,,,,,,,,,,2,,1,2,,,,"1 E-books Gaylord"
04/25/2026,Donors,"Westlake ADC",,77,,,,,,,,,,,,,,,,,,,,,,,,,,,,,,,,,,,,,,,,,,,,,,,,,,,,,,,,,,,,,
04/25/2026,"End of Day/Equipment Count","Washington Square",,,,,,,,,,,,,,,,,1,,5,8,,,9,,,,,,,,,,,,,,,,,,,,,,,,,,,,,,,,,,,,,,,,"Sending out kids books blue bin for Campus"
04/25/2026,"End of Day/Equipment Count","Snow Road",,,,,,,,,,,,,98,402,8,1,13,7,14,21,7,2,24,,,,,,,,,,,,,,,,,,,,,,,4,3,,,,,,,,,,,,,,,1,
04/25/2026,"End of Day/Equipment Count",Painesville,,,,,,,,,,,,,233,267,10,0,9,14,15,31,0,10,18,,,,,,,,,,,,,,,,,,,,,,,8,2,2,,,,,,,,3,,,,,'-1,,"1 card board"
04/25/2026,"Transfer and Receive","Westlake ADC",,,,,,,,,,,,,,,,,,,,,,,,60,5,6,,3,,100,5,6,,8,,,,,,,,,,,,,,,,,,,,,,,,,,,,,"Just need some more rubber bands, thanks!"
04/25/2026,"End of Day/Equipment Count","North Canton",,,,,,,,,,,,,336,174,20,0,12,12,30,18,1,5,22,,,,,,,,,,,,,,,,,,,,,,,,,,,,,,,,,,,,,,,,
04/25/2026,"End of Day/Equipment Count",Alliance,,,,,,,,,,,,,378,122,19,1,25,2,24,16,16,6,21,,,,,,,,,,,,,,,,,,,,,,,,,,,,,,,,,2,1,,3,,,3,"sending out 1 duro for adc..1Gaylord of outlet media...1 Gaylord of raw e books"
04/25/2026,"End of Day/Equipment Count",Transportation,,,,,,,,,,,,,189,270,12,9,9,15,35,23,6,5,29,,,,,,,,,,,,,,,,,,,,,,,,,,,1,,,,,,7,,,2,,,3,
04/25/2026,"End of Day/Equipment Count","North Olmsted",,,,,,,,,,,,,131,129,5,12,24,5,31,33,6,8,28,,,,,,,,,,,,,,,,,,,,,,,0,0,0,0,1,0,0,0,0,0,12,0,1,6,0,0,3,"1 pallet of totes and 1 salvage books"
04/25/2026,"End of Day/Equipment Count",Wintersville,,,,,,,,,,,,,,,,,,,,,,,,,,,,,,,,,,,,,,,,,,,,,,,,,,,,,,,,1,,,2,,,1,
04/25/2026,"End of Day/Equipment Count",Middleburg,,,,,,,,,,,,,242,169,32,8,20,5,42,18,2,4,1,,,,,,,,,,,,,,,,,,,,,,,,,,,,,1,1,1,,,,,,,,,
04/25/2026,Donors,"Chesterland ADC",,23,,,,,,,,,,,,,,,,,,,,,,,,,,,,,,,,,,,,,,,,,,,,,,,,,,,,,,,,,,,,,
04/25/2026,Donors,"Lyndhurst ADC",,43,,,,,,,,,,,,,,,,,,,,,,,,,,,,,,,,,,,,,,,,,,,,,,,,,,,,,,,,,,,,,
04/25/2026,Donors,"Lincoln Way ADC",,27,,,,,,,,,,,,,,,,,,,,,,,,,,,,,,,,,,,,,,,,,,,,,,,,,,,,,,,,,,,,,
04/25/2026,Donors,"North Royalton ADC",,110,,,,,,,,,,,,,,,,,,,,,,,,,,,,,,,,,,,,,,,,,,,,,,,,,,,,,,,,,,,,,
04/25/2026,"End of Day/Equipment Count","North Royalton ADC",,,,,,,,,,,,,68,,5,,6,,2,,0,,,,,,,,,,,,,,,,,,,,,,,,,,,,,,,,,,,,,,,,,,
04/25/2026,"End of Day/Equipment Count",Willowick,,,,,,,,,,,,,1246,254,24,2,4,4,12,17,13,8,26,,,,,,,,,,,,,,,,,,,,,,,6,,,,1,,,,,,6,,1,2,,1,,
04/25/2026,Donors,"Uniontown ADC",,28,,,,,,,,,,,,,,,,,,,,,,,,,,,,,,,,,,,,,,,,,,,,,,,,,,,,,,,,,,,,,
04/25/2026,"End of Day/Equipment Count","Uniontown ADC",,,,,,,,,,,,,17,52,1,4,4,6,,,,,,,,,,,,,,,,,,,,,,,,,,,,,,,,,,,,,,,,,,,,,
04/25/2026,Donors,"Tanglewood ADC",,84,,,,,,,,,,,,,,,,,,,,,,,,,,,,,,,,,,,,,,,,,,,,,,,,,,,,,,,,,,,,,
04/25/2026,Donors,"Hillsdale ADC",,22,,,,,,,,,,,,,,,,,,,,,,,,,,,,,,,,,,,,,,,,,,,,,,,,,,,,,,,,,,,,,
04/25/2026,"End of Day/Equipment Count","Hillsdale ADC",,,,,,,,,,,,,28,37,2,3,4,1,,,,,,,,,,,,,,,,,,,,,,,,,,,,,,,,,,,,,,,,,,,,,
04/25/2026,Donors,"Outlet Cleveland",,3,,,,,,,,,,,,,,,,,,,,,,,,,,,,,,,,,,,,,,,,,,,,,,,,,,,,,,,,,,,,,
04/25/2026,"End of Day/Equipment Count","Outlet Cleveland",,,97,66,0,9,45,55,0,4,,,,,,,,,,104,,,104,,,,,,,,,,,,,,,,,,,,,,,,,,,,,,,,,,,,,,,,
04/25/2026,"End of Day/Equipment Count","Lyndhurst ADC",,,,,,,,,,,,,54,109,3,2,2,8,1,8,0,2,7,,,,,,,,,,,,,,,,,,,,,,,,,,,,,,,,,,,,,,,,"Lyndhurst ADC needs Green ADC Tags and Rubber Bands. Thank you."
04/25/2026,Donors,"Washington Square ADC",,17,,,,,,,,,,,,,,,,,,,,,,,,,,,,,,,,,,,,,,,,,,,,,,,,,,,,,,,,,,,,,"Need donation receipts"
04/25/2026,"End of Day/Equipment Count","Washington Square ADC",,,,,,,,,,,,,12,,1,,3,,0,,0,0,,,,,,,,,,,,,,,,,,,,,,,,,,,,,,,,,,,,,,,,,
04/25/2026,"Transfer and Receive",Willowick,,,,,,,,,,,,,,,,,,,,,,,,,,,,,,,,,20,20,,,,,,,,,,,,,,,,,,,,,,,,,,,,,
04/25/2026,"Transfer and Receive",Foxboro,,,,,,,,,,,,,,,,,,,,,,,,,,,,,,,,,20,10,,,,,,,,,,,,,,,,,,,,,,,,,,,,,
04/25/2026,"Transfer and Receive",Weirton,,,,,,,,,,,,,,,,,,,,,,,,,,,,,,,,,,10,,,1,,,,,,,,,,,,,,,,,,,,,,,,,,
04/25/2026,"Transfer and Receive",Strongsville,,,,,,,,,,,,,,,,,,,,,,,,,,,,,,,,,,10,,,,,,,,,,,,,,,,,,,,,,,,,,,,,
04/25/2026,"Transfer and Receive","Washington Square ADC",,,,,,,,,,,,,,,,,,,,,,,,,,,,,,15,1,3,0,0,0,,,,,,,,,,,,,,,,,,,,,,,,,,,,"Need adc donation receipts"
04/25/2026,"Transfer and Receive","North Olmsted",,,,,,,,,,,,,,,,,,,,,,,,,,6,,,5,,,,25,,,,,,,,,,,,,,,,,,,,,,,,,,,,,,
04/25/2026,"Transfer and Receive","Tanglewood ADC",,,,,,,,,,,,,,,,,,,,,,,,,,,,,,60,6,4,,10,,,,,,,,,,,,,,,,,,,,,,,,,,,,,
04/25/2026,"Transfer and Receive",Carrollton,,,,,,,,,,,,,,,,,,,,,,,,,,,,,,,,,,10,,,,,,,,,,,,,,,,,,,,,,,,,,,,,
04/25/2026,"Transfer and Receive","Lincoln Way ADC",,,,,,,,,,,,,,,,,,,,,,,,,,,,,,,1,1,,,,,,,,,,,,,,,,,,,,,,,,,,,,,,,
04/25/2026,"Transfer and Receive","North Royalton ADC",,,,,,,,,,,,,,,,,,,,,,,,,,,,,,120,6,8,0,0,0,,,,,1,,,,,,,,,,,,,,,,,,,,,,,
04/25/2026,"Transfer and Receive","Lyndhurst ADC",,,,,,,,,,,,,,,,,,,,,,,,,,,,,,60,2,2,0,0,0,,,,,,,,,,,,,,,,,,,,,,,,,,,,"Thank you."
04/25/2026,"Transfer and Receive",Massillon,,,,,,,,,,,,,,,,,,,,,,,,,,,,,,,,,,,,,6,,,,,,,,,,,,,,,,,,,,,,,,,,
04/25/2026,"Transfer and Receive",Middleburg,,,,,,,,,,,,,,,,,,,,,,,,,,,,,,,,,25,20,,,,,,,,,,,,,,,,,,,,,,,,,,,,,
04/25/2026,"Transfer and Receive",Willowick,,,,,,,,,,,,,,,,,,,,,,,,,,,,,,,,,20,20,,,,,,,,,,,,,,,,,,,,,,,,,,,,,
04/25/2026,"Transfer and Receive","New Philly",,,,,,,,,,,,,,,,,,,,,,,,,,,,,,,,,20,20,,4,4,,,,,,,,,,,,,,,,,,,,,,,,,,
04/25/2026,"Transfer and Receive","Washington Square",,,,,,,,,,,,,,,,,,,,,,,,,,,,,,,,,,,,,,,,,,,,,,,,,,,,,,,,,,,,,,,"Please bring 2 gaylords of books"
04/25/2026,"Transfer and Receive",Perry,,,,,,,,,,,,,,,,,,,,,,,,,,,,,,,,,,,,2,2,,,,,,,,,,,,,,,,,,,,,,,,,,
04/25/2026,"Transfer and Receive",Chardon,,,,,,,,,,,,,,,,,,,,,,,,,,,,,,,,,20,30,,,3,,,,,,1,,,,,,,,,,,,,,,,,,,,"We need propane please"
04/25/2026,"Transfer and Receive","Route 62",,,,,,,,,,,,,,,,,,,,,,,,,,,,,,,,,20,10,,,3,,,,,,,,,,,,,,,,,,,,,,,,,,
04/25/2026,"Transfer and Receive","Snow Road",,,,,,,,,,,,,,,,,,,,,,,,,,,,,,,,,,,,8,4,,,,,,,,,,,,,,,,,,,,,,,,,,"If available Strongsville or North Olmsted Raw Thank you"
04/25/2026,"Transfer and Receive",University,,,,,,,,,,,,,,,,,,,,,,,,,,,,,,,,,50,50,,,,,,,,,,,,,,,,,,,,,,,,,,,,,
04/24/2026,"End of Day/Equipment Count",University,,,,,,,,,,,,,300,75,10,0,3,17,24,35,4,6,20,,,,,,,,,,,,,,,,,,,,,,,1,4,,,1,,,,,,4,,,3,,2,2,"Salvage Cardboard = 1, eCom North = 1, eCom South = 1"
04/24/2026,"End of Day/Equipment Count","Route 62",,,,,,,,,,,,,404,81,6,12,17,,22,15,7,4,24,,,,,,,,,,,,,,,,,,,,,,,'-3,,,,,,,,,,6,,,2,,,2,"2 ecom, one each of collectable"
04/24/2026,"End of Day/Equipment Count",Weirton,,,,,,,,,,,,,170,358,,,9,,,15,,,6,,,,,,,,,,,,,,,,,,,,,,,,,,,,,,,,,4,0,,3,,,,
04/24/2026,"End of Day/Equipment Count",Massillon,,,,,,,,,,,,,395,105,12,8,15,5,40,8,5,7,21,,,,,,,,,,,,,,,,,,,,,,,,,,,,,,,,,3,,,5,,,,"1 glass container going out"
04/24/2026,"End of Day/Equipment Count",Middleburg,,,,,,,,,,,,,241,261,33,5,9,8,15,19,6,4,14,,,,,,,,,,,,,,,,,,,,,,,,2,,,,,,,,,8,,,7,1,,3,
04/24/2026,"End of Day/Equipment Count","New Philly",,,,,,,,,,,,,150,350,15,5,11,9,72,16,4,4,25,,,,,,,,,,,,,,,,,,,,,,,,,,,,,,,,,3,1,,8,1,,,"shipping 1 scrap metal gaylord"
04/24/2026,"End of Day/Equipment Count",Mayfield,,,,,,,,,,,,,,,,,,,,,,,,,,,,,,,,,,,,,,,,,,,,,,,5,,,,,,,,,2,1,,5,1,,,
04/24/2026,"End of Day/Equipment Count","Snow Road",,,,,,,,,,,,,61,439,8,1,7,13,12,24,9,1,33,,,,,,,,,,,,,,,,,,,,,,,,'-2,,,0,,1,,,,4,,,,,,,
04/24/2026,Donors,"Westlake ADC",,40,,,,,,,,,,,,,,,,,,,,,,,,,,,,,,,,,,,,,,,,,,,,,,,,,,,,,,,,,,,,,
04/24/2026,Donors,Carrollton,,29,,,,,,,,,,,,,,,,,,,,,,,,,,,,,,,,,,,,,,,,,,,,,,,,,,,,,,,,,,,,,
04/24/2026,"End of Day/Equipment Count",Carrollton,,,,,,,,,,,,,324,165,9,6,17,13,43,13,3,1,8,,,,,,,,,,,,,,,,,,,,,,,,,,,,,,,,,5,1,,6,1,,,"1 pallet of totes , food bank box, 6 blue bins"
04/24/2026,"End of Day/Equipment Count",Alliance,,,,,,,,,,,,,402,98,17,4,20,7,26,3,17,8,4,,,,,,,,,,,,,,,,,,,,,,,,,,,,,,,,,6,,,5,,,,"sending out 3 bins for adc..Tahnk you"
04/24/2026,"End of Day/Equipment Count","Washington Square",,,,,,,,,,,,,,,,,,,6,7,,,8,,,,,,,,,,,,,,,,,,,,,,,,,,,,,,,,,,,,,,,,"sending out 1 full outlet gaylord of books"
04/24/2026,Donors,Wintersville,,28,,,,,,,,,,,,,,,,,,,,,,,,,,,,,,,,,,,,,,,,,,,,,,,,,,,,,,,,,,,,,
04/24/2026,"End of Day/Equipment Count","Gordon Square",,,,,,,,,,,,,84,75,22,1,8,6,46,50,5,11,34,,,,,,,,,,,,,,,,,,,,,,,,,,,,,,,,,10,3,,6,2,,3,
04/24/2026,"End of Day/Equipment Count","North Canton",,,,,,,,,,,,,319,191,19,1,13,15,14,26,10,0,30,,,,,,,,,,,,,,,,,,,,,,,,,,,,,,,,,,,,,,,,
04/24/2026,"End of Day/Equipment Count",Strongsville,,,,,,,,,,,,,,,,,,,,,,,,,,,,,,,,,,,,,,,,,,,,,,8,,,,,,,,,,4,1,,1,,,2,"All Raw Wares going to Central Processing"
04/24/2026,"Transfer and Receive","Westlake ADC",,,,,,,,,,,,,,,,,,,,,,,,20,1,1,,1,,30,1,1,,1,,,,,,,,,,,,,,,,,,,,,,,,,,,,,
04/24/2026,"End of Day/Equipment Count",Foxboro,,,,,,,,,,,,,283,217,17,3,16,14,29,23,4,5,30,,,,,,,,,,,,,,,,,,,,,,,,,,,,,1,,,,11,1,,9,1,,3,"ecom collectibles, ecom apparel, ecom books, 1 cardboard, food pantry"
04/24/2026,"End of Day/Equipment Count",Wintersville,,,,,,,,,,,,,,,,,,,,,,,,,,,,,,,,,,,,,,,,,,,,,,,,,,,,,,,,1,,,2,,,,"cardboard also going out"
04/24/2026,Donors,"Lyndhurst ADC",,34,,,,,,,,,,,,,,,,,,,,,,,,,,,,,,,,,,,,,,,,,,,,,,,,,,,,,,,,,,,,,
04/24/2026,Donors,"Tanglewood ADC",,56,,,,,,,,,,,,,,,,,,,,,,,,,,,,,,,,,,,,,,,,,,,,,,,,,,,,,,,,,,,,,
04/24/2026,Donors,"North Royalton ADC",,96,,,,,,,,,,,,,,,,,,,,,,,,,,,,,,,,,,,,,,,,,,,,,,,,,,,,,,,,,,,,,
04/24/2026,Donors,"Lincoln Way ADC",,29,,,,,,,,,,,,,,,,,,,,,,,,,,,,,,,,,,,,,,,,,,,,,,,,,,,,,,,,,,,,,
04/24/2026,"End of Day/Equipment Count",Chardon,,,,,,,,,,,,,640,360,0,15,28,8,5,4,0,7,15,,,,,,,,,,,,,,,,,,,,,,,1,,,,1,,,,,,3,,1,4,,,,
04/24/2026,"End of Day/Equipment Count","North Olmsted",,,,,,,,,,,,,,,9,21,2,19,26,39,2,9,34,,,,,,,,,,,,,,,,,,,,,,,,,,,,,,,,,10,2,,10,,,1,"2 salvage books"
04/24/2026,"End of Day/Equipment Count","Lyndhurst ADC",,,,,,,,,,,,,47,156,2,3,4,6,0,8,0,2,11,,,,,,,,,,,,,,,,,,,,,,,,,,,,,,,,,,,,,,,,"Thank you."
04/24/2026,"End of Day/Equipment Count",Perry,,,,,,,,,,,,,165,335,15,4,12,10,20,13,4,4,10,,,,,,,,,,,,,,,,,,,,,,,,,,,,,,,,,4,1,,1,,,1,
04/24/2026,"End of Day/Equipment Count","North Royalton ADC",,,,,,,,,,,,,60,,4,,6,,0,,0,,,,,,,,,,,,,,,,,,,,,,,,,,,,,,,,,,,,,,,,,,
04/24/2026,"End of Day/Equipment Count",Transportation,,,,,,,,,,,,,160,300,12,10,4,16,50,21,9,8,12,,,,,,,,,,,,,,,,,,,,,,,,,,,,,,,,,4,4,,,,,,
04/24/2026,Donors,"Chesterland ADC",,33,,,,,,,,,,,,,,,,,,,,,,,,,,,,,,,,,,,,,,,,,,,,,,,,,,,,,,,,,,,,,
04/24/2026,"End of Day/Equipment Count",Painesville,,,,,,,,,,,,,336,165,10,0,12,11,7,37,0,10,17,,,,,,,,,,,,,,,,,,,,,,,4,5,1,,,1,,,,,3,,,1,,,,"1 cardboard"
04/24/2026,Donors,"Uniontown ADC",,24,,,,,,,,,,,,,,,,,,,,,,,,,,,,,,,,,,,,,,,,,,,,,,,,,,,,,,,,,,,,,
04/24/2026,"End of Day/Equipment Count","Uniontown ADC",,,,,,,,,,,,,18,45,1,4,3,7,,,,,,,,,,,,,,,,,,,,,,,,,,,,,,,,,,,,,,,,,,,,,
04/24/2026,Donors,"Hillsdale ADC",,36,,,,,,,,,,,,,,,,,,,,,,,,,,,,,,,,,,,,,,,,,,,,,,,,,,,,,,,,,,,,,
04/24/2026,"End of Day/Equipment Count","Hillsdale ADC",,,,,,,,,,,,,18,49,1,4,1,4,,,,,,,,,,,,,,,,,,,,,,,,,,,,,,,,,,,,,,,,,,,,,
04/24/2026,"End of Day/Equipment Count",Willowick,,,,,,,,,,,,,1209,217,14,3,4,4,10,7,14,2,19,,,,,,,,,,,,,,,,,,,,,,,12,2,,,0,,,,,,11,,,8,,2,,
04/24/2026,Donors,"Outlet Cleveland",,3,,,,,,,,,,,,,,,,,,,,,,,,,,,,,,,,,,,,,,,,,,,,,,,,,,,,,,,,,,,,,
04/24/2026,"End of Day/Equipment Count","Outlet Cleveland",,,104,77,0,7,44,40,0,3,,,,,,,,,,87,,,87,,,,,,,,,,,,,,,,,,,,,,,,,,,,,,,,,,,,,,,,
04/24/2026,Donors,"Washington Square ADC",,15,,,,,,,,,,,,,,,,,,,,,,,,,,,,,,,,,,,,,,,,,,,,,,,,,,,,,,,,,,,,,
04/24/2026,"End of Day/Equipment Count","Washington Square ADC",,,,,,,,,,,,,8,,1,,3,,1,,0,0,,,,,,,,,,,,,,,,,,,,,,,,,,,,,,,,,,,,,,,,,"Need adc donation receipts"
04/24/2026,"Transfer and Receive","Gordon Square",,,,,,,,,,,,,,,,,,,,,,,,,,,,,,,,,,,,6,6,,,,,,,,,,,,,,,,,,,,,,,,,,"Have a great Day!"
04/24/2026,"Transfer and Receive",Foxboro,,,,,,,,,,,,,,,,,,,,,,,,,,,,,,,,,20,20,,,,,,,,,,,,,,,,,,,,,,,,,,,,,
04/24/2026,"Transfer and Receive","Washington Square ADC",,,,,,,,,,,,,,,,,,,,,,,,,,,,,,30,1,3,0,0,0,,,,,,,,,,,,,,,,,,,,,,,,,,,,
04/24/2026,"Transfer and Receive",Massillon,,,,,,,,,,,,,,,,,,,,,,,,,,,,,,,,,20,,,4,,,,,,,2,,,,,,,,,,,,,,,,,,,,
04/24/2026,"Transfer and Receive",Weirton,,,,,,,,,,,,,,,,,,,,,,,,,,,,,,,,,20,10,3,,,,,,,,,,,,,,,,,,,,,,,,,,,,
04/24/2026,"Transfer and Receive","Lyndhurst ADC",,,,,,,,,,,,,,,,,,,,,,,,,,,,,,0,2,2,0,0,0,,,,,,,,,,,,,,,,,,,,,,,,,,,,"Thank you."
04/24/2026,"Transfer and Receive",Strongsville,,,,,,,,,,,,,,,,,,,,,,,,,,,,,,,,,20,15,,,,,,,,,,,,,,,,,,,,,,,,,,,,,
04/24/2026,"Transfer and Receive","North Royalton ADC",,,,,,,,,,,,,,,,,,,,,,,,,,,,,,120,6,8,0,10,0,,,,,1,,,,,,,,,,,,,,,,,,,,,,,"Rubber bands"
04/24/2026,"Transfer and Receive",Perry,,,,,,,,,,,,,,,,,,,,,,,,,,,,,,,,,20,20,,,2,,,,,,,,,,,,,,,,,,,,,,,,,,
04/24/2026,"Transfer and Receive","New Philly",,,,,,,,,,,,,,,,,,,,,,,,,,,,,,,,,,,,4,4,,,,,,,,,,,,,,,,,,,,,,,,,,"please do not send raw electrical"
04/24/2026,"Transfer and Receive",Chardon,,,,,,,,,,,,,,,,,,,,,,,,,,,,,,,,,40,30,,,3,,,,,,,,,,,,,,,,,,,,,,,,,,
04/24/2026,"Transfer and Receive",Middleburg,,,,,,,,,,,,,,,,,,,,,,,,,,,,,,,,,25,10,,,,,,,,,,,,,,,,,,,,,,,,,,,,,
04/24/2026,"Transfer and Receive","Tanglewood ADC",,,,,,,,,,,,,,,,,,,,,,,,,,,,,,60,4,0,0,0,0,,,,,,,,,,,,,,,,,,,,,,,,,,,,"Thank you!"
04/24/2026,"Transfer and Receive","Washington Square",,,,,,,,,,,,,,,,,,,,,,,,,,,,,,,,,,,,,,,,,,,,,,,,,,,,,,,,,,,,,,,
04/24/2026,"Transfer and Receive",University,,,,,,,,,,,,,,,,,,,,,,,,,,,,,,,,,25,25,,,,,,,,,,,,,,,,,,,,,,,,,,,,,
04/24/2026,"Transfer and Receive",Transportation,,,,,,,,,,,,,,,,,,,,,,,,,,,,,,,,,20,20,,,,,,,,,,,,,,,,,,,,,,,,,,,,,
04/24/2026,"Transfer and Receive",Painesville,,,,,,,,,,,,,,,,,,,,,,,,,,,,,,,,,20,30,,,,,,,,,,,,,,,,,,,,,,,,,,,,,
04/24/2026,"Transfer and Receive",Mayfield,,,,,,,,,,,,,,,,,,,,,,,,,,,,,,,,,30,33,,,,,,,,,,,,,,,,,,,,,,,,,,,,,
04/24/2026,"Transfer and Receive","Snow Road",,,,,,,,,,,,,,,,,,,,,,,,,,,,,,,,,,,,4,1,,,,,,,,,,,,,,,,,,,,,,,,,,"if possible raw wares from Strongsville or north Olmstead , please and thank you"
04/24/2026,"Transfer and Receive",Willowick,,,,,,,,,,,,,,,,,,,,,,,,120,,,,,,,,,20,20,8,,,,,,,,,,,,,,,,,,,,,,,,,,,,
04/24/2026,"Transfer and Receive",Wintersville,,,,,,,,,,,,,,,,,,,,,,,,,,,,,,,,,20,20,,,,,,,,,,,,,,,,,,,,,,,,,,,,,
04/24/2026,"Transfer and Receive",Alliance,,,,,,,,,,,,,,,,,,,,,,,,60,,11,,,,,,,20,19,,,,,,,,,,,,,,,,,,,,,,,,,,,,,
04/23/2026,"End of Day/Equipment Count",University,,,,,,,,,,,,,295,45,10,0,9,15,23,26,3,3,16,,,,,,,,,,,,,,,,,,,,,,,6,,,1,,1,,,,,2,,,5,,1,,"Outlet - Books = 1; Salvage - Cardboard = 1;"
04/23/2026,"End of Day/Equipment Count","Gordon Square",,,,,,,,,,,,,220,66,27,0,12,2,15,44,3,8,25,,,,,,,,,,,,,,,,,,,,,,,,,,,,,,,,,10,,,2,,,,
04/23/2026,"End of Day/Equipment Count",Strongsville,,,,,,,,,,,,,,,,,,,,,,,,,,,,,,,,,,,,,,,,,,,,,,4,,,,,,,,,,3,,,4,2,,,"central processing -3 books-1 media-1"
04/23/2026,"End of Day/Equipment Count","New Philly",,,,,,,,,,,,,78,422,8,12,14,6,91,16,3,4,23,,,,,,,,,,,,,,,,,,,,,,,,,,,,,,,,,3,,,1,,,2,"Sending 2 containers back, and 1 cardboard salvage."
04/23/2026,"End of Day/Equipment Count",Willowick,,,,,,,,,,,,,866,294,14,7,2,20,12,23,3,7,28,,,,,,,,,,,,,,,,,,,,,,,,,,,,,,,,,7,4,1,7,5,1,1,
04/23/2026,"End of Day/Equipment Count","Route 62",,,,,,,,,,,,,432,80,6,13,28,1,25,25,7,4,31,,,,,,,,,,,,,,,,,,,,,,,,,,,,,,,,,4,,,,,,,"1 adc book"
04/23/2026,Donors,"Washington Square ADC",,18,,,,,,,,,,,,,,,,,,,,,,,,,,,,,,,,,,,,,,,,,,,,,,,,,,,,,,,,,,,,,
04/23/2026,"End of Day/Equipment Count","Washington Square ADC",,,,,,,,,,,,,3,3.5,1.5,4,5.5,3,,,,,,,,,,,,,,,,,,,,,,,,,,,,,,,,,,,,,,,,,,,,,
04/23/2026,"Transfer and Receive","Washington Square ADC",,,,,,,,,,,,,,,,,,,,,,,,3,,,,,,2,1,4,,,,,,,,1,,,,,,,,,,,,,,,,,,,,,,,
04/23/2026,"End of Day/Equipment Count",Perry,,,,,,,,,,,,,275,225,17,2,13,16,29,21,4,4,19,,,,,,,,,,,,,,,,,,,,,,,,,,,,,,,,,2,,,3,,2,2,
04/23/2026,Donors,Wintersville,,17,,,,,,,,,,,,,,,,,,,,,,,,,,,,,,,,,,,,,,,,,,,,,,,,,,,,,,,,,,,,,
04/23/2026,"End of Day/Equipment Count",Massillon,,,,,,,,,,,,,349,151,15,4,11,9,38,10,4,10,8,,,,,,,,,,,,,,,,,,,,,,,,,,,,,,,,,5,,,,,,1,"1 Gaylord of Books going out"
04/23/2026,"End of Day/Equipment Count",Chardon,,,,,,,,,,,,,617,300,3,27,21,23,14,13,1,14,21,,,,,,,,,,,,,,,,,,,,,,,6,,5,1,3,,2,,,,19,1,,2,,,,"2 trucks today"
04/23/2026,Donors,"Westlake ADC",,46,,,,,,,,,,,,,,,,,,,,,,,,,,,,,,,,,,,,,,,,,,,,,,,,,,,,,,,,,,,,,
04/23/2026,"End of Day/Equipment Count","North Canton",,,,,,,,,,,,,280,230,16,4,14,7,15,13,6,1,17,,,,,,,,,,,,,,,,,,,,,,,,1,,,,,,,,,8,2,,8,4,,1,
04/23/2026,"Transfer and Receive","Westlake ADC",,,,,,,,,,,,,,,,,,,,,,,,60,3,7,1,4,,90,3,7,1,3,,,,,,,,,,,,,,,,,,,,,,,,,,,,,
04/23/2026,"End of Day/Equipment Count",Painesville,,,,,,,,,,,,,279,221,10,0,11,12,9,34,0,10,14,,,,,,,,,,,,,,,,,,,,,,,11,6,2,,,,,,,,5,1,,2,0,,4,1
04/23/2026,"End of Day/Equipment Count",Alliance,,,,,,,,,,,,,426,74,14,6,17,9,28,11,18,7,11,,,,,,,,,,,,,,,,,,,,,,,,,,,,,,,,,4,1,,1,1,1,,"Sending out 60 totes and 8 blue bins for ADC..Thank you"
04/23/2026,"End of Day/Equipment Count","Snow Road",,,,,,,,,,,,,460,40,9,0,11,13,16,21,8,1,,,,,,,,,,,,,,,,,,,,,,,,,,,,,,,,,,4,,,3,1,,,"1 cardboard"
04/23/2026,"End of Day/Equipment Count","North Olmsted",,,,,,,,,,,,,121,213,6,15,16,15,37,37,1,10,36,,,,,,,,,,,,,,,,,,,,,,,0,0,0,0,0,0,0,0,0,0,0,0,1,5,8,0,0,"1 salvage books"
04/23/2026,"End of Day/Equipment Count","Washington Square",,,,,,,,,,,,,,,,,,,8,6,,,7,,,,,,,,,,,,,,,,,,,,,,,,,,,,,,,,,,,,,,,,
04/23/2026,"End of Day/Equipment Count",Foxboro,,,,,,,,,,,,,248,252,16,4,6,19,35,32,4,7,40,,,,,,,,,,,,,,,,,,,,,,,,,,,,,,,,,,,,,,,,
04/23/2026,Donors,Carrollton,,24,,,,,,,,,,,,,,,,,,,,,,,,,,,,,,,,,,,,,,,,,,,,,,,,,,,,,,,,,,,,,
04/23/2026,"End of Day/Equipment Count",Wintersville,,,,,,,,,,,,,,,,,,,,,,,,,,,,,,,,,,,,,,,,,,,,,,,,,,,,,,,,5,,,1,,,1,
04/23/2026,"End of Day/Equipment Count",Carrollton,,,,,,,,,,,,,366,108,8,5,29,1,27,19,4,2,15,,,,,,,,,,,,,,,,,,,,,,,,,,,,,1,,,1,5,,,2,,,1,"60 totes"
04/23/2026,Donors,"Tanglewood ADC",,52,,,,,,,,,,,,,,,,,,,,,,,,,,,,,,,,,,,,,,,,,,,,,,,,,,,,,,,,,,,,,
04/23/2026,Donors,"Lyndhurst ADC",,13,,,,,,,,,,,,,,,,,,,,,,,,,,,,,,,,,,,,,,,,,,,,,,,,,,,,,,,,,,,,,"Due to a no show, doors opened around 3pm."
04/23/2026,"End of Day/Equipment Count","Tanglewood ADC",,,,,,,,,,,,,40,75,3,3,4,11,1,8,0,1,12,,,,,,,,,,,,,,,,,,,,,,,,,,,,,,,,,,,,,,,,"Thank you!"
04/23/2026,Donors,"Lincoln Way ADC",,21,,,,,,,,,,,,,,,,,,,,,,,,,,,,,,,,,,,,,,,,,,,,,,,,,,,,,,,,,,,,,"In need of rag tags"
04/23/2026,Donors,"North Royalton ADC",,62,,,,,,,,,,,,,,,,,,,,,,,,,,,,,,,,,,,,,,,,,,,,,,,,,,,,,,,,,,,,,
04/23/2026,"End of Day/Equipment Count",Transportation,,,,,,,,,,,,,156,300,15,7,9,16,64,24,9,6,16,,,,,,,,,,,,,,,,,,,,,,,,,,,,,,,,,4,4,,,,,,
04/23/2026,Donors,"Uniontown ADC",,20,,,,,,,,,,,,,,,,,,,,,,,,,,,,,,,,,,,,,,,,,,,,,,,,,,,,,,,,,,,,,
04/23/2026,"End of Day/Equipment Count","Uniontown ADC",,,,,,,,,,,,,14,61,1,4,2,8,,,,,,,,,,,,,,,,,,,,,,,,,,,,,,,,,,,,,,,,,,,,,
04/23/2026,"End of Day/Equipment Count","North Royalton ADC",,,,,,,,,,,,,100,,5,,5,,3,,1,,,,,,,,,,,,,,,,,,,,,,,,,,,,,,,,,,,,,,,,,,
04/23/2026,Donors,"Hillsdale ADC",,35,,,,,,,,,,,,,,,,,,,,,,,,,,,,,,,,,,,,,,,,,,,,,,,,,,,,,,,,,,,,,
04/23/2026,"End of Day/Equipment Count","Hillsdale ADC",,,,,,,,,,,,,28,,2,,2,,,,,,,,,,,,,,,,,,,,,,,,,,,,,,,,,,,,,,,,,,,,,,
04/23/2026,Donors,"Jackson ADC",,22,,,,,,,,,,,,,,,,,,,,,,,,,,,,,,,,,,,,,,,,,,,,,,,,,,,,,,,,,,,,,
04/23/2026,"End of Day/Equipment Count","Jackson ADC",,,,,,,,,,,,,20,,'-1,,1,,,,,,,,,,,,,,,,,,,,,,,,,,,,,,,,,,,,,,,,,,,,,,
04/23/2026,"End of Day/Equipment Count",Middleburg,,,,,,,,,,,,,194,216,27,,10,7,40,7,5,10,0,,,,,,,,,,,,,,,,,,,,,,,,,1,,,,1,,11,,,,,,,,1,
04/23/2026,"End of Day/Equipment Count","Lyndhurst ADC",,,,,,,,,,,,,21,149,1,4,1,8,2,9,0,2,12,,,,,,,,,,,,,,,,,,,,,,,,,,,,,,,,,,,,,,,,"Thank you."
04/23/2026,Donors,"Outlet Cleveland",,3,,,,,,,,,,,,,,,,,,,,,,,,,,,,,,,,,,,,,,,,,,,,,,,,,,,,,,,,,,,,,
04/23/2026,"End of Day/Equipment Count","Outlet Cleveland",,,112,62,0,9,48,30,0,11,,,,,,,,,,89,,,89,,,,,,,,,,,,,,,,,,,,,,,,,,,,,,,,,,,,,,,,
04/23/2026,"End of Day/Equipment Count",Foxboro,,,,,,,,,,,,,248,252,16,4,6,19,35,32,4,7,38,,,,,,,,,,,,,,,,,,,,,,,,,,,,,,,,,5,1,,5,,,1,"no cardboard or ecom noted on truck manifest"
04/23/2026,"Transfer and Receive","Route 62",,,,,,,,,,,,,,,,,,,,,,,,,,,,,,,,,,,,,3,,,,,,,,,,,,,,,,,,,,,,,,,,
04/23/2026,"Transfer and Receive",Strongsville,,,,,,,,,,,,,,,,,,,,,,,,,,,,,,,,,20,25,,,,,,,,,,,,,,,,,,,,,,,,,,,,,
04/23/2026,"Transfer and Receive",Middleburg,,,,,,,,,,,,,,,,,,,,,,,,,,,,,,,,,25,30,,,,,,,,,,,,,,,,,,,,,,,,,,,,,
04/23/2026,"Transfer and Receive",Massillon,,,,,,,,,,,,,,,,,,,,,,,,,,,,,,,,,,20,,2,,,,,,,,,,,,,,,,,,,,,,,,,,,
04/23/2026,"Transfer and Receive","Lincoln Way ADC",,,,,,,,,,,,,,,,,,,,,,,,16,1,7,,,,,,,,,,,,,,,,,,,,,,,,,,,,,,,,,,,,,
04/23/2026,"Transfer and Receive","Jackson ADC",,,,,,,,,,,,,,,,,,,,,,,,,,,,,,15,1,3,,,,,,,,,,,,,,,,,,,,,,,,,,,,,,,
04/23/2026,"Transfer and Receive","North Royalton ADC",,,,,,,,,,,,,,,,,,,,,,,,,,,,,,120,6,12,0,0,0,,,,,,,,,,,,,,,,,,,,,,,,,,,,
04/23/2026,"Transfer and Receive","Hillsdale ADC",,,,,,,,,,,,,,,,,,,,,,,,,,,,,,15,1,1,,,,,,,,,,,,,,,,,,,,,,,,,,,,,,,
04/23/2026,"Transfer and Receive","Gordon Square",,,,,,,,,,,,,,,,,,,,,,,,,,,,,,,,,,,,4,6,,,,,,,,,,,,,,,,,,,,,,,,,,
04/23/2026,"Transfer and Receive","Tanglewood ADC",,,,,,,,,,,,,,,,,,,,,,,,,,,,,,60,5,6,0,0,0,,,,,,,,,,,,,,,,,,,,,,,,,,,,"Tanglewood needs, receipts and plastic wrap please- Thank you!"
04/23/2026,"Transfer and Receive",Carrollton,,,,,,,,,,,,,,,,,,,,,,,,,,,,,,,,,,,,12,12,,,,,,,,,,,,,,,,,,,,,,,,,,
04/23/2026,"Transfer and Receive",Wintersville,,,,,,,,,,,,,,,,,,,,,,,,,,,,,,,,,20,20,,,,,,,,,,,,,,,,,,,,,,,,,,,,,
04/23/2026,"Transfer and Receive","North Olmsted",,,,,,,,,,,,,,,,,,,,,,,,,,,,,,,,,25,25,,,6,,,,,,,,,,,,,,,,,,,,,,,,,,
04/23/2026,"Transfer and Receive","Chesterland ADC",,,,,,,,,,,,,,,,,,,,,,,,,,,,,,,,,,,,,,,,,,,,,,,,,,,,,,,,,,,,,,,"Sorry I forgot to say in the last order from. We need more totes.. we have a day left or so and will be needing more. Thank you."
04/23/2026,"Transfer and Receive","Chesterland ADC",,,,,,,,,,,,,,,,,,,,,,,,,,,,,,100,5,0,20,0,0,,,,,,,,,,,,,,,,,,,,,,,,,,,,"We need glass cleaner. We are out of Gaylord’s completely hence why there is no book Gaylord. Thank you"
04/23/2026,"Transfer and Receive","Washington Square",,,,,,,,,,,,,,,,,,,,,,,,,,,,,,,,,,,,,,,,,,,,,,,,,,,,,,,,,,,,,,,
04/23/2026,"Transfer and Receive","North Canton",,,,,,,,,,,,,,,,,,,,,,,,,,,,,,,,,20,20,,,,,,,,,,,,,,,,,,,,,,,,,,,,,
04/23/2026,"Transfer and Receive","New Philly",,,,,,,,,,,,,,,,,,,,,,,,,,,,,,,,,,,,6,9,,,,,,,,,,,,,,,,,,,,,,,,,,
04/23/2026,"Transfer and Receive","Snow Road",,,,,,,,,,,,,,,,,,,,,,,,,,,,,,,,,,,,2,2,,,,,,,,,,,,,,,,,,,,,,,,,,"Preferably from Strongsville or North Olmstead, if possible."
04/23/2026,"Transfer and Receive",University,,,,,,,,,,,,,,,,,,,,,,,,,,,,,,,,,25,25,,,,,,,,,,,,,,,,,,,,,,,,,,,,,
04/23/2026,"Transfer and Receive",Painesville,,,,,,,,,,,,,,,,,,,,,,,,,,,,,,,,,20,20,,,,,,,,,,,,,,,,,,,,,,,,,,,,,
04/22/2026,Donors,Wintersville,,28,,,,,,,,,,,,,,,,,,,,,,,,,,,,,,,,,,,,,,,,,,,,,,,,,,,,,,,,,,,,,"House of Carpenter-4 Gaylords"
04/22/2026,"End of Day/Equipment Count",University,,,,,,,,,,,,,360,30,9,1,15,5,22,22,4,3,14,,,,,,,,,,,,,,,,,,,,,,,3,5,,,2,,,,,,6,1,,1,1,,3,"Salvage Cardboard = 1, Salvage Single Shoes = 1, eCom North = 3; Bob loaded the majority of our truck."
04/22/2026,"End of Day/Equipment Count",Alliance,,,,,,,,,,,,,450,100,20,0,14,16,18,17,11,7,11,,,,,,,,,,,,,,,,,,,,,,,,,,,,,,,,,4,,,1,,,1,cardboard
04/22/2026,"End of Day/Equipment Count",Middleburg,,,,,,,,,,,,,227,393,30,10,14,8,7,,8,4,5,,,,,,,,,,,,,,,,,,,,,,,,3,,,,,,,,,11,1,,10,,1,0,
04/22/2026,"End of Day/Equipment Count",Mayfield,,,,,,,,,,,,,,,,,,,,,,,,,,,,,,,,,,,,,,,,,,,,,,,1,,,,,,,,,2,,,3,,,2,
04/22/2026,"End of Day/Equipment Count",Transportation,,,,,,,,,,,,,140,278,12,7,16,9,56,24,6,6,26,,,,,,,,,,,,,,,,,,,,,,,,,,,,,,,,,5,,,2,,,,
04/22/2026,Donors,"Westlake ADC",,48,,,,,,,,,,,,,,,,,,,,,,,,,,,,,,,,,,,,,,,,,,,,,,,,,,,,,,,,,,,,,
04/22/2026,"Transfer and Receive","Westlake ADC",,,,,,,,,,,,,,,,,,,,,,,,20,1,1,,1,,30,1,1,2,1,,,,,,,,,,,,,,,,,,,,,,,,,,,,,
04/22/2026,"End of Day/Equipment Count",Massillon,,,,,,,,,,,,,391,109,20,0,9,11,32,1,3,9,16,,,,,,,,,,,,,,,,,,,,,,,,,,,,,,,,,2,,,,1,,,
04/22/2026,"End of Day/Equipment Count",Perry,,,,,,,,,,,,,247,253,14,5,18,2,12,10,1,5,9,,,,,,,,,,,,,,,,,,,,,,,,,,,,,,,,,5,,,1,1,,3,"sending 2 gaylords of cardboard and 3 gaylords of trash"
04/22/2026,Donors,Carrollton,,25,,,,,,,,,,,,,,,,,,,,,,,,,,,,,,,,,,,,,,,,,,,,,,,,,,,,,,,,,,,,,
04/22/2026,"End of Day/Equipment Count","Route 62",,,,,,,,,,,,,440,60,11,11,29,1,21,28,11,5,34,,,,,,,,,,,,,,,,,,,,,,,,,,,,,,,,,4,,,2,,,,
04/22/2026,"End of Day/Equipment Count",Carrollton,,,,,,,,,,,,,408,135,13,1,29,,33,24,5,,19,,,,,,,,,,,,,,,,,,,,,,,,,,,,,,,,,3,,,4,,,,"2 blue bins, 1 gaylord of cardboard"
04/22/2026,Donors,Wintersville,,14,,,,,,,,,,,,,,,,,,,,,,,,,,,,,,,,,,,,,,,,,,,,,,,,,,,,,,,,,,,,,
04/22/2026,"End of Day/Equipment Count","Washington Square",,,,,,,,,,,,,,,,,,,9,7,,,8,,,,,,,,,,,,,,,,,,,,,,,,,,,,,,,,,,,,,,,,"Returning Salvage!! sending out 1 outlet books gaylord"
04/22/2026,"End of Day/Equipment Count",Wintersville,,,,,,,,,,,,,,,,,,,,,,,,,,,,,,,,,,,,,,,,,,,,,,,,,,,,,,,,4,,1,1,,,,
04/22/2026,"End of Day/Equipment Count",Willowick,,,,,,,,,,,,,1476,195,27,0,19,3,22,14,9,2,10,,,,,,,,,,,,,,,,,,,,,,,2,,,,,1,,,,,14,,,8,,,4,
04/22/2026,"End of Day/Equipment Count",Foxboro,,,,,,,,,,,,,300,200,19,1,15,19,33,23,4,3,36,,,,,,,,,,,,,,,,,,,,,,,1,,,,,,1,,,,15,1,,12,,,4,"3 cardboard, 1 ecom apparel, 3 ecom collectibles"
04/22/2026,"End of Day/Equipment Count","Snow Road",,,,,,,,,,,,,66,434,7,2,8,14,18,21,6,2,27,,,,,,,,,,,,,,,,,,,,,,,,,,,,,,,,,6,,,3,,,,
04/22/2026,"End of Day/Equipment Count",Painesville,,,,,,,,,,,,,365,135,10,0,15,8,14,29,1,5,15,,,,,,,,,,,,,,,,,,,,,,,2,7,,,,1,,,,,4,,,1,,,,
04/22/2026,"Transfer and Receive",Weirton,,,,,,,,,,,,,,,,,,,,,,,,,,,,,,,,,20,8,,,,,,,,,,,,,,,,,,,,,,,,,,,,,
04/22/2026,"End of Day/Equipment Count","North Canton",,,,,,,,,,,,,350,160,19,1,12,12,32,27,8,4,29,,,,,,,,,,,,,,,,,,,,,,,,,,,,,,,,,,,,,,,,
04/22/2026,"End of Day/Equipment Count",Weirton,,,,,,,,,,,,,238,147,,,,,,,,,,,,,,,,,,,,,,,,,,,,,,,,,,,,,,,,,,4,,,2,,,0,
04/22/2026,"End of Day/Equipment Count",Chardon,,,,,,,,,,,,,186,240,20,8,6,29,,26,4,13,,,,,,,,,,,,,,,,,,,,,,,,1,2,1,,1,,,,,,8,1,,4,,,,
04/22/2026,Donors,"Tanglewood ADC",,61,,,,,,,,,,,,,,,,,,,,,,,,,,,,,,,,,,,,,,,,,,,,,,,,,,,,,,,,,,,,,
04/22/2026,Donors,"Lyndhurst ADC",,33,,,,,,,,,,,,,,,,,,,,,,,,,,,,,,,,,,,,,,,,,,,,,,,,,,,,,,,,,,,,,
04/22/2026,Donors,"North Royalton ADC",,94,,,,,,,,,,,,,,,,,,,,,,,,,,,,,,,,,,,,,,,,,,,,,,,,,,,,,,,,,,,,,
04/22/2026,Donors,"Lincoln Way ADC",,31,,,,,,,,,,,,,,,,,,,,,,,,,,,,,,,,,,,,,,,,,,,,,,,,,,,,,,,,,,,,,
04/22/2026,Donors,"Chesterland ADC",,36,,,,,,,,,,,,,,,,,,,,,,,,,,,,,,,,,,,,,,,,,,,,,,,,,,,,,,,,,,,,,
04/22/2026,Donors,"Uniontown ADC",,29,,,,,,,,,,,,,,,,,,,,,,,,,,,,,,,,,,,,,,,,,,,,,,,,,,,,,,,,,,,,,
04/22/2026,"End of Day/Equipment Count","Uniontown ADC",,,,,,,,,,,,,20,45,2,3,3,7,,,,,,,,,,,,,,,,,,,,,,,,,,,,,,,,,,,,,,,,,,,,,
04/22/2026,"End of Day/Equipment Count","Tanglewood ADC",,,,,,,,,,,,,63,63,5,2,8,8,1,9,1,1,5,,,,,,,,,,,,,,,,,,,,,,,,,,,,,,,,,,,,,,,,
04/22/2026,Donors,"Hillsdale ADC",,26,,,,,,,,,,,,,,,,,,,,,,,,,,,,,,,,,,,,,,,,,,,,,,,,,,,,,,,,,,,,,
04/22/2026,"End of Day/Equipment Count","North Royalton ADC",,,,,,,,,,,,,115,,4,,7,,3,,0,,,,,,,,,,,,,,,,,,,,,,,,,,,,,,,,,,,,,,,,,,
04/22/2026,"End of Day/Equipment Count","Hillsdale ADC",,,,,,,,,,,,,4,,0,,0,,,,,,,,,,,,,,,,,,,,,,,,,,,,,,,,,,,,,,,,,,,,,,
04/22/2026,"End of Day/Equipment Count",Strongsville,,,,,,,,,,,,,,,,,,,,,,,,,,,,,,,,,,,,,,,,,,,,,,11,,,,,6,,,,,7,,1,1,,1,3,"2 Oulet Books, 1 Cardboard, All Raw Wares go to Central Processing"
04/22/2026,"End of Day/Equipment Count","New Philly",,,,,,,,,,,,,111,389,12,8,11,9,63,20,3,5,27,,,,,,,,,,,,,,,,,,,,,,,,,,,,,2,,1,,10,,,2,,,1,
04/22/2026,"End of Day/Equipment Count","North Olmsted",,,,,,,,,,,,,131,177,5,15,15,7,30,29,3,12,,,,,,,,,,,,,,,,,,,,,,,,,,,,,,,,,,3,,,,,,1,
04/22/2026,"End of Day/Equipment Count","Lyndhurst ADC",,,,,,,,,,,,,38,105,1,4,1,8,2,5,1,0,3,,,,,,,,,,,,,,,,,,,,,,,,,,,,,,,,,,,,,,,,"Lyndhurst ADC needs Pallets. Thank you."
04/22/2026,Donors,"Washington Square ADC",,14,,,,,,,,,,,,,,,,,,,,,,,,,,,,,,,,,,,,,,,,,,,,,,,,,,,,,,,,,,,,,
04/22/2026,"End of Day/Equipment Count","Washington Square ADC",,,,,,,,,,,,,20,,0,,3,,0,,0,0,,,,,,,,,,,,,,,,,,,,,,,,,,,,,,,,,,,,,,,,,
04/22/2026,"End of Day/Equipment Count","Outlet Cleveland",,,102,62,0,6,50,45,0,4,,,,,,,,,,99,,,99,,,,,,,,,,,,,,,,,,,,,,,,,,,,,,,,,,,,,,,,
04/22/2026,Donors,"Outlet Cleveland",,2,,,,,,,,,,,,,,,,,,,,,,,,,,,,,,,,,,,,,,,,,,,,,,,,,,,,,,,,,,,,,
04/22/2026,"Transfer and Receive","Route 62",,,,,,,,,,,,,,,,,,,,,,,,,,,,,,,,,,,,,4,,,,,,,,,,,,,,,,,,,,,,,,,,
04/22/2026,"Transfer and Receive","Gordon Square",,,,,,,,,,,,,,,,,,,,,,,,,,,,,,,,,,,,10,9,,,,,,,,,,,,,,,,,,,,,,,,,,
04/22/2026,"Transfer and Receive",Foxboro,,,,,,,,,,,,,,,,,,,,,,,,,,,,,,,,,20,10,4,4,,,,,,,,,,,,,,,,,,,,,,,,,,,
04/22/2026,"Transfer and Receive","Washington Square ADC",,,,,,,,,,,,,,,,,,,,,,,,,,,,,,15,0,2,0,0,0,,,,,,,,,,,,,,,,,,,,,,,,,,,,
04/22/2026,"Transfer and Receive","Lincoln Way ADC",,,,,,,,,,,,,,,,,,,,,,,,32,1,3,0,,0,30,1,3,,,,,,,,,,,,,,,,,,,,,,,,,,,,,,,
04/22/2026,"Transfer and Receive","Hillsdale ADC",,,,,,,,,,,,,,,,,,,,,,,,,,,,,,15,1,1,,,,,,,,,,,,,,,,,,,,,,,,,,,,,,,
04/22/2026,"Transfer and Receive",Perry,,,,,,,,,,,,,,,,,,,,,,,,,,,,,,,,,20,20,,,2,,,,,,,,,,,,,,,,,,,,,,,,,,
04/22/2026,"Transfer and Receive","Lyndhurst ADC",,,,,,,,,,,,,,,,,,,,,,,,,,,,,,60,2,2,0,10,2,,,,,,,,,,,,,,,,,,,,,,,,,,,,"Lyndhurst ADC needs Donation Receipts. Thank you.."
04/22/2026,"Transfer and Receive",Willowick,,,,,,,,,,,,,,,,,,,,,,,,,,,,,,,,,,,5,,,,,,,,,,,,,,,,,,,,,,,,,,,,
04/22/2026,"Transfer and Receive","North Royalton ADC",,,,,,,,,,,,,,,,,,,,,,,,,,,,,,60,6,10,0,0,0,,,,,,,,,,,,,,,,,,,,,,,,,,,,
04/22/2026,"Transfer and Receive","New Philly",,,,,,,,,,,,,,,,,,,,,,,,,,,,,,,,,,,,,8,,,,,,,,,,,,,,,,,,,,,,,,,,
04/22/2026,"Transfer and Receive",Willowick,,,,,,,,,,,,,,,,,,,,,,,,,,,,,,,,,20,20,,,,,,,,,,,,,,,,,,,,,,,,,,,,,
04/22/2026,"Transfer and Receive",Middleburg,,,,,,,,,,,,,,,,,,,,,,,,,,,,,,,,,25,20,,,,,,,,,,,,,,,,,,,,,,,,,,,,,
04/22/2026,"Transfer and Receive","Tanglewood ADC",,,,,,,,,,,,,,,,,,,,,,,,,,,,,,60,4,8,0,12,0,,,,,,,,,,,,,,,,,,,,,,,,,,,,"Thank you!"
04/22/2026,"Transfer and Receive",Weirton,,,,,,,,,,,,,,,,,,,,,,,,20,,,,,,,,,20,10,,,,,,,,,,,,,,,,,,,,,,,,,,,,,
04/22/2026,"Transfer and Receive","Washington Square",,,,,,,,,,,,,,,,,,,,,,,,,,,,,,,,,,,,,,,,,,,,,,,,,,,,,,,,,,,,,,,
04/22/2026,"Transfer and Receive","North Olmsted",,,,,,,,,,,,,,,,,,,,,,,,,,,,,,,,,25,25,,,6,,,,,,,,,,,,,,,,,,,,,,,,,,
04/22/2026,"Transfer and Receive",University,,,,,,,,,,,,,,,,,,,,,,,,,,,,,,,,,25,25,2,,,,,,,,,,,,,,,,,,,,,,,,,,,,
04/22/2026,"Transfer and Receive",Massillon,,,,,,,,,,,,,,,,,,,,,,,,,,,,,,,,,20,,,8,'-1,,,,,,,,,,,,,,,,,,,,,,,,,,
04/22/2026,"Transfer and Receive","Snow Road",,,,,,,,,,,,,,,,,,,,,,,,,,,,,,,,,,,,6,4,,,,,,,,,,,,,,,,,,,,,,,,,,"would like raw from north Olmsted or strongsville if possible, please and thank you"
04/22/2026,"Transfer and Receive",Painesville,,,,,,,,,,,,,,,,,,,,,,,,,,,,,,,,,20,20,,,,,,,,,,,,,,,,,,,,,,,,,,,,,
